0 verbose cli /usr/bin/node /usr/bin/npm
1 info using npm@9.2.0
2 info using node@v20.19.2
3 timing npm:load:whichnode Completed in 1ms
4 timing config:load:defaults Completed in 2ms
5 timing config:load:file:/usr/share/nodejs/npm/npmrc Completed in 6ms
6 timing config:load:builtin Completed in 6ms
7 timing config:load:cli Completed in 2ms
8 timing config:load:env Completed in 0ms
9 timing config:load:project Completed in 6ms
10 timing config:load:file:/var/www/.npmrc Completed in 1ms
11 timing config:load:user Completed in 2ms
12 timing config:load:file:/etc/npmrc Completed in 0ms
13 timing config:load:global Completed in 0ms
14 timing config:load:setEnvs Completed in 3ms
15 timing config:load Completed in 24ms
16 timing npm:load:configload Completed in 24ms
17 timing npm:load:mkdirpcache Completed in 9ms
18 timing npm:load:mkdirplogs Completed in 4ms
19 verbose title npm install
20 verbose argv "install"
21 timing npm:load:setTitle Completed in 2ms
22 timing config:load:flatten Completed in 3ms
23 timing npm:load:display Completed in 7ms
24 verbose logfile logs-max:10 dir:/var/www/.npm/_logs/2025-12-06T13_30_11_460Z-
25 verbose logfile /var/www/.npm/_logs/2025-12-06T13_30_11_460Z-debug-0.log
26 timing npm:load:logFile Completed in 40ms
27 timing npm:load:timers Completed in 1ms
28 timing npm:load:configScope Completed in 0ms
29 timing npm:load Completed in 89ms
30 silly logfile done cleaning log files
31 timing config:load:flatten Completed in 1ms
32 timing arborist:ctor Completed in 2ms
33 timing arborist:ctor Completed in 1ms
34 timing idealTree:init Completed in 28ms
35 timing idealTree:userRequests Completed in 1ms
36 silly idealTree buildDeps
37 silly fetch manifest @headlessui/react@^2.0.0
38 http fetch GET 200 https://registry.npmjs.org/@headlessui%2freact 1985ms (cache miss)
39 silly fetch manifest react@^18.2.0
40 http fetch GET 200 https://registry.npmjs.org/react 460ms (cache miss)
41 silly fetch manifest react-dom@^18.2.0
42 http fetch GET 200 https://registry.npmjs.org/react-dom 462ms (cache miss)
43 silly fetch manifest @inertiajs/react@^2.0.0
44 http fetch GET 200 https://registry.npmjs.org/@inertiajs%2freact 1745ms (cache miss)
45 silly fetch manifest @tailwindcss/forms@^0.5.3
46 http fetch GET 200 https://registry.npmjs.org/@tailwindcss%2fforms 452ms (cache miss)
47 silly fetch manifest tailwindcss@^3.2.1
48 http fetch GET 200 https://registry.npmjs.org/tailwindcss 602ms (cache miss)
49 silly fetch manifest @vitejs/plugin-react@^4.2.0
50 http fetch GET 200 https://registry.npmjs.org/@vitejs%2fplugin-react 590ms (cache miss)
51 silly fetch manifest vite@^5.0.0
52 http fetch GET 200 https://registry.npmjs.org/vite 378ms (cache miss)
53 silly fetch manifest @types/node@^18.0.0 || >=20.0.0
54 http fetch GET 200 https://registry.npmjs.org/@types%2fnode 655ms (cache miss)
55 silly fetch manifest less@*
56 http fetch GET 200 https://registry.npmjs.org/less 524ms (cache miss)
57 silly fetch manifest lightningcss@^1.21.0
58 http fetch GET 200 https://registry.npmjs.org/lightningcss 198ms (cache miss)
59 silly fetch manifest sass@*
60 http fetch GET 200 https://registry.npmjs.org/sass 380ms (cache miss)
61 silly fetch manifest sass-embedded@*
62 http fetch GET 200 https://registry.npmjs.org/sass-embedded 275ms (cache miss)
63 silly fetch manifest stylus@*
64 http fetch GET 200 https://registry.npmjs.org/stylus 320ms (cache miss)
65 silly fetch manifest sugarss@*
66 http fetch GET 200 https://registry.npmjs.org/sugarss 201ms (cache miss)
67 silly fetch manifest postcss@^8.4.31
68 http fetch GET 200 https://registry.npmjs.org/postcss 521ms (cache miss)
69 silly fetch manifest terser@^5.4.0
70 http fetch GET 200 https://registry.npmjs.org/terser 550ms (cache miss)
71 silly fetch manifest autoprefixer@^10.4.12
72 http fetch GET 200 https://registry.npmjs.org/autoprefixer 279ms (cache miss)
73 silly fetch manifest axios@^1.6.4
74 http fetch GET 200 https://registry.npmjs.org/axios 317ms (cache miss)
75 silly fetch manifest laravel-vite-plugin@^1.0
76 http fetch GET 200 https://registry.npmjs.org/laravel-vite-plugin 194ms (cache miss)
77 silly placeDep ROOT @headlessui/react@2.2.9 OK for:  want: ^2.0.0
78 silly placeDep ROOT react@18.3.1 OK for: @headlessui/react@2.2.9 want: ^18 || ^19 || ^19.0.0-rc
79 silly placeDep ROOT react-dom@18.3.1 OK for: @headlessui/react@2.2.9 want: ^18 || ^19 || ^19.0.0-rc
80 silly placeDep ROOT @inertiajs/react@2.2.19 OK for:  want: ^2.0.0
81 silly placeDep ROOT @tailwindcss/forms@0.5.10 OK for:  want: ^0.5.3
82 silly placeDep ROOT tailwindcss@3.4.18 OK for: @tailwindcss/forms@0.5.10 want: >=3.0.0 || >= 3.0.0-alpha.1 || >= 4.0.0-alpha.20 || >= 4.0.0-beta.1
83 silly placeDep ROOT @vitejs/plugin-react@4.7.0 OK for:  want: ^4.2.0
84 silly placeDep ROOT vite@5.4.21 OK for: @vitejs/plugin-react@4.7.0 want: ^4.2.0 || ^5.0.0 || ^6.0.0 || ^7.0.0
85 silly placeDep ROOT autoprefixer@10.4.22 OK for:  want: ^10.4.12
86 silly placeDep ROOT postcss@8.5.6 OK for: autoprefixer@10.4.22 want: ^8.1.0
87 silly placeDep ROOT axios@1.13.2 OK for:  want: ^1.6.4
88 silly placeDep ROOT laravel-vite-plugin@1.3.0 OK for:  want: ^1.0
89 silly fetch manifest @react-aria/focus@^3.20.2
90 silly fetch manifest @floating-ui/react@^0.26.16
91 silly fetch manifest @tanstack/react-virtual@^3.13.9
92 silly fetch manifest use-sync-external-store@^1.5.0
93 silly fetch manifest @react-aria/interactions@^3.25.0
94 silly fetch manifest scheduler@^0.23.2
95 silly fetch manifest loose-envify@^1.1.0
96 silly fetch manifest @types/lodash-es@^4.17.12
97 silly fetch manifest lodash-es@^4.17.21
98 silly fetch manifest @inertiajs/core@2.2.19
99 silly fetch manifest mini-svg-data-uri@^1.2.3
100 silly fetch manifest arg@^5.0.2
101 silly fetch manifest dlv@^1.1.3
102 silly fetch manifest jiti@^1.21.7
103 silly fetch manifest is-glob@^4.0.3
104 silly fetch manifest resolve@^1.22.8
105 silly fetch manifest sucrase@^3.35.0
106 silly fetch manifest chokidar@^3.6.0
107 silly fetch manifest fast-glob@^3.3.2
108 silly fetch manifest lilconfig@^3.1.3
109 silly fetch manifest didyoumean@^1.2.2
110 silly fetch manifest micromatch@^4.0.8
111 silly fetch manifest picocolors@^1.1.1
112 silly fetch manifest postcss-js@^4.0.1
113 silly fetch manifest glob-parent@^6.0.2
114 silly fetch manifest object-hash@^3.0.0
115 silly fetch manifest normalize-path@^3.0.0
116 silly fetch manifest postcss-import@^15.1.0
117 silly fetch manifest postcss-nested@^6.2.0
118 silly fetch manifest @alloc/quick-lru@^5.2.0
119 silly fetch manifest postcss-load-config@^4.0.2 || ^5.0 || ^6.0
120 silly fetch manifest postcss-selector-parser@^6.1.2
121 silly fetch manifest @babel/core@^7.28.0
122 silly fetch manifest react-refresh@^0.17.0
123 silly fetch manifest @types/babel__core@^7.20.5
124 silly fetch manifest @rolldown/pluginutils@1.0.0-beta.27
125 silly fetch manifest @babel/plugin-transform-react-jsx-self@^7.27.1
126 silly fetch manifest @babel/plugin-transform-react-jsx-source@^7.27.1
127 silly fetch manifest rollup@^4.20.0
128 silly fetch manifest esbuild@^0.21.3
129 silly fetch manifest fsevents@~2.3.3
130 silly fetch manifest browserslist@^4.27.0
131 silly fetch manifest caniuse-lite@^1.0.30001754
132 silly fetch manifest fraction.js@^5.3.4
133 silly fetch manifest normalize-range@^0.1.2
134 silly fetch manifest postcss-value-parser@^4.2.0
135 silly fetch manifest nanoid@^3.3.11
136 silly fetch manifest source-map-js@^1.2.1
137 silly fetch manifest follow-redirects@^1.15.6
138 silly fetch manifest form-data@^4.0.4
139 silly fetch manifest proxy-from-env@^1.1.0
140 silly fetch manifest picocolors@^1.0.0
141 silly fetch manifest vite-plugin-full-reload@^1.1.0
142 http fetch GET 200 https://registry.npmjs.org/loose-envify 463ms (cache miss)
143 http fetch GET 200 https://registry.npmjs.org/dlv 877ms (cache miss)
144 http fetch GET 200 https://registry.npmjs.org/@types%2flodash-es 927ms (cache miss)
145 http fetch GET 200 https://registry.npmjs.org/is-glob 947ms (cache miss)
146 http fetch GET 200 https://registry.npmjs.org/arg 955ms (cache miss)
147 http fetch GET 200 https://registry.npmjs.org/mini-svg-data-uri 968ms (cache miss)
148 http fetch GET 200 https://registry.npmjs.org/lodash-es 1094ms (cache miss)
149 http fetch GET 200 https://registry.npmjs.org/@inertiajs%2fcore 1131ms (cache miss)
150 http fetch GET 200 https://registry.npmjs.org/didyoumean 1119ms (cache miss)
151 http fetch GET 200 https://registry.npmjs.org/picocolors 1133ms (cache miss)
152 http fetch GET 200 https://registry.npmjs.org/@floating-ui%2freact 1348ms (cache miss)
153 http fetch GET 200 https://registry.npmjs.org/fast-glob 1476ms (cache miss)
154 http fetch GET 200 https://registry.npmjs.org/lilconfig 1518ms (cache miss)
155 http fetch GET 200 https://registry.npmjs.org/postcss-import 1511ms (cache miss)
156 http fetch GET 200 https://registry.npmjs.org/glob-parent 1519ms (cache miss)
157 http fetch GET 200 https://registry.npmjs.org/postcss-js 1522ms (cache miss)
158 http fetch GET 200 https://registry.npmjs.org/micromatch 1567ms (cache miss)
159 http fetch GET 200 https://registry.npmjs.org/object-hash 1585ms (cache miss)
160 http fetch GET 200 https://registry.npmjs.org/postcss-load-config 1640ms (cache miss)
161 http fetch GET 200 https://registry.npmjs.org/normalize-path 1649ms (cache miss)
162 http fetch GET 200 https://registry.npmjs.org/@alloc%2fquick-lru 1645ms (cache miss)
163 http fetch GET 200 https://registry.npmjs.org/postcss-nested 1681ms (cache miss)
164 http fetch GET 200 https://registry.npmjs.org/normalize-range 1661ms (cache miss)
165 http fetch GET 200 https://registry.npmjs.org/picocolors 1658ms (cache miss)
166 http fetch GET 200 https://registry.npmjs.org/proxy-from-env 1682ms (cache miss)
167 http fetch GET 200 https://registry.npmjs.org/@rolldown%2fpluginutils 1711ms (cache miss)
168 http fetch GET 200 https://registry.npmjs.org/source-map-js 1708ms (cache miss)
169 http fetch GET 200 https://registry.npmjs.org/sucrase 1759ms (cache miss)
170 http fetch GET 200 https://registry.npmjs.org/@types%2fbabel__core 1739ms (cache miss)
171 http fetch GET 200 https://registry.npmjs.org/@babel%2fplugin-transform-react-jsx-self 1747ms (cache miss)
172 http fetch GET 200 https://registry.npmjs.org/postcss-value-parser 1736ms (cache miss)
173 http fetch GET 200 https://registry.npmjs.org/fraction.js 1746ms (cache miss)
174 http fetch GET 200 https://registry.npmjs.org/form-data 1736ms (cache miss)
175 http fetch GET 200 https://registry.npmjs.org/chokidar 1791ms (cache miss)
176 http fetch GET 200 https://registry.npmjs.org/@babel%2fplugin-transform-react-jsx-source 1777ms (cache miss)
177 http fetch GET 200 https://registry.npmjs.org/@tanstack%2freact-virtual 1831ms (cache miss)
178 http fetch GET 200 https://registry.npmjs.org/follow-redirects 1763ms (cache miss)
179 http fetch GET 200 https://registry.npmjs.org/jiti 1821ms (cache miss)
180 http fetch GET 200 https://registry.npmjs.org/postcss-selector-parser 1811ms (cache miss)
181 http fetch GET 200 https://registry.npmjs.org/nanoid 1836ms (cache miss)
182 http fetch GET 200 https://registry.npmjs.org/fsevents 1855ms (cache miss)
183 http fetch GET 200 https://registry.npmjs.org/resolve 1913ms (cache miss)
184 http fetch GET 200 https://registry.npmjs.org/browserslist 1881ms (cache miss)
185 http fetch GET 200 https://registry.npmjs.org/@babel%2fcore 1948ms (cache miss)
186 http fetch GET 200 https://registry.npmjs.org/esbuild 2002ms (cache miss)
187 http fetch GET 200 https://registry.npmjs.org/vite-plugin-full-reload 1992ms (cache miss)
188 http fetch GET 200 https://registry.npmjs.org/caniuse-lite 2047ms (cache miss)
189 http fetch GET 200 https://registry.npmjs.org/@react-aria%2finteractions 2125ms (cache miss)
190 http fetch GET 200 https://registry.npmjs.org/@react-aria%2ffocus 2150ms (cache miss)
191 http fetch GET 200 https://registry.npmjs.org/use-sync-external-store 2202ms (cache miss)
192 http fetch GET 200 https://registry.npmjs.org/rollup 2187ms (cache miss)
193 http fetch GET 200 https://registry.npmjs.org/scheduler 2291ms (cache miss)
194 http fetch GET 200 https://registry.npmjs.org/react-refresh 2288ms (cache miss)
195 timing idealTree:#root Completed in 13876ms
196 silly fetch manifest react@^18 || ^19 || ^19.0.0-rc
197 silly fetch manifest react-dom@^18 || ^19 || ^19.0.0-rc
198 silly placeDep ROOT @floating-ui/react@0.26.28 OK for: @headlessui/react@2.2.9 want: ^0.26.16
199 silly placeDep ROOT @react-aria/focus@3.21.2 OK for: @headlessui/react@2.2.9 want: ^3.20.2
200 silly placeDep ROOT @react-aria/interactions@3.25.6 OK for: @headlessui/react@2.2.9 want: ^3.25.0
201 silly placeDep ROOT @tanstack/react-virtual@3.13.12 OK for: @headlessui/react@2.2.9 want: ^3.13.9
202 silly placeDep ROOT use-sync-external-store@1.6.0 OK for: @headlessui/react@2.2.9 want: ^1.5.0
203 silly fetch manifest tabbable@^6.0.0
204 silly fetch manifest @floating-ui/utils@^0.2.8
205 silly fetch manifest @floating-ui/react-dom@^2.1.2
206 silly fetch manifest clsx@^2.0.0
207 silly fetch manifest @swc/helpers@^0.5.0
208 silly fetch manifest @react-aria/utils@^3.31.0
209 silly fetch manifest @react-types/shared@^3.32.1
210 silly fetch manifest @react-aria/ssr@^3.9.10
211 silly fetch manifest @react-stately/flags@^3.1.2
212 silly fetch manifest @tanstack/virtual-core@3.13.12
213 http fetch GET 200 https://registry.npmjs.org/@floating-ui%2futils 263ms (cache miss)
214 http fetch GET 200 https://registry.npmjs.org/@swc%2fhelpers 260ms (cache miss)
215 http fetch GET 200 https://registry.npmjs.org/clsx 264ms (cache miss)
216 http fetch GET 200 https://registry.npmjs.org/tabbable 281ms (cache miss)
217 http fetch GET 200 https://registry.npmjs.org/@floating-ui%2freact-dom 281ms (cache miss)
218 http fetch GET 200 https://registry.npmjs.org/@react-types%2fshared 442ms (cache miss)
219 http fetch GET 200 https://registry.npmjs.org/@tanstack%2fvirtual-core 452ms (cache miss)
220 http fetch GET 200 https://registry.npmjs.org/@react-stately%2fflags 525ms (cache miss)
221 http fetch GET 200 https://registry.npmjs.org/@react-aria%2fssr 566ms (cache miss)
222 http fetch GET 200 https://registry.npmjs.org/@react-aria%2futils 586ms (cache miss)
223 timing idealTree:node_modules/@headlessui/react Completed in 636ms
224 silly fetch manifest react@>=16.8.0
225 silly fetch manifest react-dom@>=16.8.0
226 silly placeDep ROOT @floating-ui/react-dom@2.1.6 OK for: @floating-ui/react@0.26.28 want: ^2.1.2
227 silly placeDep ROOT @floating-ui/utils@0.2.10 OK for: @floating-ui/react@0.26.28 want: ^0.2.8
228 silly placeDep ROOT tabbable@6.3.0 OK for: @floating-ui/react@0.26.28 want: ^6.0.0
229 silly fetch manifest @floating-ui/dom@^1.7.4
230 http fetch GET 200 https://registry.npmjs.org/@floating-ui%2fdom 270ms (cache miss)
231 timing idealTree:node_modules/@floating-ui/react Completed in 283ms
232 silly placeDep ROOT @floating-ui/dom@1.7.4 OK for: @floating-ui/react-dom@2.1.6 want: ^1.7.4
233 silly fetch manifest @floating-ui/core@^1.7.3
234 http fetch GET 200 https://registry.npmjs.org/@floating-ui%2fcore 425ms (cache miss)
235 timing idealTree:node_modules/@floating-ui/react-dom Completed in 433ms
236 silly placeDep ROOT @floating-ui/core@1.7.3 OK for: @floating-ui/dom@1.7.4 want: ^1.7.3
237 timing idealTree:node_modules/@floating-ui/dom Completed in 4ms
238 timing idealTree:node_modules/@floating-ui/core Completed in 0ms
239 timing idealTree:node_modules/@floating-ui/utils Completed in 0ms
240 silly placeDep ROOT @inertiajs/core@2.2.19 OK for: @inertiajs/react@2.2.19 want: 2.2.19
241 silly placeDep ROOT @types/lodash-es@4.17.12 OK for: @inertiajs/react@2.2.19 want: ^4.17.12
242 silly placeDep ROOT lodash-es@4.17.21 OK for: @inertiajs/react@2.2.19 want: ^4.17.21
243 silly fetch manifest qs@^6.14.0
244 silly fetch manifest @types/lodash@*
245 http fetch GET 200 https://registry.npmjs.org/qs 586ms (cache miss)
246 http fetch GET 200 https://registry.npmjs.org/@types%2flodash 587ms (cache miss)
247 timing idealTree:node_modules/@inertiajs/react Completed in 600ms
248 silly placeDep ROOT qs@6.14.0 OK for: @inertiajs/core@2.2.19 want: ^6.14.0
249 silly fetch manifest side-channel@^1.1.0
250 http fetch GET 200 https://registry.npmjs.org/side-channel 168ms (cache miss)
251 timing idealTree:node_modules/@inertiajs/core Completed in 173ms
252 silly fetch manifest react@^16.8.0 || ^17.0.0-rc.1 || ^18.0.0 || ^19.0.0-rc.1
253 silly fetch manifest react-dom@^16.8.0 || ^17.0.0-rc.1 || ^18.0.0 || ^19.0.0-rc.1
254 silly placeDep ROOT @react-aria/utils@3.31.0 OK for: @react-aria/focus@3.21.2 want: ^3.31.0
255 silly placeDep ROOT @react-types/shared@3.32.1 OK for: @react-aria/focus@3.21.2 want: ^3.32.1
256 silly placeDep ROOT @swc/helpers@0.5.17 OK for: @react-aria/focus@3.21.2 want: ^0.5.0
257 silly placeDep ROOT clsx@2.1.1 OK for: @react-aria/focus@3.21.2 want: ^2.0.0
258 silly fetch manifest @react-stately/utils@^3.10.8
259 silly fetch manifest tslib@^2.8.0
260 http fetch GET 200 https://registry.npmjs.org/tslib 161ms (cache miss)
261 http fetch GET 200 https://registry.npmjs.org/@react-stately%2futils 765ms (cache miss)
262 timing idealTree:node_modules/@react-aria/focus Completed in 794ms
263 silly placeDep ROOT @react-aria/ssr@3.9.10 OK for: @react-aria/interactions@3.25.6 want: ^3.9.10
264 silly placeDep ROOT @react-stately/flags@3.1.2 OK for: @react-aria/interactions@3.25.6 want: ^3.1.2
265 timing idealTree:node_modules/@react-aria/interactions Completed in 8ms
266 timing idealTree:node_modules/@react-aria/ssr Completed in 0ms
267 silly placeDep ROOT @react-stately/utils@3.10.8 OK for: @react-aria/utils@3.31.0 want: ^3.10.8
268 timing idealTree:node_modules/@react-aria/utils Completed in 5ms
269 timing idealTree:node_modules/@react-stately/flags Completed in 0ms
270 timing idealTree:node_modules/@react-stately/utils Completed in 0ms
271 timing idealTree:node_modules/@react-types/shared Completed in 0ms
272 silly placeDep ROOT tslib@2.8.1 OK for: @swc/helpers@0.5.17 want: ^2.8.0
273 timing idealTree:node_modules/@swc/helpers Completed in 2ms
274 silly placeDep ROOT mini-svg-data-uri@1.4.4 OK for: @tailwindcss/forms@0.5.10 want: ^1.2.3
275 timing idealTree:node_modules/@tailwindcss/forms Completed in 2ms
276 silly placeDep ROOT @tanstack/virtual-core@3.13.12 OK for: @tanstack/react-virtual@3.13.12 want: 3.13.12
277 timing idealTree:node_modules/@tanstack/react-virtual Completed in 4ms
278 timing idealTree:node_modules/@tanstack/virtual-core Completed in 0ms
279 silly placeDep ROOT @types/lodash@4.17.21 OK for: @types/lodash-es@4.17.12 want: *
280 timing idealTree:node_modules/@types/lodash-es Completed in 2ms
281 timing idealTree:node_modules/@types/lodash Completed in 0ms
282 silly placeDep ROOT @babel/core@7.28.5 OK for: @vitejs/plugin-react@4.7.0 want: ^7.28.0
283 silly placeDep ROOT @babel/plugin-transform-react-jsx-self@7.27.1 OK for: @vitejs/plugin-react@4.7.0 want: ^7.27.1
284 silly placeDep ROOT @babel/plugin-transform-react-jsx-source@7.27.1 OK for: @vitejs/plugin-react@4.7.0 want: ^7.27.1
285 silly placeDep ROOT @rolldown/pluginutils@1.0.0-beta.27 OK for: @vitejs/plugin-react@4.7.0 want: 1.0.0-beta.27
286 silly placeDep ROOT @types/babel__core@7.20.5 OK for: @vitejs/plugin-react@4.7.0 want: ^7.20.5
287 silly placeDep ROOT react-refresh@0.17.0 OK for: @vitejs/plugin-react@4.7.0 want: ^0.17.0
288 silly fetch manifest @babel/code-frame@^7.27.1
289 silly fetch manifest @babel/generator@^7.28.5
290 silly fetch manifest @babel/helper-compilation-targets@^7.27.2
291 silly fetch manifest @babel/helper-module-transforms@^7.28.3
292 silly fetch manifest @babel/helpers@^7.28.4
293 silly fetch manifest @babel/parser@^7.28.5
294 silly fetch manifest @babel/template@^7.27.2
295 silly fetch manifest @babel/traverse@^7.28.5
296 silly fetch manifest @babel/types@^7.28.5
297 silly fetch manifest @jridgewell/remapping@^2.3.5
298 silly fetch manifest convert-source-map@^2.0.0
299 silly fetch manifest debug@^4.1.0
300 silly fetch manifest gensync@^1.0.0-beta.2
301 silly fetch manifest json5@^2.2.3
302 silly fetch manifest semver@^6.3.1
303 silly fetch manifest @babel/helper-plugin-utils@^7.27.1
304 silly fetch manifest @babel/types@^7.20.7
305 silly fetch manifest @babel/parser@^7.20.7
306 silly fetch manifest @types/babel__template@*
307 silly fetch manifest @types/babel__traverse@*
308 silly fetch manifest @types/babel__generator@*
309 http fetch GET 200 https://registry.npmjs.org/convert-source-map 204ms (cache miss)
310 http fetch GET 200 https://registry.npmjs.org/json5 591ms (cache miss)
311 http fetch GET 200 https://registry.npmjs.org/gensync 623ms (cache miss)
312 http fetch GET 200 https://registry.npmjs.org/@jridgewell%2fremapping 640ms (cache miss)
313 http fetch GET 200 https://registry.npmjs.org/debug 638ms (cache miss)
314 http fetch GET 200 https://registry.npmjs.org/@types%2fbabel__template 646ms (cache miss)
315 http fetch GET 200 https://registry.npmjs.org/@babel%2fhelper-compilation-targets 684ms (cache miss)
316 http fetch GET 200 https://registry.npmjs.org/@babel%2fcode-frame 691ms (cache miss)
317 http fetch GET 200 https://registry.npmjs.org/@babel%2fhelper-plugin-utils 665ms (cache miss)
318 http fetch GET 200 https://registry.npmjs.org/@types%2fbabel__traverse 669ms (cache miss)
319 http fetch GET 200 https://registry.npmjs.org/@babel%2ftemplate 704ms (cache miss)
320 http fetch GET 200 https://registry.npmjs.org/@types%2fbabel__generator 684ms (cache miss)
321 http fetch GET 200 https://registry.npmjs.org/@babel%2fhelper-module-transforms 723ms (cache miss)
322 http fetch GET 200 https://registry.npmjs.org/semver 715ms (cache miss)
323 http fetch GET 200 https://registry.npmjs.org/@babel%2fhelpers 750ms (cache miss)
324 http fetch GET 200 https://registry.npmjs.org/@babel%2ftraverse 752ms (cache miss)
325 http fetch GET 200 https://registry.npmjs.org/@babel%2ftypes 757ms (cache miss)
326 http fetch GET 200 https://registry.npmjs.org/@babel%2fgenerator 773ms (cache miss)
327 http fetch GET 200 https://registry.npmjs.org/@babel%2fparser 774ms (cache miss)
328 http fetch GET 200 https://registry.npmjs.org/@babel%2fparser 770ms (cache miss)
329 http fetch GET 200 https://registry.npmjs.org/@babel%2ftypes 778ms (cache miss)
330 timing idealTree:node_modules/@vitejs/plugin-react Completed in 828ms
331 silly fetch manifest @babel/core@^7.0.0
332 silly placeDep ROOT @babel/code-frame@7.27.1 OK for: @babel/core@7.28.5 want: ^7.27.1
333 silly placeDep ROOT @babel/generator@7.28.5 OK for: @babel/core@7.28.5 want: ^7.28.5
334 silly placeDep ROOT @babel/helper-compilation-targets@7.27.2 OK for: @babel/core@7.28.5 want: ^7.27.2
335 silly placeDep ROOT @babel/helper-module-transforms@7.28.3 OK for: @babel/core@7.28.5 want: ^7.28.3
336 silly placeDep ROOT @babel/helpers@7.28.4 OK for: @babel/core@7.28.5 want: ^7.28.4
337 silly placeDep ROOT @babel/parser@7.28.5 OK for: @babel/core@7.28.5 want: ^7.28.5
338 silly placeDep ROOT @babel/template@7.27.2 OK for: @babel/core@7.28.5 want: ^7.27.2
339 silly placeDep ROOT @babel/traverse@7.28.5 OK for: @babel/core@7.28.5 want: ^7.28.5
340 silly placeDep ROOT @babel/types@7.28.5 OK for: @babel/core@7.28.5 want: ^7.28.5
341 silly placeDep ROOT @jridgewell/remapping@2.3.5 OK for: @babel/core@7.28.5 want: ^2.3.5
342 silly placeDep ROOT convert-source-map@2.0.0 OK for: @babel/core@7.28.5 want: ^2.0.0
343 silly placeDep ROOT debug@4.4.3 OK for: @babel/core@7.28.5 want: ^4.1.0
344 silly placeDep ROOT gensync@1.0.0-beta.2 OK for: @babel/core@7.28.5 want: ^1.0.0-beta.2
345 silly placeDep ROOT json5@2.2.3 OK for: @babel/core@7.28.5 want: ^2.2.3
346 silly placeDep ROOT semver@6.3.1 OK for: @babel/core@7.28.5 want: ^6.3.1
347 silly fetch manifest js-tokens@^4.0.0
348 silly fetch manifest @babel/helper-validator-identifier@^7.27.1
349 silly fetch manifest @jridgewell/gen-mapping@^0.3.12
350 silly fetch manifest @jridgewell/trace-mapping@^0.3.28
351 silly fetch manifest jsesc@^3.0.2
352 silly fetch manifest lru-cache@^5.1.1
353 silly fetch manifest browserslist@^4.24.0
354 silly fetch manifest @babel/compat-data@^7.27.2
355 silly fetch manifest @babel/helper-validator-option@^7.27.1
356 silly fetch manifest @babel/helper-module-imports@^7.27.1
357 silly fetch manifest @babel/helper-globals@^7.28.0
358 silly fetch manifest @babel/helper-string-parser@^7.27.1
359 silly fetch manifest @babel/helper-validator-identifier@^7.28.5
360 silly fetch manifest @jridgewell/gen-mapping@^0.3.5
361 silly fetch manifest @jridgewell/trace-mapping@^0.3.24
362 silly fetch manifest ms@^2.1.3
363 http fetch GET 200 https://registry.npmjs.org/js-tokens 190ms (cache miss)
364 http fetch GET 200 https://registry.npmjs.org/@babel%2fhelper-validator-identifier 339ms (cache miss)
365 http fetch GET 200 https://registry.npmjs.org/@babel%2fhelper-globals 348ms (cache miss)
366 http fetch GET 200 https://registry.npmjs.org/@babel%2fhelper-string-parser 349ms (cache miss)
367 http fetch GET 200 https://registry.npmjs.org/@babel%2fhelper-validator-option 356ms (cache miss)
368 http fetch GET 200 https://registry.npmjs.org/@babel%2fhelper-validator-identifier 365ms (cache miss)
369 http fetch GET 200 https://registry.npmjs.org/@jridgewell%2fgen-mapping 353ms (cache miss)
370 http fetch GET 200 https://registry.npmjs.org/@jridgewell%2ftrace-mapping 368ms (cache miss)
371 http fetch GET 200 https://registry.npmjs.org/ms 354ms (cache miss)
372 http fetch GET 200 https://registry.npmjs.org/jsesc 371ms (cache miss)
373 http fetch GET 200 https://registry.npmjs.org/@jridgewell%2fgen-mapping 374ms (cache miss)
374 http fetch GET 200 https://registry.npmjs.org/@jridgewell%2ftrace-mapping 361ms (cache miss)
375 http fetch GET 200 https://registry.npmjs.org/@babel%2fhelper-module-imports 387ms (cache miss)
376 http fetch GET 200 https://registry.npmjs.org/@babel%2fcompat-data 395ms (cache miss)
377 http fetch GET 200 https://registry.npmjs.org/lru-cache 401ms (cache miss)
378 timing idealTree:node_modules/@babel/core Completed in 443ms
379 silly placeDep ROOT @babel/helper-validator-identifier@7.28.5 OK for: @babel/code-frame@7.27.1 want: ^7.27.1
380 silly placeDep ROOT js-tokens@4.0.0 OK for: @babel/code-frame@7.27.1 want: ^4.0.0
381 silly placeDep ROOT picocolors@1.1.1 OK for: @babel/code-frame@7.27.1 want: ^1.1.1
382 timing idealTree:node_modules/@babel/code-frame Completed in 7ms
383 silly placeDep ROOT @jridgewell/gen-mapping@0.3.13 OK for: @babel/generator@7.28.5 want: ^0.3.12
384 silly placeDep ROOT @jridgewell/trace-mapping@0.3.31 OK for: @babel/generator@7.28.5 want: ^0.3.28
385 silly placeDep ROOT jsesc@3.1.0 OK for: @babel/generator@7.28.5 want: ^3.0.2
386 silly fetch manifest @jridgewell/sourcemap-codec@^1.5.0
387 silly fetch manifest @jridgewell/resolve-uri@^3.1.0
388 silly fetch manifest @jridgewell/sourcemap-codec@^1.4.14
389 http fetch GET 200 https://registry.npmjs.org/@jridgewell%2fsourcemap-codec 228ms (cache miss)
390 http fetch GET 200 https://registry.npmjs.org/@jridgewell%2fsourcemap-codec 227ms (cache miss)
391 http fetch GET 200 https://registry.npmjs.org/@jridgewell%2fresolve-uri 231ms (cache miss)
392 timing idealTree:node_modules/@babel/generator Completed in 242ms
393 silly placeDep ROOT @babel/compat-data@7.28.5 OK for: @babel/helper-compilation-targets@7.27.2 want: ^7.27.2
394 silly placeDep ROOT @babel/helper-validator-option@7.27.1 OK for: @babel/helper-compilation-targets@7.27.2 want: ^7.27.1
395 silly placeDep ROOT browserslist@4.28.1 OK for: @babel/helper-compilation-targets@7.27.2 want: ^4.24.0
396 silly placeDep ROOT lru-cache@5.1.1 OK for: @babel/helper-compilation-targets@7.27.2 want: ^5.1.1
397 silly fetch manifest baseline-browser-mapping@^2.9.0
398 silly fetch manifest caniuse-lite@^1.0.30001759
399 silly fetch manifest electron-to-chromium@^1.5.263
400 silly fetch manifest node-releases@^2.0.27
401 silly fetch manifest update-browserslist-db@^1.2.0
402 silly fetch manifest yallist@^3.0.2
403 http fetch GET 200 https://registry.npmjs.org/yallist 264ms (cache miss)
404 http fetch GET 200 https://registry.npmjs.org/update-browserslist-db 288ms (cache miss)
405 http fetch GET 200 https://registry.npmjs.org/node-releases 293ms (cache miss)
406 http fetch GET 200 https://registry.npmjs.org/baseline-browser-mapping 300ms (cache miss)
407 http fetch GET 200 https://registry.npmjs.org/electron-to-chromium 474ms (cache miss)
408 timing idealTree:node_modules/@babel/helper-compilation-targets Completed in 506ms
409 timing idealTree:node_modules/@babel/compat-data Completed in 0ms
410 silly placeDep ROOT @babel/helper-module-imports@7.27.1 OK for: @babel/helper-module-transforms@7.28.3 want: ^7.27.1
411 timing idealTree:node_modules/@babel/helper-module-transforms Completed in 2ms
412 timing idealTree:node_modules/@babel/helper-module-imports Completed in 0ms
413 timing idealTree:node_modules/@babel/helper-validator-identifier Completed in 0ms
414 timing idealTree:node_modules/@babel/helper-validator-option Completed in 0ms
415 timing idealTree:node_modules/@babel/helpers Completed in 0ms
416 timing idealTree:node_modules/@babel/parser Completed in 0ms
417 silly placeDep ROOT @babel/helper-plugin-utils@7.27.1 OK for: @babel/plugin-transform-react-jsx-self@7.27.1 want: ^7.27.1
418 timing idealTree:node_modules/@babel/plugin-transform-react-jsx-self Completed in 2ms
419 timing idealTree:node_modules/@babel/helper-plugin-utils Completed in 0ms
420 timing idealTree:node_modules/@babel/plugin-transform-react-jsx-source Completed in 0ms
421 timing idealTree:node_modules/@babel/template Completed in 1ms
422 silly placeDep ROOT @babel/helper-globals@7.28.0 OK for: @babel/traverse@7.28.5 want: ^7.28.0
423 timing idealTree:node_modules/@babel/traverse Completed in 3ms
424 timing idealTree:node_modules/@babel/helper-globals Completed in 0ms
425 silly placeDep ROOT @babel/helper-string-parser@7.27.1 OK for: @babel/types@7.28.5 want: ^7.27.1
426 timing idealTree:node_modules/@babel/types Completed in 2ms
427 timing idealTree:node_modules/@babel/helper-string-parser Completed in 0ms
428 silly placeDep ROOT @jridgewell/sourcemap-codec@1.5.5 OK for: @jridgewell/gen-mapping@0.3.13 want: ^1.5.0
429 timing idealTree:node_modules/@jridgewell/gen-mapping Completed in 2ms
430 timing idealTree:node_modules/@jridgewell/remapping Completed in 0ms
431 timing idealTree:node_modules/@jridgewell/sourcemap-codec Completed in 0ms
432 silly placeDep ROOT @jridgewell/resolve-uri@3.1.2 OK for: @jridgewell/trace-mapping@0.3.31 want: ^3.1.0
433 timing idealTree:node_modules/@jridgewell/trace-mapping Completed in 2ms
434 timing idealTree:node_modules/@jridgewell/resolve-uri Completed in 0ms
435 timing idealTree:node_modules/@rolldown/pluginutils Completed in 0ms
436 silly placeDep ROOT @types/babel__generator@7.27.0 OK for: @types/babel__core@7.20.5 want: *
437 silly placeDep ROOT @types/babel__template@7.4.4 OK for: @types/babel__core@7.20.5 want: *
438 silly placeDep ROOT @types/babel__traverse@7.28.0 OK for: @types/babel__core@7.20.5 want: *
439 timing idealTree:node_modules/@types/babel__core Completed in 7ms
440 timing idealTree:node_modules/@types/babel__generator Completed in 0ms
441 timing idealTree:node_modules/@types/babel__template Completed in 0ms
442 timing idealTree:node_modules/@types/babel__traverse Completed in 0ms
443 silly placeDep ROOT caniuse-lite@1.0.30001759 OK for: autoprefixer@10.4.22 want: ^1.0.30001754
444 silly placeDep ROOT fraction.js@5.3.4 OK for: autoprefixer@10.4.22 want: ^5.3.4
445 silly placeDep ROOT normalize-range@0.1.2 OK for: autoprefixer@10.4.22 want: ^0.1.2
446 silly placeDep ROOT postcss-value-parser@4.2.0 OK for: autoprefixer@10.4.22 want: ^4.2.0
447 timing idealTree:node_modules/autoprefixer Completed in 6ms
448 silly placeDep ROOT follow-redirects@1.15.11 OK for: axios@1.13.2 want: ^1.15.6
449 silly placeDep ROOT form-data@4.0.5 OK for: axios@1.13.2 want: ^4.0.4
450 silly placeDep ROOT proxy-from-env@1.1.0 OK for: axios@1.13.2 want: ^1.1.0
451 silly fetch manifest asynckit@^0.4.0
452 silly fetch manifest combined-stream@^1.0.8
453 silly fetch manifest es-set-tostringtag@^2.1.0
454 silly fetch manifest hasown@^2.0.2
455 silly fetch manifest mime-types@^2.1.12
456 http fetch GET 200 https://registry.npmjs.org/es-set-tostringtag 172ms (cache miss)
457 http fetch GET 200 https://registry.npmjs.org/combined-stream 174ms (cache miss)
458 http fetch GET 200 https://registry.npmjs.org/asynckit 295ms (cache miss)
459 http fetch GET 200 https://registry.npmjs.org/mime-types 291ms (cache miss)
460 http fetch GET 200 https://registry.npmjs.org/hasown 294ms (cache miss)
461 timing idealTree:node_modules/axios Completed in 308ms
462 silly fetch manifest browserslist@>= 4.21.0
463 silly placeDep ROOT baseline-browser-mapping@2.9.3 OK for: browserslist@4.28.1 want: ^2.9.0
464 silly placeDep ROOT electron-to-chromium@1.5.266 OK for: browserslist@4.28.1 want: ^1.5.263
465 silly placeDep ROOT node-releases@2.0.27 OK for: browserslist@4.28.1 want: ^2.0.27
466 silly placeDep ROOT update-browserslist-db@1.2.2 OK for: browserslist@4.28.1 want: ^1.2.0
467 silly fetch manifest escalade@^3.2.0
468 http fetch GET 200 https://registry.npmjs.org/escalade 207ms (cache miss)
469 timing idealTree:node_modules/browserslist Completed in 219ms
470 timing idealTree:node_modules/baseline-browser-mapping Completed in 0ms
471 timing idealTree:node_modules/caniuse-lite Completed in 0ms
472 timing idealTree:node_modules/clsx Completed in 0ms
473 timing idealTree:node_modules/convert-source-map Completed in 0ms
474 silly placeDep ROOT ms@2.1.3 OK for: debug@4.4.3 want: ^2.1.3
475 timing idealTree:node_modules/debug Completed in 2ms
476 timing idealTree:node_modules/electron-to-chromium Completed in 0ms
477 timing idealTree:node_modules/follow-redirects Completed in 0ms
478 silly placeDep ROOT asynckit@0.4.0 OK for: form-data@4.0.5 want: ^0.4.0
479 silly placeDep ROOT combined-stream@1.0.8 OK for: form-data@4.0.5 want: ^1.0.8
480 silly placeDep ROOT es-set-tostringtag@2.1.0 OK for: form-data@4.0.5 want: ^2.1.0
481 silly placeDep ROOT hasown@2.0.2 OK for: form-data@4.0.5 want: ^2.0.2
482 silly placeDep ROOT mime-types@2.1.35 OK for: form-data@4.0.5 want: ^2.1.12
483 silly fetch manifest delayed-stream@~1.0.0
484 silly fetch manifest es-errors@^1.3.0
485 silly fetch manifest get-intrinsic@^1.2.6
486 silly fetch manifest has-tostringtag@^1.0.2
487 silly fetch manifest function-bind@^1.1.2
488 silly fetch manifest mime-db@1.52.0
489 http fetch GET 200 https://registry.npmjs.org/delayed-stream 179ms (cache miss)
490 http fetch GET 200 https://registry.npmjs.org/get-intrinsic 181ms (cache miss)
491 http fetch GET 200 https://registry.npmjs.org/has-tostringtag 204ms (cache miss)
492 http fetch GET 200 https://registry.npmjs.org/function-bind 213ms (cache miss)
493 http fetch GET 200 https://registry.npmjs.org/es-errors 220ms (cache miss)
494 http fetch GET 200 https://registry.npmjs.org/mime-db 217ms (cache miss)
495 timing idealTree:node_modules/form-data Completed in 237ms
496 timing idealTree:node_modules/asynckit Completed in 0ms
497 silly placeDep ROOT delayed-stream@1.0.0 OK for: combined-stream@1.0.8 want: ~1.0.0
498 timing idealTree:node_modules/combined-stream Completed in 2ms
499 timing idealTree:node_modules/delayed-stream Completed in 0ms
500 silly placeDep ROOT es-errors@1.3.0 OK for: es-set-tostringtag@2.1.0 want: ^1.3.0
501 silly placeDep ROOT get-intrinsic@1.3.0 OK for: es-set-tostringtag@2.1.0 want: ^1.2.6
502 silly placeDep ROOT has-tostringtag@1.0.2 OK for: es-set-tostringtag@2.1.0 want: ^1.0.2
503 silly fetch manifest gopd@^1.2.0
504 silly fetch manifest get-proto@^1.0.1
505 silly fetch manifest has-symbols@^1.1.0
506 silly fetch manifest es-object-atoms@^1.1.1
507 silly fetch manifest math-intrinsics@^1.1.0
508 silly fetch manifest es-define-property@^1.0.1
509 silly fetch manifest call-bind-apply-helpers@^1.0.2
510 silly fetch manifest has-symbols@^1.0.3
511 http fetch GET 200 https://registry.npmjs.org/es-object-atoms 215ms (cache miss)
512 http fetch GET 200 https://registry.npmjs.org/get-proto 221ms (cache miss)
513 http fetch GET 200 https://registry.npmjs.org/has-symbols 225ms (cache miss)
514 http fetch GET 200 https://registry.npmjs.org/es-define-property 230ms (cache miss)
515 http fetch GET 200 https://registry.npmjs.org/gopd 243ms (cache miss)
516 http fetch GET 200 https://registry.npmjs.org/math-intrinsics 243ms (cache miss)
517 http fetch GET 200 https://registry.npmjs.org/has-symbols 247ms (cache miss)
518 http fetch GET 200 https://registry.npmjs.org/call-bind-apply-helpers 255ms (cache miss)
519 timing idealTree:node_modules/es-set-tostringtag Completed in 270ms
520 timing idealTree:node_modules/es-errors Completed in 0ms
521 timing idealTree:node_modules/fraction.js Completed in 0ms
522 timing idealTree:node_modules/gensync Completed in 0ms
523 silly placeDep ROOT call-bind-apply-helpers@1.0.2 OK for: get-intrinsic@1.3.0 want: ^1.0.2
524 silly placeDep ROOT es-define-property@1.0.1 OK for: get-intrinsic@1.3.0 want: ^1.0.1
525 silly placeDep ROOT es-object-atoms@1.1.1 OK for: get-intrinsic@1.3.0 want: ^1.1.1
526 silly placeDep ROOT function-bind@1.1.2 OK for: get-intrinsic@1.3.0 want: ^1.1.2
527 silly placeDep ROOT get-proto@1.0.1 OK for: get-intrinsic@1.3.0 want: ^1.0.1
528 silly placeDep ROOT gopd@1.2.0 OK for: get-intrinsic@1.3.0 want: ^1.2.0
529 silly placeDep ROOT has-symbols@1.1.0 OK for: get-intrinsic@1.3.0 want: ^1.1.0
530 silly placeDep ROOT math-intrinsics@1.1.0 OK for: get-intrinsic@1.3.0 want: ^1.1.0
531 silly fetch manifest dunder-proto@^1.0.1
532 http fetch GET 200 https://registry.npmjs.org/dunder-proto 174ms (cache miss)
533 timing idealTree:node_modules/get-intrinsic Completed in 195ms
534 timing idealTree:node_modules/call-bind-apply-helpers Completed in 0ms
535 timing idealTree:node_modules/es-define-property Completed in 0ms
536 timing idealTree:node_modules/es-object-atoms Completed in 0ms
537 timing idealTree:node_modules/function-bind Completed in 0ms
538 silly placeDep ROOT dunder-proto@1.0.1 OK for: get-proto@1.0.1 want: ^1.0.1
539 timing idealTree:node_modules/get-proto Completed in 3ms
540 timing idealTree:node_modules/dunder-proto Completed in 0ms
541 timing idealTree:node_modules/gopd Completed in 0ms
542 timing idealTree:node_modules/has-symbols Completed in 0ms
543 timing idealTree:node_modules/has-tostringtag Completed in 0ms
544 timing idealTree:node_modules/hasown Completed in 0ms
545 timing idealTree:node_modules/js-tokens Completed in 0ms
546 timing idealTree:node_modules/jsesc Completed in 0ms
547 timing idealTree:node_modules/json5 Completed in 0ms
548 silly placeDep ROOT vite-plugin-full-reload@1.2.0 OK for: laravel-vite-plugin@1.3.0 want: ^1.1.0
549 silly fetch manifest picomatch@^2.3.1
550 http fetch GET 200 https://registry.npmjs.org/picomatch 271ms (cache miss)
551 timing idealTree:node_modules/laravel-vite-plugin Completed in 277ms
552 timing idealTree:node_modules/lodash-es Completed in 0ms
553 silly placeDep ROOT yallist@3.1.1 OK for: lru-cache@5.1.1 want: ^3.0.2
554 timing idealTree:node_modules/lru-cache Completed in 2ms
555 timing idealTree:node_modules/math-intrinsics Completed in 0ms
556 silly placeDep ROOT mime-db@1.52.0 OK for: mime-types@2.1.35 want: 1.52.0
557 timing idealTree:node_modules/mime-types Completed in 2ms
558 timing idealTree:node_modules/mime-db Completed in 0ms
559 timing idealTree:node_modules/mini-svg-data-uri Completed in 0ms
560 timing idealTree:node_modules/ms Completed in 0ms
561 timing idealTree:node_modules/node-releases Completed in 0ms
562 timing idealTree:node_modules/normalize-range Completed in 0ms
563 timing idealTree:node_modules/picocolors Completed in 0ms
564 silly placeDep ROOT nanoid@3.3.11 OK for: postcss@8.5.6 want: ^3.3.11
565 silly placeDep ROOT source-map-js@1.2.1 OK for: postcss@8.5.6 want: ^1.2.1
566 timing idealTree:node_modules/postcss Completed in 4ms
567 timing idealTree:node_modules/nanoid Completed in 0ms
568 timing idealTree:node_modules/postcss-value-parser Completed in 0ms
569 timing idealTree:node_modules/proxy-from-env Completed in 0ms
570 silly placeDep ROOT side-channel@1.1.0 OK for: qs@6.14.0 want: ^1.1.0
571 silly fetch manifest object-inspect@^1.13.3
572 silly fetch manifest side-channel-list@^1.0.0
573 silly fetch manifest side-channel-map@^1.0.1
574 silly fetch manifest side-channel-weakmap@^1.0.2
575 http fetch GET 200 https://registry.npmjs.org/side-channel-map 430ms (cache miss)
576 http fetch GET 200 https://registry.npmjs.org/object-inspect 441ms (cache miss)
577 http fetch GET 200 https://registry.npmjs.org/side-channel-list 441ms (cache miss)
578 http fetch GET 200 https://registry.npmjs.org/side-channel-weakmap 440ms (cache miss)
579 timing idealTree:node_modules/qs Completed in 449ms
580 silly placeDep ROOT loose-envify@1.4.0 OK for: react@18.3.1 want: ^1.1.0
581 timing idealTree:node_modules/react Completed in 3ms
582 timing idealTree:node_modules/loose-envify Completed in 0ms
583 silly placeDep ROOT scheduler@0.23.2 OK for: react-dom@18.3.1 want: ^0.23.2
584 timing idealTree:node_modules/react-dom Completed in 3ms
585 timing idealTree:node_modules/react-refresh Completed in 0ms
586 timing idealTree:node_modules/scheduler Completed in 0ms
587 timing idealTree:node_modules/semver Completed in 0ms
588 silly placeDep ROOT object-inspect@1.13.4 OK for: side-channel@1.1.0 want: ^1.13.3
589 silly placeDep ROOT side-channel-list@1.0.0 OK for: side-channel@1.1.0 want: ^1.0.0
590 silly placeDep ROOT side-channel-map@1.0.1 OK for: side-channel@1.1.0 want: ^1.0.1
591 silly placeDep ROOT side-channel-weakmap@1.0.2 OK for: side-channel@1.1.0 want: ^1.0.2
592 silly fetch manifest call-bound@^1.0.2
593 http fetch GET 200 https://registry.npmjs.org/call-bound 391ms (cache miss)
594 timing idealTree:node_modules/side-channel Completed in 405ms
595 timing idealTree:node_modules/object-inspect Completed in 0ms
596 timing idealTree:node_modules/side-channel-list Completed in 0ms
597 silly placeDep ROOT call-bound@1.0.4 OK for: side-channel-map@1.0.1 want: ^1.0.2
598 timing idealTree:node_modules/side-channel-map Completed in 4ms
599 timing idealTree:node_modules/call-bound Completed in 0ms
600 timing idealTree:node_modules/side-channel-weakmap Completed in 0ms
601 timing idealTree:node_modules/source-map-js Completed in 0ms
602 timing idealTree:node_modules/tabbable Completed in 0ms
603 silly fetch manifest postcss@^8.4.47
604 silly fetch manifest tsx@^4.8.1
605 http fetch GET 200 https://registry.npmjs.org/tsx 185ms (cache miss)
606 silly fetch manifest yaml@^2.4.2
607 http fetch GET 200 https://registry.npmjs.org/yaml 491ms (cache miss)
608 silly placeDep ROOT @alloc/quick-lru@5.2.0 OK for: tailwindcss@3.4.18 want: ^5.2.0
609 silly placeDep ROOT arg@5.0.2 OK for: tailwindcss@3.4.18 want: ^5.0.2
610 silly placeDep ROOT chokidar@3.6.0 OK for: tailwindcss@3.4.18 want: ^3.6.0
611 silly placeDep ROOT didyoumean@1.2.2 OK for: tailwindcss@3.4.18 want: ^1.2.2
612 silly placeDep ROOT dlv@1.1.3 OK for: tailwindcss@3.4.18 want: ^1.1.3
613 silly placeDep ROOT fast-glob@3.3.3 OK for: tailwindcss@3.4.18 want: ^3.3.2
614 silly placeDep ROOT glob-parent@6.0.2 OK for: tailwindcss@3.4.18 want: ^6.0.2
615 silly placeDep ROOT is-glob@4.0.3 OK for: tailwindcss@3.4.18 want: ^4.0.3
616 silly placeDep ROOT jiti@1.21.7 OK for: tailwindcss@3.4.18 want: ^1.21.7
617 silly placeDep ROOT lilconfig@3.1.3 OK for: tailwindcss@3.4.18 want: ^3.1.3
618 silly placeDep ROOT micromatch@4.0.8 OK for: tailwindcss@3.4.18 want: ^4.0.8
619 silly placeDep ROOT normalize-path@3.0.0 OK for: tailwindcss@3.4.18 want: ^3.0.0
620 silly placeDep ROOT object-hash@3.0.0 OK for: tailwindcss@3.4.18 want: ^3.0.0
621 silly placeDep ROOT postcss-import@15.1.0 OK for: tailwindcss@3.4.18 want: ^15.1.0
622 silly placeDep ROOT postcss-js@4.1.0 OK for: tailwindcss@3.4.18 want: ^4.0.1
623 silly placeDep ROOT postcss-load-config@6.0.1 OK for: tailwindcss@3.4.18 want: ^4.0.2 || ^5.0 || ^6.0
624 silly placeDep ROOT postcss-nested@6.2.0 OK for: tailwindcss@3.4.18 want: ^6.2.0
625 silly placeDep ROOT postcss-selector-parser@6.1.2 OK for: tailwindcss@3.4.18 want: ^6.1.2
626 silly placeDep ROOT resolve@1.22.11 OK for: tailwindcss@3.4.18 want: ^1.22.8
627 silly placeDep ROOT sucrase@3.35.1 OK for: tailwindcss@3.4.18 want: ^3.35.0
628 silly fetch manifest braces@~3.0.2
629 silly fetch manifest anymatch@~3.1.2
630 silly fetch manifest readdirp@~3.6.0
631 silly fetch manifest glob-parent@~5.1.2
632 silly fetch manifest is-binary-path@~2.1.0
633 silly fetch manifest fsevents@~2.3.2
634 silly fetch manifest @nodelib/fs.stat@^2.0.2
635 silly fetch manifest @nodelib/fs.walk@^1.2.3
636 silly fetch manifest glob-parent@^5.1.2
637 silly fetch manifest merge2@^1.3.0
638 silly fetch manifest is-extglob@^2.1.1
639 silly fetch manifest braces@^3.0.3
640 silly fetch manifest read-cache@^1.0.0
641 silly fetch manifest camelcase-css@^2.0.1
642 silly fetch manifest cssesc@^3.0.0
643 silly fetch manifest util-deprecate@^1.0.2
644 silly fetch manifest is-core-module@^2.16.1
645 silly fetch manifest path-parse@^1.0.7
646 silly fetch manifest supports-preserve-symlinks-flag@^1.0.0
647 silly fetch manifest commander@^4.0.0
648 silly fetch manifest lines-and-columns@^1.1.6
649 silly fetch manifest mz@^2.7.0
650 silly fetch manifest pirates@^4.0.1
651 silly fetch manifest tinyglobby@^0.2.11
652 silly fetch manifest ts-interface-checker@^0.1.9
653 http fetch GET 200 https://registry.npmjs.org/util-deprecate 365ms (cache miss)
654 http fetch GET 200 https://registry.npmjs.org/is-extglob 386ms (cache miss)
655 http fetch GET 200 https://registry.npmjs.org/cssesc 390ms (cache miss)
656 http fetch GET 200 https://registry.npmjs.org/braces 404ms (cache miss)
657 http fetch GET 200 https://registry.npmjs.org/@nodelib%2ffs.stat 414ms (cache miss)
658 http fetch GET 200 https://registry.npmjs.org/camelcase-css 405ms (cache miss)
659 http fetch GET 200 https://registry.npmjs.org/read-cache 408ms (cache miss)
660 http fetch GET 200 https://registry.npmjs.org/is-binary-path 427ms (cache miss)
661 http fetch GET 200 https://registry.npmjs.org/@nodelib%2ffs.walk 432ms (cache miss)
662 http fetch GET 200 https://registry.npmjs.org/anymatch 441ms (cache miss)
663 http fetch GET 200 https://registry.npmjs.org/braces 456ms (cache miss)
664 http fetch GET 200 https://registry.npmjs.org/readdirp 455ms (cache miss)
665 http fetch GET 200 https://registry.npmjs.org/merge2 452ms (cache miss)
666 http fetch GET 200 https://registry.npmjs.org/tinyglobby 439ms (cache miss)
667 http fetch GET 200 https://registry.npmjs.org/path-parse 450ms (cache miss)
668 http fetch GET 200 https://registry.npmjs.org/is-core-module 455ms (cache miss)
669 http fetch GET 200 https://registry.npmjs.org/mz 449ms (cache miss)
670 http fetch GET 200 https://registry.npmjs.org/lines-and-columns 455ms (cache miss)
671 http fetch GET 200 https://registry.npmjs.org/supports-preserve-symlinks-flag 462ms (cache miss)
672 http fetch GET 200 https://registry.npmjs.org/pirates 461ms (cache miss)
673 http fetch GET 200 https://registry.npmjs.org/ts-interface-checker 460ms (cache miss)
674 http fetch GET 200 https://registry.npmjs.org/commander 478ms (cache miss)
675 timing idealTree:node_modules/tailwindcss Completed in 1354ms
676 timing idealTree:node_modules/@alloc/quick-lru Completed in 0ms
677 timing idealTree:node_modules/arg Completed in 0ms
678 silly placeDep ROOT anymatch@3.1.3 OK for: chokidar@3.6.0 want: ~3.1.2
679 silly placeDep ROOT braces@3.0.3 OK for: chokidar@3.6.0 want: ~3.0.2
680 silly placeDep ROOT fsevents@2.3.3 OK for: chokidar@3.6.0 want: ~2.3.2
681 silly placeDep node_modules/chokidar glob-parent@5.1.2 OK for: chokidar@3.6.0 want: ~5.1.2
682 silly placeDep ROOT is-binary-path@2.1.0 OK for: chokidar@3.6.0 want: ~2.1.0
683 silly placeDep ROOT readdirp@3.6.0 OK for: chokidar@3.6.0 want: ~3.6.0
684 silly fetch manifest picomatch@^2.0.4
685 silly fetch manifest fill-range@^7.1.1
686 silly fetch manifest binary-extensions@^2.0.0
687 silly fetch manifest picomatch@^2.2.1
688 http fetch GET 200 https://registry.npmjs.org/fill-range 190ms (cache miss)
689 http fetch GET 200 https://registry.npmjs.org/binary-extensions 198ms (cache miss)
690 timing idealTree:node_modules/chokidar Completed in 215ms
691 silly placeDep ROOT picomatch@2.3.1 OK for: anymatch@3.1.3 want: ^2.0.4
692 timing idealTree:node_modules/anymatch Completed in 3ms
693 silly placeDep ROOT fill-range@7.1.1 OK for: braces@3.0.3 want: ^7.1.1
694 silly fetch manifest to-regex-range@^5.0.1
695 http fetch GET 200 https://registry.npmjs.org/to-regex-range 276ms (cache miss)
696 timing idealTree:node_modules/braces Completed in 282ms
697 timing idealTree:node_modules/didyoumean Completed in 0ms
698 timing idealTree:node_modules/dlv Completed in 0ms
699 silly placeDep ROOT @nodelib/fs.stat@2.0.5 OK for: fast-glob@3.3.3 want: ^2.0.2
700 silly placeDep ROOT @nodelib/fs.walk@1.2.8 OK for: fast-glob@3.3.3 want: ^1.2.3
701 silly placeDep node_modules/fast-glob glob-parent@5.1.2 OK for: fast-glob@3.3.3 want: ^5.1.2
702 silly placeDep ROOT merge2@1.4.1 OK for: fast-glob@3.3.3 want: ^1.3.0
703 silly fetch manifest fastq@^1.6.0
704 silly fetch manifest @nodelib/fs.scandir@2.1.5
705 http fetch GET 200 https://registry.npmjs.org/fastq 208ms (cache miss)
706 http fetch GET 200 https://registry.npmjs.org/@nodelib%2ffs.scandir 217ms (cache miss)
707 timing idealTree:node_modules/fast-glob Completed in 232ms
708 timing idealTree:node_modules/@nodelib/fs.stat Completed in 0ms
709 silly placeDep ROOT @nodelib/fs.scandir@2.1.5 OK for: @nodelib/fs.walk@1.2.8 want: 2.1.5
710 silly placeDep ROOT fastq@1.19.1 OK for: @nodelib/fs.walk@1.2.8 want: ^1.6.0
711 silly fetch manifest run-parallel@^1.1.9
712 silly fetch manifest reusify@^1.0.4
713 http fetch GET 200 https://registry.npmjs.org/run-parallel 155ms (cache miss)
714 http fetch GET 200 https://registry.npmjs.org/reusify 153ms (cache miss)
715 timing idealTree:node_modules/@nodelib/fs.walk Completed in 162ms
716 silly placeDep ROOT run-parallel@1.2.0 OK for: @nodelib/fs.scandir@2.1.5 want: ^1.1.9
717 silly fetch manifest queue-microtask@^1.2.2
718 http fetch GET 200 https://registry.npmjs.org/queue-microtask 176ms (cache miss)
719 timing idealTree:node_modules/@nodelib/fs.scandir Completed in 180ms
720 silly placeDep ROOT reusify@1.1.0 OK for: fastq@1.19.1 want: ^1.0.4
721 timing idealTree:node_modules/fastq Completed in 3ms
722 silly placeDep ROOT to-regex-range@5.0.1 OK for: fill-range@7.1.1 want: ^5.0.1
723 silly fetch manifest is-number@^7.0.0
724 http fetch GET 200 https://registry.npmjs.org/is-number 235ms (cache miss)
725 timing idealTree:node_modules/fill-range Completed in 239ms
726 timing idealTree:node_modules/fsevents Completed in 0ms
727 timing idealTree:node_modules/glob-parent Completed in 0ms
728 silly placeDep ROOT binary-extensions@2.3.0 OK for: is-binary-path@2.1.0 want: ^2.0.0
729 timing idealTree:node_modules/is-binary-path Completed in 2ms
730 timing idealTree:node_modules/binary-extensions Completed in 0ms
731 silly placeDep ROOT is-extglob@2.1.1 OK for: is-glob@4.0.3 want: ^2.1.1
732 timing idealTree:node_modules/is-glob Completed in 3ms
733 timing idealTree:node_modules/is-extglob Completed in 0ms
734 timing idealTree:node_modules/jiti Completed in 0ms
735 timing idealTree:node_modules/lilconfig Completed in 0ms
736 timing idealTree:node_modules/merge2 Completed in 0ms
737 timing idealTree:node_modules/micromatch Completed in 0ms
738 timing idealTree:node_modules/normalize-path Completed in 0ms
739 timing idealTree:node_modules/object-hash Completed in 0ms
740 timing idealTree:node_modules/picomatch Completed in 0ms
741 silly placeDep ROOT read-cache@1.0.0 OK for: postcss-import@15.1.0 want: ^1.0.0
742 silly fetch manifest pify@^2.3.0
743 http fetch GET 200 https://registry.npmjs.org/pify 152ms (cache miss)
744 timing idealTree:node_modules/postcss-import Completed in 156ms
745 silly placeDep ROOT camelcase-css@2.0.1 OK for: postcss-js@4.1.0 want: ^2.0.1
746 timing idealTree:node_modules/postcss-js Completed in 2ms
747 timing idealTree:node_modules/camelcase-css Completed in 0ms
748 timing idealTree:node_modules/postcss-load-config Completed in 0ms
749 timing idealTree:node_modules/postcss-nested Completed in 0ms
750 silly placeDep ROOT cssesc@3.0.0 OK for: postcss-selector-parser@6.1.2 want: ^3.0.0
751 silly placeDep ROOT util-deprecate@1.0.2 OK for: postcss-selector-parser@6.1.2 want: ^1.0.2
752 timing idealTree:node_modules/postcss-selector-parser Completed in 6ms
753 timing idealTree:node_modules/cssesc Completed in 0ms
754 silly placeDep ROOT pify@2.3.0 OK for: read-cache@1.0.0 want: ^2.3.0
755 timing idealTree:node_modules/read-cache Completed in 3ms
756 timing idealTree:node_modules/pify Completed in 0ms
757 timing idealTree:node_modules/readdirp Completed in 0ms
758 silly placeDep ROOT is-core-module@2.16.1 OK for: resolve@1.22.11 want: ^2.16.1
759 silly placeDep ROOT path-parse@1.0.7 OK for: resolve@1.22.11 want: ^1.0.7
760 silly placeDep ROOT supports-preserve-symlinks-flag@1.0.0 OK for: resolve@1.22.11 want: ^1.0.0
761 timing idealTree:node_modules/resolve Completed in 7ms
762 timing idealTree:node_modules/is-core-module Completed in 0ms
763 timing idealTree:node_modules/path-parse Completed in 0ms
764 timing idealTree:node_modules/reusify Completed in 0ms
765 silly placeDep ROOT queue-microtask@1.2.3 OK for: run-parallel@1.2.0 want: ^1.2.2
766 timing idealTree:node_modules/run-parallel Completed in 2ms
767 timing idealTree:node_modules/queue-microtask Completed in 0ms
768 silly placeDep ROOT commander@4.1.1 OK for: sucrase@3.35.1 want: ^4.0.0
769 silly placeDep ROOT lines-and-columns@1.2.4 OK for: sucrase@3.35.1 want: ^1.1.6
770 silly placeDep ROOT mz@2.7.0 OK for: sucrase@3.35.1 want: ^2.7.0
771 silly placeDep ROOT pirates@4.0.7 OK for: sucrase@3.35.1 want: ^4.0.1
772 silly placeDep ROOT tinyglobby@0.2.15 OK for: sucrase@3.35.1 want: ^0.2.11
773 silly placeDep ROOT ts-interface-checker@0.1.13 OK for: sucrase@3.35.1 want: ^0.1.9
774 silly fetch manifest any-promise@^1.0.0
775 silly fetch manifest object-assign@^4.0.1
776 silly fetch manifest thenify-all@^1.0.0
777 silly fetch manifest fdir@^6.5.0
778 silly fetch manifest picomatch@^4.0.3
779 http fetch GET 200 https://registry.npmjs.org/any-promise 182ms (cache miss)
780 http fetch GET 200 https://registry.npmjs.org/object-assign 188ms (cache miss)
781 http fetch GET 200 https://registry.npmjs.org/fdir 193ms (cache miss)
782 http fetch GET 200 https://registry.npmjs.org/thenify-all 199ms (cache miss)
783 timing idealTree:node_modules/sucrase Completed in 217ms
784 timing idealTree:node_modules/commander Completed in 0ms
785 timing idealTree:node_modules/lines-and-columns Completed in 0ms
786 silly placeDep ROOT any-promise@1.3.0 OK for: mz@2.7.0 want: ^1.0.0
787 silly placeDep ROOT object-assign@4.1.1 OK for: mz@2.7.0 want: ^4.0.1
788 silly placeDep ROOT thenify-all@1.6.0 OK for: mz@2.7.0 want: ^1.0.0
789 silly fetch manifest thenify@>= 3.1.0 < 4
790 http fetch GET 200 https://registry.npmjs.org/thenify 146ms (cache miss)
791 timing idealTree:node_modules/mz Completed in 154ms
792 timing idealTree:node_modules/any-promise Completed in 0ms
793 timing idealTree:node_modules/object-assign Completed in 0ms
794 timing idealTree:node_modules/pirates Completed in 0ms
795 timing idealTree:node_modules/supports-preserve-symlinks-flag Completed in 0ms
796 silly placeDep ROOT thenify@3.3.1 OK for: thenify-all@1.6.0 want: >= 3.1.0 < 4
797 timing idealTree:node_modules/thenify-all Completed in 3ms
798 timing idealTree:node_modules/thenify Completed in 0ms
799 silly placeDep node_modules/tinyglobby fdir@6.5.0 OK for: tinyglobby@0.2.15 want: ^6.5.0
800 silly placeDep node_modules/tinyglobby picomatch@4.0.3 OK for: fdir@6.5.0 want: ^3 || ^4
801 timing idealTree:node_modules/tinyglobby Completed in 6ms
802 silly placeDep ROOT is-number@7.0.0 OK for: to-regex-range@5.0.1 want: ^7.0.0
803 timing idealTree:node_modules/to-regex-range Completed in 2ms
804 timing idealTree:node_modules/is-number Completed in 0ms
805 timing idealTree:node_modules/ts-interface-checker Completed in 0ms
806 timing idealTree:node_modules/tslib Completed in 0ms
807 silly placeDep ROOT escalade@3.2.0 OK for: update-browserslist-db@1.2.2 want: ^3.2.0
808 timing idealTree:node_modules/update-browserslist-db Completed in 5ms
809 timing idealTree:node_modules/escalade Completed in 0ms
810 timing idealTree:node_modules/use-sync-external-store Completed in 0ms
811 timing idealTree:node_modules/util-deprecate Completed in 0ms
812 silly placeDep ROOT esbuild@0.21.5 OK for: vite@5.4.21 want: ^0.21.3
813 silly placeDep ROOT rollup@4.53.3 OK for: vite@5.4.21 want: ^4.20.0
814 silly fetch manifest @esbuild/aix-ppc64@0.21.5
815 silly fetch manifest @esbuild/linux-arm@0.21.5
816 silly fetch manifest @esbuild/linux-x64@0.21.5
817 silly fetch manifest @esbuild/sunos-x64@0.21.5
818 silly fetch manifest @esbuild/win32-x64@0.21.5
819 silly fetch manifest @esbuild/darwin-x64@0.21.5
820 silly fetch manifest @esbuild/linux-ia32@0.21.5
821 silly fetch manifest @esbuild/netbsd-x64@0.21.5
822 silly fetch manifest @esbuild/win32-ia32@0.21.5
823 silly fetch manifest @esbuild/android-arm@0.21.5
824 silly fetch manifest @esbuild/android-x64@0.21.5
825 silly fetch manifest @esbuild/freebsd-x64@0.21.5
826 silly fetch manifest @esbuild/linux-arm64@0.21.5
827 silly fetch manifest @esbuild/linux-ppc64@0.21.5
828 silly fetch manifest @esbuild/linux-s390x@0.21.5
829 silly fetch manifest @esbuild/openbsd-x64@0.21.5
830 silly fetch manifest @esbuild/win32-arm64@0.21.5
831 silly fetch manifest @esbuild/darwin-arm64@0.21.5
832 silly fetch manifest @esbuild/android-arm64@0.21.5
833 silly fetch manifest @esbuild/freebsd-arm64@0.21.5
834 silly fetch manifest @esbuild/linux-loong64@0.21.5
835 silly fetch manifest @esbuild/linux-riscv64@0.21.5
836 silly fetch manifest @esbuild/linux-mips64el@0.21.5
837 silly fetch manifest @types/estree@1.0.8
838 silly fetch manifest @rollup/rollup-darwin-arm64@4.53.3
839 silly fetch manifest @rollup/rollup-android-arm64@4.53.3
840 silly fetch manifest @rollup/rollup-win32-arm64-msvc@4.53.3
841 silly fetch manifest @rollup/rollup-freebsd-arm64@4.53.3
842 silly fetch manifest @rollup/rollup-linux-arm64-gnu@4.53.3
843 silly fetch manifest @rollup/rollup-linux-arm64-musl@4.53.3
844 silly fetch manifest @rollup/rollup-android-arm-eabi@4.53.3
845 silly fetch manifest @rollup/rollup-linux-arm-gnueabihf@4.53.3
846 silly fetch manifest @rollup/rollup-linux-arm-musleabihf@4.53.3
847 silly fetch manifest @rollup/rollup-win32-ia32-msvc@4.53.3
848 silly fetch manifest @rollup/rollup-linux-loong64-gnu@4.53.3
849 silly fetch manifest @rollup/rollup-linux-riscv64-gnu@4.53.3
850 silly fetch manifest @rollup/rollup-linux-riscv64-musl@4.53.3
851 silly fetch manifest @rollup/rollup-linux-ppc64-gnu@4.53.3
852 silly fetch manifest @rollup/rollup-linux-s390x-gnu@4.53.3
853 silly fetch manifest @rollup/rollup-darwin-x64@4.53.3
854 silly fetch manifest @rollup/rollup-win32-x64-gnu@4.53.3
855 silly fetch manifest @rollup/rollup-win32-x64-msvc@4.53.3
856 silly fetch manifest @rollup/rollup-freebsd-x64@4.53.3
857 silly fetch manifest @rollup/rollup-linux-x64-gnu@4.53.3
858 silly fetch manifest @rollup/rollup-linux-x64-musl@4.53.3
859 silly fetch manifest @rollup/rollup-openharmony-arm64@4.53.3
860 http fetch GET 200 https://registry.npmjs.org/@esbuild%2flinux-arm 567ms (cache miss)
861 http fetch GET 200 https://registry.npmjs.org/@esbuild%2faix-ppc64 582ms (cache miss)
862 http fetch GET 200 https://registry.npmjs.org/@esbuild%2fwin32-x64 600ms (cache miss)
863 http fetch GET 200 https://registry.npmjs.org/@esbuild%2fdarwin-x64 603ms (cache miss)
864 http fetch GET 200 https://registry.npmjs.org/@esbuild%2ffreebsd-x64 603ms (cache miss)
865 http fetch GET 200 https://registry.npmjs.org/@esbuild%2flinux-x64 619ms (cache miss)
866 http fetch GET 200 https://registry.npmjs.org/@esbuild%2flinux-ia32 615ms (cache miss)
867 http fetch GET 200 https://registry.npmjs.org/@esbuild%2fwin32-arm64 608ms (cache miss)
868 http fetch GET 200 https://registry.npmjs.org/@esbuild%2flinux-arm64 620ms (cache miss)
869 http fetch GET 200 https://registry.npmjs.org/@esbuild%2fwin32-ia32 628ms (cache miss)
870 http fetch GET 200 https://registry.npmjs.org/@esbuild%2fnetbsd-x64 632ms (cache miss)
871 http fetch GET 200 https://registry.npmjs.org/@esbuild%2fsunos-x64 641ms (cache miss)
872 http fetch GET 200 https://registry.npmjs.org/@esbuild%2flinux-ppc64 635ms (cache miss)
873 http fetch GET 200 https://registry.npmjs.org/@esbuild%2fandroid-arm 651ms (cache miss)
874 http fetch GET 200 https://registry.npmjs.org/@esbuild%2fandroid-x64 654ms (cache miss)
875 http fetch GET 200 https://registry.npmjs.org/@rollup%2frollup-freebsd-arm64 703ms (cache miss)
876 http fetch GET 200 https://registry.npmjs.org/@esbuild%2fandroid-arm64 723ms (cache miss)
877 http fetch GET 200 https://registry.npmjs.org/@types%2festree 721ms (cache miss)
878 http fetch GET 200 https://registry.npmjs.org/@esbuild%2fopenbsd-x64 747ms (cache miss)
879 http fetch GET 200 https://registry.npmjs.org/@esbuild%2flinux-mips64el 753ms (cache miss)
880 http fetch GET 200 https://registry.npmjs.org/@rollup%2frollup-darwin-arm64 755ms (cache miss)
881 http fetch GET 200 https://registry.npmjs.org/@esbuild%2flinux-s390x 772ms (cache miss)
882 http fetch GET 200 https://registry.npmjs.org/@rollup%2frollup-win32-arm64-msvc 760ms (cache miss)
883 http fetch GET 200 https://registry.npmjs.org/@esbuild%2fdarwin-arm64 785ms (cache miss)
884 http fetch GET 200 https://registry.npmjs.org/@esbuild%2ffreebsd-arm64 784ms (cache miss)
885 http fetch GET 200 https://registry.npmjs.org/@rollup%2frollup-android-arm64 783ms (cache miss)
886 http fetch GET 200 https://registry.npmjs.org/@esbuild%2flinux-riscv64 791ms (cache miss)
887 http fetch GET 200 https://registry.npmjs.org/@esbuild%2flinux-loong64 794ms (cache miss)
888 http fetch GET 200 https://registry.npmjs.org/@rollup%2frollup-win32-x64-gnu 774ms (cache miss)
889 http fetch GET 200 https://registry.npmjs.org/@rollup%2frollup-android-arm-eabi 789ms (cache miss)
890 http fetch GET 200 https://registry.npmjs.org/@rollup%2frollup-linux-arm-gnueabihf 790ms (cache miss)
891 http fetch GET 200 https://registry.npmjs.org/@rollup%2frollup-linux-arm64-gnu 876ms (cache miss)
892 http fetch GET 200 https://registry.npmjs.org/@rollup%2frollup-linux-arm64-musl 878ms (cache miss)
893 http fetch GET 200 https://registry.npmjs.org/@rollup%2frollup-linux-x64-musl 858ms (cache miss)
894 http fetch GET 200 https://registry.npmjs.org/@rollup%2frollup-linux-riscv64-musl 886ms (cache miss)
895 http fetch GET 200 https://registry.npmjs.org/@rollup%2frollup-win32-ia32-msvc 896ms (cache miss)
896 http fetch GET 200 https://registry.npmjs.org/@rollup%2frollup-linux-loong64-gnu 924ms (cache miss)
897 http fetch GET 200 https://registry.npmjs.org/@rollup%2frollup-linux-arm-musleabihf 929ms (cache miss)
898 http fetch GET 200 https://registry.npmjs.org/@rollup%2frollup-linux-s390x-gnu 924ms (cache miss)
899 http fetch GET 200 https://registry.npmjs.org/@rollup%2frollup-linux-ppc64-gnu 936ms (cache miss)
900 http fetch GET 200 https://registry.npmjs.org/@rollup%2frollup-openharmony-arm64 924ms (cache miss)
901 http fetch GET 200 https://registry.npmjs.org/@rollup%2frollup-linux-riscv64-gnu 946ms (cache miss)
902 http fetch GET 200 https://registry.npmjs.org/@rollup%2frollup-darwin-x64 946ms (cache miss)
903 http fetch GET 200 https://registry.npmjs.org/@rollup%2frollup-win32-x64-msvc 940ms (cache miss)
904 http fetch GET 200 https://registry.npmjs.org/@rollup%2frollup-linux-x64-gnu 1099ms (cache miss)
905 http fetch GET 200 https://registry.npmjs.org/@rollup%2frollup-freebsd-x64 1395ms (cache miss)
906 timing idealTree:node_modules/vite Completed in 1458ms
907 silly placeDep ROOT @esbuild/aix-ppc64@0.21.5 OK for: esbuild@0.21.5 want: 0.21.5
908 silly placeDep ROOT @esbuild/android-arm@0.21.5 OK for: esbuild@0.21.5 want: 0.21.5
909 silly placeDep ROOT @esbuild/android-arm64@0.21.5 OK for: esbuild@0.21.5 want: 0.21.5
910 silly placeDep ROOT @esbuild/android-x64@0.21.5 OK for: esbuild@0.21.5 want: 0.21.5
911 silly placeDep ROOT @esbuild/darwin-arm64@0.21.5 OK for: esbuild@0.21.5 want: 0.21.5
912 silly placeDep ROOT @esbuild/darwin-x64@0.21.5 OK for: esbuild@0.21.5 want: 0.21.5
913 silly placeDep ROOT @esbuild/freebsd-arm64@0.21.5 OK for: esbuild@0.21.5 want: 0.21.5
914 silly placeDep ROOT @esbuild/freebsd-x64@0.21.5 OK for: esbuild@0.21.5 want: 0.21.5
915 silly placeDep ROOT @esbuild/linux-arm@0.21.5 OK for: esbuild@0.21.5 want: 0.21.5
916 silly placeDep ROOT @esbuild/linux-arm64@0.21.5 OK for: esbuild@0.21.5 want: 0.21.5
917 silly placeDep ROOT @esbuild/linux-ia32@0.21.5 OK for: esbuild@0.21.5 want: 0.21.5
918 silly placeDep ROOT @esbuild/linux-loong64@0.21.5 OK for: esbuild@0.21.5 want: 0.21.5
919 silly placeDep ROOT @esbuild/linux-mips64el@0.21.5 OK for: esbuild@0.21.5 want: 0.21.5
920 silly placeDep ROOT @esbuild/linux-ppc64@0.21.5 OK for: esbuild@0.21.5 want: 0.21.5
921 silly placeDep ROOT @esbuild/linux-riscv64@0.21.5 OK for: esbuild@0.21.5 want: 0.21.5
922 silly placeDep ROOT @esbuild/linux-s390x@0.21.5 OK for: esbuild@0.21.5 want: 0.21.5
923 silly placeDep ROOT @esbuild/linux-x64@0.21.5 OK for: esbuild@0.21.5 want: 0.21.5
924 silly placeDep ROOT @esbuild/netbsd-x64@0.21.5 OK for: esbuild@0.21.5 want: 0.21.5
925 silly placeDep ROOT @esbuild/openbsd-x64@0.21.5 OK for: esbuild@0.21.5 want: 0.21.5
926 silly placeDep ROOT @esbuild/sunos-x64@0.21.5 OK for: esbuild@0.21.5 want: 0.21.5
927 silly placeDep ROOT @esbuild/win32-arm64@0.21.5 OK for: esbuild@0.21.5 want: 0.21.5
928 silly placeDep ROOT @esbuild/win32-ia32@0.21.5 OK for: esbuild@0.21.5 want: 0.21.5
929 silly placeDep ROOT @esbuild/win32-x64@0.21.5 OK for: esbuild@0.21.5 want: 0.21.5
930 timing idealTree:node_modules/esbuild Completed in 43ms
931 timing idealTree:node_modules/@esbuild/aix-ppc64 Completed in 0ms
932 timing idealTree:node_modules/@esbuild/android-arm Completed in 1ms
933 timing idealTree:node_modules/@esbuild/android-arm64 Completed in 0ms
934 timing idealTree:node_modules/@esbuild/android-x64 Completed in 0ms
935 timing idealTree:node_modules/@esbuild/darwin-arm64 Completed in 0ms
936 timing idealTree:node_modules/@esbuild/darwin-x64 Completed in 0ms
937 timing idealTree:node_modules/@esbuild/freebsd-arm64 Completed in 0ms
938 timing idealTree:node_modules/@esbuild/freebsd-x64 Completed in 0ms
939 timing idealTree:node_modules/@esbuild/linux-arm Completed in 0ms
940 timing idealTree:node_modules/@esbuild/linux-arm64 Completed in 0ms
941 timing idealTree:node_modules/@esbuild/linux-ia32 Completed in 0ms
942 timing idealTree:node_modules/@esbuild/linux-loong64 Completed in 0ms
943 timing idealTree:node_modules/@esbuild/linux-mips64el Completed in 0ms
944 timing idealTree:node_modules/@esbuild/linux-ppc64 Completed in 0ms
945 timing idealTree:node_modules/@esbuild/linux-riscv64 Completed in 0ms
946 timing idealTree:node_modules/@esbuild/linux-s390x Completed in 0ms
947 timing idealTree:node_modules/@esbuild/linux-x64 Completed in 0ms
948 timing idealTree:node_modules/@esbuild/netbsd-x64 Completed in 0ms
949 timing idealTree:node_modules/@esbuild/openbsd-x64 Completed in 0ms
950 timing idealTree:node_modules/@esbuild/sunos-x64 Completed in 0ms
951 timing idealTree:node_modules/@esbuild/win32-arm64 Completed in 0ms
952 timing idealTree:node_modules/@esbuild/win32-ia32 Completed in 0ms
953 timing idealTree:node_modules/@esbuild/win32-x64 Completed in 0ms
954 silly placeDep ROOT @rollup/rollup-android-arm-eabi@4.53.3 OK for: rollup@4.53.3 want: 4.53.3
955 silly placeDep ROOT @rollup/rollup-android-arm64@4.53.3 OK for: rollup@4.53.3 want: 4.53.3
956 silly placeDep ROOT @rollup/rollup-darwin-arm64@4.53.3 OK for: rollup@4.53.3 want: 4.53.3
957 silly placeDep ROOT @rollup/rollup-darwin-x64@4.53.3 OK for: rollup@4.53.3 want: 4.53.3
958 silly placeDep ROOT @rollup/rollup-freebsd-arm64@4.53.3 OK for: rollup@4.53.3 want: 4.53.3
959 silly placeDep ROOT @rollup/rollup-freebsd-x64@4.53.3 OK for: rollup@4.53.3 want: 4.53.3
960 silly placeDep ROOT @rollup/rollup-linux-arm-gnueabihf@4.53.3 OK for: rollup@4.53.3 want: 4.53.3
961 silly placeDep ROOT @rollup/rollup-linux-arm-musleabihf@4.53.3 OK for: rollup@4.53.3 want: 4.53.3
962 silly placeDep ROOT @rollup/rollup-linux-arm64-gnu@4.53.3 OK for: rollup@4.53.3 want: 4.53.3
963 silly placeDep ROOT @rollup/rollup-linux-arm64-musl@4.53.3 OK for: rollup@4.53.3 want: 4.53.3
964 silly placeDep ROOT @rollup/rollup-linux-loong64-gnu@4.53.3 OK for: rollup@4.53.3 want: 4.53.3
965 silly placeDep ROOT @rollup/rollup-linux-ppc64-gnu@4.53.3 OK for: rollup@4.53.3 want: 4.53.3
966 silly placeDep ROOT @rollup/rollup-linux-riscv64-gnu@4.53.3 OK for: rollup@4.53.3 want: 4.53.3
967 silly placeDep ROOT @rollup/rollup-linux-riscv64-musl@4.53.3 OK for: rollup@4.53.3 want: 4.53.3
968 silly placeDep ROOT @rollup/rollup-linux-s390x-gnu@4.53.3 OK for: rollup@4.53.3 want: 4.53.3
969 silly placeDep ROOT @rollup/rollup-linux-x64-gnu@4.53.3 OK for: rollup@4.53.3 want: 4.53.3
970 silly placeDep ROOT @rollup/rollup-linux-x64-musl@4.53.3 OK for: rollup@4.53.3 want: 4.53.3
971 silly placeDep ROOT @rollup/rollup-openharmony-arm64@4.53.3 OK for: rollup@4.53.3 want: 4.53.3
972 silly placeDep ROOT @rollup/rollup-win32-arm64-msvc@4.53.3 OK for: rollup@4.53.3 want: 4.53.3
973 silly placeDep ROOT @rollup/rollup-win32-ia32-msvc@4.53.3 OK for: rollup@4.53.3 want: 4.53.3
974 silly placeDep ROOT @rollup/rollup-win32-x64-gnu@4.53.3 OK for: rollup@4.53.3 want: 4.53.3
975 silly placeDep ROOT @rollup/rollup-win32-x64-msvc@4.53.3 OK for: rollup@4.53.3 want: 4.53.3
976 silly placeDep ROOT @types/estree@1.0.8 OK for: rollup@4.53.3 want: 1.0.8
977 timing idealTree:node_modules/rollup Completed in 52ms
978 timing idealTree:node_modules/@rollup/rollup-android-arm-eabi Completed in 0ms
979 timing idealTree:node_modules/@rollup/rollup-android-arm64 Completed in 0ms
980 timing idealTree:node_modules/@rollup/rollup-darwin-arm64 Completed in 0ms
981 timing idealTree:node_modules/@rollup/rollup-darwin-x64 Completed in 0ms
982 timing idealTree:node_modules/@rollup/rollup-freebsd-arm64 Completed in 0ms
983 timing idealTree:node_modules/@rollup/rollup-freebsd-x64 Completed in 0ms
984 timing idealTree:node_modules/@rollup/rollup-linux-arm-gnueabihf Completed in 0ms
985 timing idealTree:node_modules/@rollup/rollup-linux-arm-musleabihf Completed in 0ms
986 timing idealTree:node_modules/@rollup/rollup-linux-arm64-gnu Completed in 0ms
987 timing idealTree:node_modules/@rollup/rollup-linux-arm64-musl Completed in 0ms
988 timing idealTree:node_modules/@rollup/rollup-linux-loong64-gnu Completed in 0ms
989 timing idealTree:node_modules/@rollup/rollup-linux-ppc64-gnu Completed in 0ms
990 timing idealTree:node_modules/@rollup/rollup-linux-riscv64-gnu Completed in 0ms
991 timing idealTree:node_modules/@rollup/rollup-linux-riscv64-musl Completed in 0ms
992 timing idealTree:node_modules/@rollup/rollup-linux-s390x-gnu Completed in 0ms
993 timing idealTree:node_modules/@rollup/rollup-linux-x64-gnu Completed in 0ms
994 timing idealTree:node_modules/@rollup/rollup-linux-x64-musl Completed in 0ms
995 timing idealTree:node_modules/@rollup/rollup-openharmony-arm64 Completed in 0ms
996 timing idealTree:node_modules/@rollup/rollup-win32-arm64-msvc Completed in 0ms
997 timing idealTree:node_modules/@rollup/rollup-win32-ia32-msvc Completed in 0ms
998 timing idealTree:node_modules/@rollup/rollup-win32-x64-gnu Completed in 0ms
999 timing idealTree:node_modules/@rollup/rollup-win32-x64-msvc Completed in 0ms
1000 timing idealTree:node_modules/@types/estree Completed in 0ms
1001 timing idealTree:node_modules/vite-plugin-full-reload Completed in 0ms
1002 timing idealTree:node_modules/yallist Completed in 0ms
1003 timing idealTree:node_modules/chokidar/node_modules/glob-parent Completed in 0ms
1004 timing idealTree:node_modules/fast-glob/node_modules/glob-parent Completed in 0ms
1005 timing idealTree:node_modules/tinyglobby/node_modules/fdir Completed in 0ms
1006 timing idealTree:node_modules/tinyglobby/node_modules/picomatch Completed in 0ms
1007 timing idealTree:buildDeps Completed in 26189ms
1008 timing idealTree:fixDepFlags Completed in 2ms
1009 timing idealTree Completed in 26227ms
1010 timing reify:loadTrees Completed in 26233ms
1011 timing reify:diffTrees Completed in 4ms
1012 silly reify moves {}
1013 timing reify:retireShallow Completed in 2ms
1014 timing reify:createSparse Completed in 633ms
1015 timing reify:loadBundles Completed in 0ms
1016 silly audit bulk request {
1016 silly audit   '@headlessui/react': [ '2.2.9' ],
1016 silly audit   react: [ '18.3.1' ],
1016 silly audit   'react-dom': [ '18.3.1' ],
1016 silly audit   '@inertiajs/react': [ '2.2.19' ],
1016 silly audit   '@tailwindcss/forms': [ '0.5.10' ],
1016 silly audit   tailwindcss: [ '3.4.18' ],
1016 silly audit   '@vitejs/plugin-react': [ '4.7.0' ],
1016 silly audit   vite: [ '5.4.21' ],
1016 silly audit   autoprefixer: [ '10.4.22' ],
1016 silly audit   postcss: [ '8.5.6' ],
1016 silly audit   axios: [ '1.13.2' ],
1016 silly audit   'laravel-vite-plugin': [ '1.3.0' ],
1016 silly audit   '@floating-ui/react': [ '0.26.28' ],
1016 silly audit   '@react-aria/focus': [ '3.21.2' ],
1016 silly audit   '@react-aria/interactions': [ '3.25.6' ],
1016 silly audit   '@tanstack/react-virtual': [ '3.13.12' ],
1016 silly audit   'use-sync-external-store': [ '1.6.0' ],
1016 silly audit   '@floating-ui/react-dom': [ '2.1.6' ],
1016 silly audit   '@floating-ui/utils': [ '0.2.10' ],
1016 silly audit   tabbable: [ '6.3.0' ],
1016 silly audit   '@floating-ui/dom': [ '1.7.4' ],
1016 silly audit   '@floating-ui/core': [ '1.7.3' ],
1016 silly audit   '@inertiajs/core': [ '2.2.19' ],
1016 silly audit   '@types/lodash-es': [ '4.17.12' ],
1016 silly audit   'lodash-es': [ '4.17.21' ],
1016 silly audit   qs: [ '6.14.0' ],
1016 silly audit   '@react-aria/utils': [ '3.31.0' ],
1016 silly audit   '@react-types/shared': [ '3.32.1' ],
1016 silly audit   '@swc/helpers': [ '0.5.17' ],
1016 silly audit   clsx: [ '2.1.1' ],
1016 silly audit   '@react-aria/ssr': [ '3.9.10' ],
1016 silly audit   '@react-stately/flags': [ '3.1.2' ],
1016 silly audit   '@react-stately/utils': [ '3.10.8' ],
1016 silly audit   tslib: [ '2.8.1' ],
1016 silly audit   'mini-svg-data-uri': [ '1.4.4' ],
1016 silly audit   '@tanstack/virtual-core': [ '3.13.12' ],
1016 silly audit   '@types/lodash': [ '4.17.21' ],
1016 silly audit   '@babel/core': [ '7.28.5' ],
1016 silly audit   '@babel/plugin-transform-react-jsx-self': [ '7.27.1' ],
1016 silly audit   '@babel/plugin-transform-react-jsx-source': [ '7.27.1' ],
1016 silly audit   '@rolldown/pluginutils': [ '1.0.0-beta.27' ],
1016 silly audit   '@types/babel__core': [ '7.20.5' ],
1016 silly audit   'react-refresh': [ '0.17.0' ],
1016 silly audit   '@babel/code-frame': [ '7.27.1' ],
1016 silly audit   '@babel/generator': [ '7.28.5' ],
1016 silly audit   '@babel/helper-compilation-targets': [ '7.27.2' ],
1016 silly audit   '@babel/helper-module-transforms': [ '7.28.3' ],
1016 silly audit   '@babel/helpers': [ '7.28.4' ],
1016 silly audit   '@babel/parser': [ '7.28.5' ],
1016 silly audit   '@babel/template': [ '7.27.2' ],
1016 silly audit   '@babel/traverse': [ '7.28.5' ],
1016 silly audit   '@babel/types': [ '7.28.5' ],
1016 silly audit   '@jridgewell/remapping': [ '2.3.5' ],
1016 silly audit   'convert-source-map': [ '2.0.0' ],
1016 silly audit   debug: [ '4.4.3' ],
1016 silly audit   gensync: [ '1.0.0-beta.2' ],
1016 silly audit   json5: [ '2.2.3' ],
1016 silly audit   semver: [ '6.3.1' ],
1016 silly audit   '@babel/helper-validator-identifier': [ '7.28.5' ],
1016 silly audit   'js-tokens': [ '4.0.0' ],
1016 silly audit   picocolors: [ '1.1.1' ],
1016 silly audit   '@jridgewell/gen-mapping': [ '0.3.13' ],
1016 silly audit   '@jridgewell/trace-mapping': [ '0.3.31' ],
1016 silly audit   jsesc: [ '3.1.0' ],
1016 silly audit   '@babel/compat-data': [ '7.28.5' ],
1016 silly audit   '@babel/helper-validator-option': [ '7.27.1' ],
1016 silly audit   browserslist: [ '4.28.1' ],
1016 silly audit   'lru-cache': [ '5.1.1' ],
1016 silly audit   '@babel/helper-module-imports': [ '7.27.1' ],
1016 silly audit   '@babel/helper-plugin-utils': [ '7.27.1' ],
1016 silly audit   '@babel/helper-globals': [ '7.28.0' ],
1016 silly audit   '@babel/helper-string-parser': [ '7.27.1' ],
1016 silly audit   '@jridgewell/sourcemap-codec': [ '1.5.5' ],
1016 silly audit   '@jridgewell/resolve-uri': [ '3.1.2' ],
1016 silly audit   '@types/babel__generator': [ '7.27.0' ],
1016 silly audit   '@types/babel__template': [ '7.4.4' ],
1016 silly audit   '@types/babel__traverse': [ '7.28.0' ],
1016 silly audit   'caniuse-lite': [ '1.0.30001759' ],
1016 silly audit   'fraction.js': [ '5.3.4' ],
1016 silly audit   'normalize-range': [ '0.1.2' ],
1016 silly audit   'postcss-value-parser': [ '4.2.0' ],
1016 silly audit   'follow-redirects': [ '1.15.11' ],
1016 silly audit   'form-data': [ '4.0.5' ],
1016 silly audit   'proxy-from-env': [ '1.1.0' ],
1016 silly audit   'baseline-browser-mapping': [ '2.9.3' ],
1016 silly audit   'electron-to-chromium': [ '1.5.266' ],
1016 silly audit   'node-releases': [ '2.0.27' ],
1016 silly audit   'update-browserslist-db': [ '1.2.2' ],
1016 silly audit   ms: [ '2.1.3' ],
1016 silly audit   asynckit: [ '0.4.0' ],
1016 silly audit   'combined-stream': [ '1.0.8' ],
1016 silly audit   'es-set-tostringtag': [ '2.1.0' ],
1016 silly audit   hasown: [ '2.0.2' ],
1016 silly audit   'mime-types': [ '2.1.35' ],
1016 silly audit   'delayed-stream': [ '1.0.0' ],
1016 silly audit   'es-errors': [ '1.3.0' ],
1016 silly audit   'get-intrinsic': [ '1.3.0' ],
1016 silly audit   'has-tostringtag': [ '1.0.2' ],
1016 silly audit   'call-bind-apply-helpers': [ '1.0.2' ],
1016 silly audit   'es-define-property': [ '1.0.1' ],
1016 silly audit   'es-object-atoms': [ '1.1.1' ],
1016 silly audit   'function-bind': [ '1.1.2' ],
1016 silly audit   'get-proto': [ '1.0.1' ],
1016 silly audit   gopd: [ '1.2.0' ],
1016 silly audit   'has-symbols': [ '1.1.0' ],
1016 silly audit   'math-intrinsics': [ '1.1.0' ],
1016 silly audit   'dunder-proto': [ '1.0.1' ],
1016 silly audit   'vite-plugin-full-reload': [ '1.2.0' ],
1016 silly audit   yallist: [ '3.1.1' ],
1016 silly audit   'mime-db': [ '1.52.0' ],
1016 silly audit   nanoid: [ '3.3.11' ],
1016 silly audit   'source-map-js': [ '1.2.1' ],
1016 silly audit   'side-channel': [ '1.1.0' ],
1016 silly audit   'loose-envify': [ '1.4.0' ],
1016 silly audit   scheduler: [ '0.23.2' ],
1016 silly audit   'object-inspect': [ '1.13.4' ],
1016 silly audit   'side-channel-list': [ '1.0.0' ],
1016 silly audit   'side-channel-map': [ '1.0.1' ],
1016 silly audit   'side-channel-weakmap': [ '1.0.2' ],
1016 silly audit   'call-bound': [ '1.0.4' ],
1016 silly audit   '@alloc/quick-lru': [ '5.2.0' ],
1016 silly audit   arg: [ '5.0.2' ],
1016 silly audit   chokidar: [ '3.6.0' ],
1016 silly audit   didyoumean: [ '1.2.2' ],
1016 silly audit   dlv: [ '1.1.3' ],
1016 silly audit   'fast-glob': [ '3.3.3' ],
1016 silly audit   'glob-parent': [ '6.0.2', '5.1.2' ],
1016 silly audit   'is-glob': [ '4.0.3' ],
1016 silly audit   jiti: [ '1.21.7' ],
1016 silly audit   lilconfig: [ '3.1.3' ],
1016 silly audit   micromatch: [ '4.0.8' ],
1016 silly audit   'normalize-path': [ '3.0.0' ],
1016 silly audit   'object-hash': [ '3.0.0' ],
1016 silly audit   'postcss-import': [ '15.1.0' ],
1016 silly audit   'postcss-js': [ '4.1.0' ],
1016 silly audit   'postcss-load-config': [ '6.0.1' ],
1016 silly audit   'postcss-nested': [ '6.2.0' ],
1016 silly audit   'postcss-selector-parser': [ '6.1.2' ],
1016 silly audit   resolve: [ '1.22.11' ],
1016 silly audit   sucrase: [ '3.35.1' ],
1016 silly audit   anymatch: [ '3.1.3' ],
1016 silly audit   braces: [ '3.0.3' ],
1016 silly audit   fsevents: [ '2.3.3' ],
1016 silly audit   'is-binary-path': [ '2.1.0' ],
1016 silly audit   readdirp: [ '3.6.0' ],
1016 silly audit   picomatch: [ '2.3.1', '4.0.3' ],
1016 silly audit   'fill-range': [ '7.1.1' ],
1016 silly audit   '@nodelib/fs.stat': [ '2.0.5' ],
1016 silly audit   '@nodelib/fs.walk': [ '1.2.8' ],
1016 silly audit   merge2: [ '1.4.1' ],
1016 silly audit   '@nodelib/fs.scandir': [ '2.1.5' ],
1016 silly audit   fastq: [ '1.19.1' ],
1016 silly audit   'run-parallel': [ '1.2.0' ],
1016 silly audit   reusify: [ '1.1.0' ],
1016 silly audit   'to-regex-range': [ '5.0.1' ],
1016 silly audit   'binary-extensions': [ '2.3.0' ],
1016 silly audit   'is-extglob': [ '2.1.1' ],
1016 silly audit   'read-cache': [ '1.0.0' ],
1016 silly audit   'camelcase-css': [ '2.0.1' ],
1016 silly audit   cssesc: [ '3.0.0' ],
1016 silly audit   'util-deprecate': [ '1.0.2' ],
1016 silly audit   pify: [ '2.3.0' ],
1016 silly audit   'is-core-module': [ '2.16.1' ],
1016 silly audit   'path-parse': [ '1.0.7' ],
1016 silly audit   'supports-preserve-symlinks-flag': [ '1.0.0' ],
1016 silly audit   'queue-microtask': [ '1.2.3' ],
1016 silly audit   commander: [ '4.1.1' ],
1016 silly audit   'lines-and-columns': [ '1.2.4' ],
1016 silly audit   mz: [ '2.7.0' ],
1016 silly audit   pirates: [ '4.0.7' ],
1016 silly audit   tinyglobby: [ '0.2.15' ],
1016 silly audit   'ts-interface-checker': [ '0.1.13' ],
1016 silly audit   'any-promise': [ '1.3.0' ],
1016 silly audit   'object-assign': [ '4.1.1' ],
1016 silly audit   'thenify-all': [ '1.6.0' ],
1016 silly audit   thenify: [ '3.3.1' ],
1016 silly audit   fdir: [ '6.5.0' ],
1016 silly audit   'is-number': [ '7.0.0' ],
1016 silly audit   escalade: [ '3.2.0' ],
1016 silly audit   esbuild: [ '0.21.5' ],
1016 silly audit   rollup: [ '4.53.3' ],
1016 silly audit   '@esbuild/aix-ppc64': [ '0.21.5' ],
1016 silly audit   '@esbuild/android-arm': [ '0.21.5' ],
1016 silly audit   '@esbuild/android-arm64': [ '0.21.5' ],
1016 silly audit   '@esbuild/android-x64': [ '0.21.5' ],
1016 silly audit   '@esbuild/darwin-arm64': [ '0.21.5' ],
1016 silly audit   '@esbuild/darwin-x64': [ '0.21.5' ],
1016 silly audit   '@esbuild/freebsd-arm64': [ '0.21.5' ],
1016 silly audit   '@esbuild/freebsd-x64': [ '0.21.5' ],
1016 silly audit   '@esbuild/linux-arm': [ '0.21.5' ],
1016 silly audit   '@esbuild/linux-arm64': [ '0.21.5' ],
1016 silly audit   '@esbuild/linux-ia32': [ '0.21.5' ],
1016 silly audit   '@esbuild/linux-loong64': [ '0.21.5' ],
1016 silly audit   '@esbuild/linux-mips64el': [ '0.21.5' ],
1016 silly audit   '@esbuild/linux-ppc64': [ '0.21.5' ],
1016 silly audit   '@esbuild/linux-riscv64': [ '0.21.5' ],
1016 silly audit   '@esbuild/linux-s390x': [ '0.21.5' ],
1016 silly audit   '@esbuild/linux-x64': [ '0.21.5' ],
1016 silly audit   '@esbuild/netbsd-x64': [ '0.21.5' ],
1016 silly audit   '@esbuild/openbsd-x64': [ '0.21.5' ],
1016 silly audit   '@esbuild/sunos-x64': [ '0.21.5' ],
1016 silly audit   '@esbuild/win32-arm64': [ '0.21.5' ],
1016 silly audit   '@esbuild/win32-ia32': [ '0.21.5' ],
1016 silly audit   '@esbuild/win32-x64': [ '0.21.5' ],
1016 silly audit   '@rollup/rollup-android-arm-eabi': [ '4.53.3' ],
1016 silly audit   '@rollup/rollup-android-arm64': [ '4.53.3' ],
1016 silly audit   '@rollup/rollup-darwin-arm64': [ '4.53.3' ],
1016 silly audit   '@rollup/rollup-darwin-x64': [ '4.53.3' ],
1016 silly audit   '@rollup/rollup-freebsd-arm64': [ '4.53.3' ],
1016 silly audit   '@rollup/rollup-freebsd-x64': [ '4.53.3' ],
1016 silly audit   '@rollup/rollup-linux-arm-gnueabihf': [ '4.53.3' ],
1016 silly audit   '@rollup/rollup-linux-arm-musleabihf': [ '4.53.3' ],
1016 silly audit   '@rollup/rollup-linux-arm64-gnu': [ '4.53.3' ],
1016 silly audit   '@rollup/rollup-linux-arm64-musl': [ '4.53.3' ],
1016 silly audit   '@rollup/rollup-linux-loong64-gnu': [ '4.53.3' ],
1016 silly audit   '@rollup/rollup-linux-ppc64-gnu': [ '4.53.3' ],
1016 silly audit   '@rollup/rollup-linux-riscv64-gnu': [ '4.53.3' ],
1016 silly audit   '@rollup/rollup-linux-riscv64-musl': [ '4.53.3' ],
1016 silly audit   '@rollup/rollup-linux-s390x-gnu': [ '4.53.3' ],
1016 silly audit   '@rollup/rollup-linux-x64-gnu': [ '4.53.3' ],
1016 silly audit   '@rollup/rollup-linux-x64-musl': [ '4.53.3' ],
1016 silly audit   '@rollup/rollup-openharmony-arm64': [ '4.53.3' ],
1016 silly audit   '@rollup/rollup-win32-arm64-msvc': [ '4.53.3' ],
1016 silly audit   '@rollup/rollup-win32-ia32-msvc': [ '4.53.3' ],
1016 silly audit   '@rollup/rollup-win32-x64-gnu': [ '4.53.3' ],
1016 silly audit   '@rollup/rollup-win32-x64-msvc': [ '4.53.3' ],
1016 silly audit   '@types/estree': [ '1.0.8' ]
1016 silly audit }
1017 verbose reify failed optional dependency /var/www/node_modules/@rollup/rollup-win32-x64-msvc
1018 silly reify mark deleted [ '/var/www/node_modules/@rollup/rollup-win32-x64-msvc' ]
1019 verbose reify failed optional dependency /var/www/node_modules/@rollup/rollup-win32-x64-gnu
1020 silly reify mark deleted [ '/var/www/node_modules/@rollup/rollup-win32-x64-gnu' ]
1021 verbose reify failed optional dependency /var/www/node_modules/@rollup/rollup-win32-ia32-msvc
1022 silly reify mark deleted [ '/var/www/node_modules/@rollup/rollup-win32-ia32-msvc' ]
1023 verbose reify failed optional dependency /var/www/node_modules/@rollup/rollup-win32-arm64-msvc
1024 silly reify mark deleted [ '/var/www/node_modules/@rollup/rollup-win32-arm64-msvc' ]
1025 verbose reify failed optional dependency /var/www/node_modules/@rollup/rollup-openharmony-arm64
1026 silly reify mark deleted [ '/var/www/node_modules/@rollup/rollup-openharmony-arm64' ]
1027 verbose reify failed optional dependency /var/www/node_modules/@rollup/rollup-linux-s390x-gnu
1028 silly reify mark deleted [ '/var/www/node_modules/@rollup/rollup-linux-s390x-gnu' ]
1029 verbose reify failed optional dependency /var/www/node_modules/@rollup/rollup-linux-riscv64-musl
1030 silly reify mark deleted [ '/var/www/node_modules/@rollup/rollup-linux-riscv64-musl' ]
1031 verbose reify failed optional dependency /var/www/node_modules/@rollup/rollup-linux-riscv64-gnu
1032 silly reify mark deleted [ '/var/www/node_modules/@rollup/rollup-linux-riscv64-gnu' ]
1033 verbose reify failed optional dependency /var/www/node_modules/@rollup/rollup-linux-ppc64-gnu
1034 silly reify mark deleted [ '/var/www/node_modules/@rollup/rollup-linux-ppc64-gnu' ]
1035 verbose reify failed optional dependency /var/www/node_modules/@rollup/rollup-linux-loong64-gnu
1036 silly reify mark deleted [ '/var/www/node_modules/@rollup/rollup-linux-loong64-gnu' ]
1037 verbose reify failed optional dependency /var/www/node_modules/@rollup/rollup-linux-arm64-musl
1038 silly reify mark deleted [ '/var/www/node_modules/@rollup/rollup-linux-arm64-musl' ]
1039 verbose reify failed optional dependency /var/www/node_modules/@rollup/rollup-linux-arm64-gnu
1040 silly reify mark deleted [ '/var/www/node_modules/@rollup/rollup-linux-arm64-gnu' ]
1041 verbose reify failed optional dependency /var/www/node_modules/@rollup/rollup-linux-arm-musleabihf
1042 silly reify mark deleted [ '/var/www/node_modules/@rollup/rollup-linux-arm-musleabihf' ]
1043 verbose reify failed optional dependency /var/www/node_modules/@rollup/rollup-linux-arm-gnueabihf
1044 silly reify mark deleted [ '/var/www/node_modules/@rollup/rollup-linux-arm-gnueabihf' ]
1045 verbose reify failed optional dependency /var/www/node_modules/@rollup/rollup-freebsd-x64
1046 silly reify mark deleted [ '/var/www/node_modules/@rollup/rollup-freebsd-x64' ]
1047 verbose reify failed optional dependency /var/www/node_modules/@rollup/rollup-freebsd-arm64
1048 silly reify mark deleted [ '/var/www/node_modules/@rollup/rollup-freebsd-arm64' ]
1049 verbose reify failed optional dependency /var/www/node_modules/@rollup/rollup-darwin-x64
1050 silly reify mark deleted [ '/var/www/node_modules/@rollup/rollup-darwin-x64' ]
1051 verbose reify failed optional dependency /var/www/node_modules/@rollup/rollup-darwin-arm64
1052 silly reify mark deleted [ '/var/www/node_modules/@rollup/rollup-darwin-arm64' ]
1053 verbose reify failed optional dependency /var/www/node_modules/@rollup/rollup-android-arm64
1054 silly reify mark deleted [ '/var/www/node_modules/@rollup/rollup-android-arm64' ]
1055 verbose reify failed optional dependency /var/www/node_modules/@rollup/rollup-android-arm-eabi
1056 silly reify mark deleted [ '/var/www/node_modules/@rollup/rollup-android-arm-eabi' ]
1057 verbose reify failed optional dependency /var/www/node_modules/@esbuild/win32-x64
1058 silly reify mark deleted [ '/var/www/node_modules/@esbuild/win32-x64' ]
1059 verbose reify failed optional dependency /var/www/node_modules/@esbuild/win32-ia32
1060 silly reify mark deleted [ '/var/www/node_modules/@esbuild/win32-ia32' ]
1061 verbose reify failed optional dependency /var/www/node_modules/@esbuild/win32-arm64
1062 silly reify mark deleted [ '/var/www/node_modules/@esbuild/win32-arm64' ]
1063 verbose reify failed optional dependency /var/www/node_modules/@esbuild/sunos-x64
1064 silly reify mark deleted [ '/var/www/node_modules/@esbuild/sunos-x64' ]
1065 verbose reify failed optional dependency /var/www/node_modules/@esbuild/openbsd-x64
1066 silly reify mark deleted [ '/var/www/node_modules/@esbuild/openbsd-x64' ]
1067 verbose reify failed optional dependency /var/www/node_modules/@esbuild/netbsd-x64
1068 silly reify mark deleted [ '/var/www/node_modules/@esbuild/netbsd-x64' ]
1069 verbose reify failed optional dependency /var/www/node_modules/@esbuild/linux-s390x
1070 silly reify mark deleted [ '/var/www/node_modules/@esbuild/linux-s390x' ]
1071 verbose reify failed optional dependency /var/www/node_modules/@esbuild/linux-riscv64
1072 silly reify mark deleted [ '/var/www/node_modules/@esbuild/linux-riscv64' ]
1073 verbose reify failed optional dependency /var/www/node_modules/@esbuild/linux-ppc64
1074 silly reify mark deleted [ '/var/www/node_modules/@esbuild/linux-ppc64' ]
1075 verbose reify failed optional dependency /var/www/node_modules/@esbuild/linux-mips64el
1076 silly reify mark deleted [ '/var/www/node_modules/@esbuild/linux-mips64el' ]
1077 verbose reify failed optional dependency /var/www/node_modules/@esbuild/linux-loong64
1078 silly reify mark deleted [ '/var/www/node_modules/@esbuild/linux-loong64' ]
1079 verbose reify failed optional dependency /var/www/node_modules/@esbuild/linux-ia32
1080 silly reify mark deleted [ '/var/www/node_modules/@esbuild/linux-ia32' ]
1081 verbose reify failed optional dependency /var/www/node_modules/@esbuild/linux-arm64
1082 silly reify mark deleted [ '/var/www/node_modules/@esbuild/linux-arm64' ]
1083 verbose reify failed optional dependency /var/www/node_modules/@esbuild/linux-arm
1084 silly reify mark deleted [ '/var/www/node_modules/@esbuild/linux-arm' ]
1085 verbose reify failed optional dependency /var/www/node_modules/@esbuild/freebsd-x64
1086 silly reify mark deleted [ '/var/www/node_modules/@esbuild/freebsd-x64' ]
1087 verbose reify failed optional dependency /var/www/node_modules/@esbuild/freebsd-arm64
1088 silly reify mark deleted [ '/var/www/node_modules/@esbuild/freebsd-arm64' ]
1089 verbose reify failed optional dependency /var/www/node_modules/@esbuild/darwin-x64
1090 silly reify mark deleted [ '/var/www/node_modules/@esbuild/darwin-x64' ]
1091 verbose reify failed optional dependency /var/www/node_modules/@esbuild/darwin-arm64
1092 silly reify mark deleted [ '/var/www/node_modules/@esbuild/darwin-arm64' ]
1093 verbose reify failed optional dependency /var/www/node_modules/@esbuild/android-x64
1094 silly reify mark deleted [ '/var/www/node_modules/@esbuild/android-x64' ]
1095 verbose reify failed optional dependency /var/www/node_modules/@esbuild/android-arm64
1096 silly reify mark deleted [ '/var/www/node_modules/@esbuild/android-arm64' ]
1097 verbose reify failed optional dependency /var/www/node_modules/@esbuild/android-arm
1098 silly reify mark deleted [ '/var/www/node_modules/@esbuild/android-arm' ]
1099 verbose reify failed optional dependency /var/www/node_modules/@esbuild/aix-ppc64
1100 silly reify mark deleted [ '/var/www/node_modules/@esbuild/aix-ppc64' ]
1101 verbose reify failed optional dependency /var/www/node_modules/fsevents
1102 silly reify mark deleted [ '/var/www/node_modules/fsevents' ]
1103 timing reifyNode:node_modules/@rollup/rollup-win32-x64-msvc Completed in 107ms
1104 timing reifyNode:node_modules/@rollup/rollup-win32-x64-gnu Completed in 108ms
1105 timing reifyNode:node_modules/@rollup/rollup-win32-ia32-msvc Completed in 109ms
1106 timing reifyNode:node_modules/@rollup/rollup-win32-arm64-msvc Completed in 111ms
1107 timing reifyNode:node_modules/@rollup/rollup-openharmony-arm64 Completed in 111ms
1108 timing reifyNode:node_modules/@rollup/rollup-linux-s390x-gnu Completed in 112ms
1109 timing reifyNode:node_modules/@rollup/rollup-linux-riscv64-musl Completed in 112ms
1110 timing reifyNode:node_modules/@rollup/rollup-linux-riscv64-gnu Completed in 113ms
1111 timing reifyNode:node_modules/@rollup/rollup-linux-ppc64-gnu Completed in 113ms
1112 timing reifyNode:node_modules/@rollup/rollup-linux-loong64-gnu Completed in 114ms
1113 timing reifyNode:node_modules/@rollup/rollup-linux-arm64-musl Completed in 114ms
1114 timing reifyNode:node_modules/@rollup/rollup-linux-arm64-gnu Completed in 115ms
1115 timing reifyNode:node_modules/@rollup/rollup-linux-arm-musleabihf Completed in 116ms
1116 timing reifyNode:node_modules/@rollup/rollup-linux-arm-gnueabihf Completed in 117ms
1117 timing reifyNode:node_modules/@rollup/rollup-freebsd-x64 Completed in 118ms
1118 timing reifyNode:node_modules/@rollup/rollup-freebsd-arm64 Completed in 118ms
1119 timing reifyNode:node_modules/@rollup/rollup-darwin-x64 Completed in 119ms
1120 timing reifyNode:node_modules/@rollup/rollup-darwin-arm64 Completed in 120ms
1121 timing reifyNode:node_modules/@rollup/rollup-android-arm64 Completed in 120ms
1122 timing reifyNode:node_modules/@rollup/rollup-android-arm-eabi Completed in 121ms
1123 timing reifyNode:node_modules/@esbuild/win32-x64 Completed in 122ms
1124 timing reifyNode:node_modules/@esbuild/win32-ia32 Completed in 122ms
1125 timing reifyNode:node_modules/@esbuild/win32-arm64 Completed in 123ms
1126 timing reifyNode:node_modules/@esbuild/sunos-x64 Completed in 123ms
1127 timing reifyNode:node_modules/@esbuild/openbsd-x64 Completed in 123ms
1128 timing reifyNode:node_modules/@esbuild/netbsd-x64 Completed in 124ms
1129 timing reifyNode:node_modules/@esbuild/linux-s390x Completed in 124ms
1130 timing reifyNode:node_modules/@esbuild/linux-riscv64 Completed in 125ms
1131 timing reifyNode:node_modules/@esbuild/linux-ppc64 Completed in 126ms
1132 timing reifyNode:node_modules/@esbuild/linux-mips64el Completed in 126ms
1133 timing reifyNode:node_modules/@esbuild/linux-loong64 Completed in 127ms
1134 timing reifyNode:node_modules/@esbuild/linux-ia32 Completed in 128ms
1135 timing reifyNode:node_modules/@esbuild/linux-arm64 Completed in 128ms
1136 timing reifyNode:node_modules/@esbuild/linux-arm Completed in 129ms
1137 timing reifyNode:node_modules/@esbuild/freebsd-x64 Completed in 130ms
1138 timing reifyNode:node_modules/@esbuild/freebsd-arm64 Completed in 131ms
1139 timing reifyNode:node_modules/@esbuild/darwin-x64 Completed in 131ms
1140 timing reifyNode:node_modules/@esbuild/darwin-arm64 Completed in 132ms
1141 timing reifyNode:node_modules/@esbuild/android-x64 Completed in 134ms
1142 timing reifyNode:node_modules/@esbuild/android-arm64 Completed in 133ms
1143 timing reifyNode:node_modules/@esbuild/android-arm Completed in 134ms
1144 timing reifyNode:node_modules/@esbuild/aix-ppc64 Completed in 135ms
1145 timing reifyNode:node_modules/fsevents Completed in 134ms
1146 silly tarball no local data for @rollup/rollup-linux-x64-gnu@https://registry.npmjs.org/@rollup/rollup-linux-x64-gnu/-/rollup-linux-x64-gnu-4.53.3.tgz. Extracting by manifest.
1147 silly tarball no local data for @rollup/rollup-linux-x64-musl@https://registry.npmjs.org/@rollup/rollup-linux-x64-musl/-/rollup-linux-x64-musl-4.53.3.tgz. Extracting by manifest.
1148 silly tarball no local data for rollup@https://registry.npmjs.org/rollup/-/rollup-4.53.3.tgz. Extracting by manifest.
1149 silly tarball no local data for @types/estree@https://registry.npmjs.org/@types/estree/-/estree-1.0.8.tgz. Extracting by manifest.
1150 silly tarball no local data for esbuild@https://registry.npmjs.org/esbuild/-/esbuild-0.21.5.tgz. Extracting by manifest.
1151 silly tarball no local data for is-number@https://registry.npmjs.org/is-number/-/is-number-7.0.0.tgz. Extracting by manifest.
1152 silly tarball no local data for @esbuild/linux-x64@https://registry.npmjs.org/@esbuild/linux-x64/-/linux-x64-0.21.5.tgz. Extracting by manifest.
1153 silly tarball no local data for escalade@https://registry.npmjs.org/escalade/-/escalade-3.2.0.tgz. Extracting by manifest.
1154 silly tarball no local data for thenify@https://registry.npmjs.org/thenify/-/thenify-3.3.1.tgz. Extracting by manifest.
1155 silly tarball no local data for object-assign@https://registry.npmjs.org/object-assign/-/object-assign-4.1.1.tgz. Extracting by manifest.
1156 silly tarball no local data for ts-interface-checker@https://registry.npmjs.org/ts-interface-checker/-/ts-interface-checker-0.1.13.tgz. Extracting by manifest.
1157 silly tarball no local data for mz@https://registry.npmjs.org/mz/-/mz-2.7.0.tgz. Extracting by manifest.
1158 silly tarball no local data for tinyglobby@https://registry.npmjs.org/tinyglobby/-/tinyglobby-0.2.15.tgz. Extracting by manifest.
1159 silly tarball no local data for thenify-all@https://registry.npmjs.org/thenify-all/-/thenify-all-1.6.0.tgz. Extracting by manifest.
1160 silly tarball no local data for queue-microtask@https://registry.npmjs.org/queue-microtask/-/queue-microtask-1.2.3.tgz. Extracting by manifest.
1161 silly tarball no local data for any-promise@https://registry.npmjs.org/any-promise/-/any-promise-1.3.0.tgz. Extracting by manifest.
1162 silly tarball no local data for commander@https://registry.npmjs.org/commander/-/commander-4.1.1.tgz. Extracting by manifest.
1163 silly tarball no local data for is-core-module@https://registry.npmjs.org/is-core-module/-/is-core-module-2.16.1.tgz. Extracting by manifest.
1164 silly tarball no local data for pirates@https://registry.npmjs.org/pirates/-/pirates-4.0.7.tgz. Extracting by manifest.
1165 silly tarball no local data for pify@https://registry.npmjs.org/pify/-/pify-2.3.0.tgz. Extracting by manifest.
1166 silly tarball no local data for lines-and-columns@https://registry.npmjs.org/lines-and-columns/-/lines-and-columns-1.2.4.tgz. Extracting by manifest.
1167 silly tarball no local data for supports-preserve-symlinks-flag@https://registry.npmjs.org/supports-preserve-symlinks-flag/-/supports-preserve-symlinks-flag-1.0.0.tgz. Extracting by manifest.
1168 silly tarball no local data for path-parse@https://registry.npmjs.org/path-parse/-/path-parse-1.0.7.tgz. Extracting by manifest.
1169 silly tarball no local data for camelcase-css@https://registry.npmjs.org/camelcase-css/-/camelcase-css-2.0.1.tgz. Extracting by manifest.
1170 silly tarball no local data for util-deprecate@https://registry.npmjs.org/util-deprecate/-/util-deprecate-1.0.2.tgz. Extracting by manifest.
1171 silly tarball no local data for cssesc@https://registry.npmjs.org/cssesc/-/cssesc-3.0.0.tgz. Extracting by manifest.
1172 silly tarball no local data for to-regex-range@https://registry.npmjs.org/to-regex-range/-/to-regex-range-5.0.1.tgz. Extracting by manifest.
1173 silly tarball no local data for is-extglob@https://registry.npmjs.org/is-extglob/-/is-extglob-2.1.1.tgz. Extracting by manifest.
1174 silly tarball no local data for read-cache@https://registry.npmjs.org/read-cache/-/read-cache-1.0.0.tgz. Extracting by manifest.
1175 silly tarball no local data for binary-extensions@https://registry.npmjs.org/binary-extensions/-/binary-extensions-2.3.0.tgz. Extracting by manifest.
1176 silly tarball no local data for reusify@https://registry.npmjs.org/reusify/-/reusify-1.1.0.tgz. Extracting by manifest.
1177 silly tarball no local data for run-parallel@https://registry.npmjs.org/run-parallel/-/run-parallel-1.2.0.tgz. Extracting by manifest.
1178 silly tarball no local data for merge2@https://registry.npmjs.org/merge2/-/merge2-1.4.1.tgz. Extracting by manifest.
1179 silly tarball no local data for fastq@https://registry.npmjs.org/fastq/-/fastq-1.19.1.tgz. Extracting by manifest.
1180 silly tarball no local data for picomatch@https://registry.npmjs.org/picomatch/-/picomatch-2.3.1.tgz. Extracting by manifest.
1181 silly tarball no local data for @nodelib/fs.walk@https://registry.npmjs.org/@nodelib/fs.walk/-/fs.walk-1.2.8.tgz. Extracting by manifest.
1182 silly tarball no local data for fill-range@https://registry.npmjs.org/fill-range/-/fill-range-7.1.1.tgz. Extracting by manifest.
1183 silly tarball no local data for @nodelib/fs.scandir@https://registry.npmjs.org/@nodelib/fs.scandir/-/fs.scandir-2.1.5.tgz. Extracting by manifest.
1184 silly tarball no local data for braces@https://registry.npmjs.org/braces/-/braces-3.0.3.tgz. Extracting by manifest.
1185 silly tarball no local data for resolve@https://registry.npmjs.org/resolve/-/resolve-1.22.11.tgz. Extracting by manifest.
1186 silly tarball no local data for readdirp@https://registry.npmjs.org/readdirp/-/readdirp-3.6.0.tgz. Extracting by manifest.
1187 silly tarball no local data for @nodelib/fs.stat@https://registry.npmjs.org/@nodelib/fs.stat/-/fs.stat-2.0.5.tgz. Extracting by manifest.
1188 silly tarball no local data for anymatch@https://registry.npmjs.org/anymatch/-/anymatch-3.1.3.tgz. Extracting by manifest.
1189 silly tarball no local data for sucrase@https://registry.npmjs.org/sucrase/-/sucrase-3.35.1.tgz. Extracting by manifest.
1190 silly tarball no local data for is-binary-path@https://registry.npmjs.org/is-binary-path/-/is-binary-path-2.1.0.tgz. Extracting by manifest.
1191 silly tarball no local data for postcss-load-config@https://registry.npmjs.org/postcss-load-config/-/postcss-load-config-6.0.1.tgz. Extracting by manifest.
1192 silly tarball no local data for postcss-js@https://registry.npmjs.org/postcss-js/-/postcss-js-4.1.0.tgz. Extracting by manifest.
1193 silly tarball no local data for postcss-import@https://registry.npmjs.org/postcss-import/-/postcss-import-15.1.0.tgz. Extracting by manifest.
1194 silly tarball no local data for postcss-nested@https://registry.npmjs.org/postcss-nested/-/postcss-nested-6.2.0.tgz. Extracting by manifest.
1195 silly tarball no local data for object-hash@https://registry.npmjs.org/object-hash/-/object-hash-3.0.0.tgz. Extracting by manifest.
1196 silly tarball no local data for normalize-path@https://registry.npmjs.org/normalize-path/-/normalize-path-3.0.0.tgz. Extracting by manifest.
1197 silly tarball no local data for lilconfig@https://registry.npmjs.org/lilconfig/-/lilconfig-3.1.3.tgz. Extracting by manifest.
1198 silly tarball no local data for jiti@https://registry.npmjs.org/jiti/-/jiti-1.21.7.tgz. Extracting by manifest.
1199 silly tarball no local data for postcss-selector-parser@https://registry.npmjs.org/postcss-selector-parser/-/postcss-selector-parser-6.1.2.tgz. Extracting by manifest.
1200 silly tarball no local data for micromatch@https://registry.npmjs.org/micromatch/-/micromatch-4.0.8.tgz. Extracting by manifest.
1201 silly tarball no local data for arg@https://registry.npmjs.org/arg/-/arg-5.0.2.tgz. Extracting by manifest.
1202 silly tarball no local data for is-glob@https://registry.npmjs.org/is-glob/-/is-glob-4.0.3.tgz. Extracting by manifest.
1203 silly tarball no local data for glob-parent@https://registry.npmjs.org/glob-parent/-/glob-parent-6.0.2.tgz. Extracting by manifest.
1204 silly tarball no local data for fast-glob@https://registry.npmjs.org/fast-glob/-/fast-glob-3.3.3.tgz. Extracting by manifest.
1205 silly tarball no local data for dlv@https://registry.npmjs.org/dlv/-/dlv-1.1.3.tgz. Extracting by manifest.
1206 silly tarball no local data for chokidar@https://registry.npmjs.org/chokidar/-/chokidar-3.6.0.tgz. Extracting by manifest.
1207 silly tarball no local data for didyoumean@https://registry.npmjs.org/didyoumean/-/didyoumean-1.2.2.tgz. Extracting by manifest.
1208 silly tarball no local data for side-channel-map@https://registry.npmjs.org/side-channel-map/-/side-channel-map-1.0.1.tgz. Extracting by manifest.
1209 silly tarball no local data for side-channel-weakmap@https://registry.npmjs.org/side-channel-weakmap/-/side-channel-weakmap-1.0.2.tgz. Extracting by manifest.
1210 silly tarball no local data for scheduler@https://registry.npmjs.org/scheduler/-/scheduler-0.23.2.tgz. Extracting by manifest.
1211 silly tarball no local data for call-bound@https://registry.npmjs.org/call-bound/-/call-bound-1.0.4.tgz. Extracting by manifest.
1212 silly tarball no local data for side-channel-list@https://registry.npmjs.org/side-channel-list/-/side-channel-list-1.0.0.tgz. Extracting by manifest.
1213 silly tarball no local data for object-inspect@https://registry.npmjs.org/object-inspect/-/object-inspect-1.13.4.tgz. Extracting by manifest.
1214 silly tarball no local data for nanoid@https://registry.npmjs.org/nanoid/-/nanoid-3.3.11.tgz. Extracting by manifest.
1215 silly tarball no local data for loose-envify@https://registry.npmjs.org/loose-envify/-/loose-envify-1.4.0.tgz. Extracting by manifest.
1216 silly tarball no local data for source-map-js@https://registry.npmjs.org/source-map-js/-/source-map-js-1.2.1.tgz. Extracting by manifest.
1217 silly tarball no local data for vite-plugin-full-reload@https://registry.npmjs.org/vite-plugin-full-reload/-/vite-plugin-full-reload-1.2.0.tgz. Extracting by manifest.
1218 silly tarball no local data for @alloc/quick-lru@https://registry.npmjs.org/@alloc/quick-lru/-/quick-lru-5.2.0.tgz. Extracting by manifest.
1219 silly tarball no local data for dunder-proto@https://registry.npmjs.org/dunder-proto/-/dunder-proto-1.0.1.tgz. Extracting by manifest.
1220 silly tarball no local data for side-channel@https://registry.npmjs.org/side-channel/-/side-channel-1.1.0.tgz. Extracting by manifest.
1221 silly tarball no local data for mime-db@https://registry.npmjs.org/mime-db/-/mime-db-1.52.0.tgz. Extracting by manifest.
1222 silly tarball no local data for yallist@https://registry.npmjs.org/yallist/-/yallist-3.1.1.tgz. Extracting by manifest.
1223 silly tarball no local data for has-symbols@https://registry.npmjs.org/has-symbols/-/has-symbols-1.1.0.tgz. Extracting by manifest.
1224 silly tarball no local data for math-intrinsics@https://registry.npmjs.org/math-intrinsics/-/math-intrinsics-1.1.0.tgz. Extracting by manifest.
1225 silly tarball no local data for get-proto@https://registry.npmjs.org/get-proto/-/get-proto-1.0.1.tgz. Extracting by manifest.
1226 silly tarball no local data for function-bind@https://registry.npmjs.org/function-bind/-/function-bind-1.1.2.tgz. Extracting by manifest.
1227 silly tarball no local data for gopd@https://registry.npmjs.org/gopd/-/gopd-1.2.0.tgz. Extracting by manifest.
1228 silly tarball no local data for call-bind-apply-helpers@https://registry.npmjs.org/call-bind-apply-helpers/-/call-bind-apply-helpers-1.0.2.tgz. Extracting by manifest.
1229 silly tarball no local data for es-define-property@https://registry.npmjs.org/es-define-property/-/es-define-property-1.0.1.tgz. Extracting by manifest.
1230 silly tarball no local data for get-intrinsic@https://registry.npmjs.org/get-intrinsic/-/get-intrinsic-1.3.0.tgz. Extracting by manifest.
1231 silly tarball no local data for has-tostringtag@https://registry.npmjs.org/has-tostringtag/-/has-tostringtag-1.0.2.tgz. Extracting by manifest.
1232 silly tarball no local data for es-object-atoms@https://registry.npmjs.org/es-object-atoms/-/es-object-atoms-1.1.1.tgz. Extracting by manifest.
1233 silly tarball no local data for es-errors@https://registry.npmjs.org/es-errors/-/es-errors-1.3.0.tgz. Extracting by manifest.
1234 silly tarball no local data for es-set-tostringtag@https://registry.npmjs.org/es-set-tostringtag/-/es-set-tostringtag-2.1.0.tgz. Extracting by manifest.
1235 silly tarball no local data for mime-types@https://registry.npmjs.org/mime-types/-/mime-types-2.1.35.tgz. Extracting by manifest.
1236 silly tarball no local data for delayed-stream@https://registry.npmjs.org/delayed-stream/-/delayed-stream-1.0.0.tgz. Extracting by manifest.
1237 silly tarball no local data for ms@https://registry.npmjs.org/ms/-/ms-2.1.3.tgz. Extracting by manifest.
1238 silly tarball no local data for node-releases@https://registry.npmjs.org/node-releases/-/node-releases-2.0.27.tgz. Extracting by manifest.
1239 silly tarball no local data for update-browserslist-db@https://registry.npmjs.org/update-browserslist-db/-/update-browserslist-db-1.2.2.tgz. Extracting by manifest.
1240 silly tarball no local data for asynckit@https://registry.npmjs.org/asynckit/-/asynckit-0.4.0.tgz. Extracting by manifest.
1241 silly tarball no local data for electron-to-chromium@https://registry.npmjs.org/electron-to-chromium/-/electron-to-chromium-1.5.266.tgz. Extracting by manifest.
1242 silly tarball no local data for combined-stream@https://registry.npmjs.org/combined-stream/-/combined-stream-1.0.8.tgz. Extracting by manifest.
1243 silly tarball no local data for proxy-from-env@https://registry.npmjs.org/proxy-from-env/-/proxy-from-env-1.1.0.tgz. Extracting by manifest.
1244 silly tarball no local data for hasown@https://registry.npmjs.org/hasown/-/hasown-2.0.2.tgz. Extracting by manifest.
1245 silly tarball no local data for baseline-browser-mapping@https://registry.npmjs.org/baseline-browser-mapping/-/baseline-browser-mapping-2.9.3.tgz. Extracting by manifest.
1246 silly tarball no local data for normalize-range@https://registry.npmjs.org/normalize-range/-/normalize-range-0.1.2.tgz. Extracting by manifest.
1247 silly tarball no local data for form-data@https://registry.npmjs.org/form-data/-/form-data-4.0.5.tgz. Extracting by manifest.
1248 silly tarball no local data for fraction.js@https://registry.npmjs.org/fraction.js/-/fraction.js-5.3.4.tgz. Extracting by manifest.
1249 silly tarball no local data for follow-redirects@https://registry.npmjs.org/follow-redirects/-/follow-redirects-1.15.11.tgz. Extracting by manifest.
1250 silly tarball no local data for caniuse-lite@https://registry.npmjs.org/caniuse-lite/-/caniuse-lite-1.0.30001759.tgz. Extracting by manifest.
1251 silly tarball no local data for postcss-value-parser@https://registry.npmjs.org/postcss-value-parser/-/postcss-value-parser-4.2.0.tgz. Extracting by manifest.
1252 silly tarball no local data for @jridgewell/resolve-uri@https://registry.npmjs.org/@jridgewell/resolve-uri/-/resolve-uri-3.1.2.tgz. Extracting by manifest.
1253 silly tarball no local data for @types/babel__generator@https://registry.npmjs.org/@types/babel__generator/-/babel__generator-7.27.0.tgz. Extracting by manifest.
1254 silly tarball no local data for @jridgewell/sourcemap-codec@https://registry.npmjs.org/@jridgewell/sourcemap-codec/-/sourcemap-codec-1.5.5.tgz. Extracting by manifest.
1255 silly tarball no local data for @types/babel__template@https://registry.npmjs.org/@types/babel__template/-/babel__template-7.4.4.tgz. Extracting by manifest.
1256 silly tarball no local data for lru-cache@https://registry.npmjs.org/lru-cache/-/lru-cache-5.1.1.tgz. Extracting by manifest.
1257 silly tarball no local data for @babel/helper-string-parser@https://registry.npmjs.org/@babel/helper-string-parser/-/helper-string-parser-7.27.1.tgz. Extracting by manifest.
1258 silly tarball no local data for @types/babel__traverse@https://registry.npmjs.org/@types/babel__traverse/-/babel__traverse-7.28.0.tgz. Extracting by manifest.
1259 http fetch POST 200 https://registry.npmjs.org/-/npm/v1/security/advisories/bulk 1033ms
1260 timing auditReport:getReport Completed in 1039ms
1261 silly audit report {
1261 silly audit report   esbuild: [
1261 silly audit report     {
1261 silly audit report       id: 1102341,
1261 silly audit report       url: 'https://github.com/advisories/GHSA-67mh-4wv8-2f99',
1261 silly audit report       title: 'esbuild enables any website to send any requests to the development server and read the response',
1261 silly audit report       severity: 'moderate',
1261 silly audit report       vulnerable_versions: '<=0.24.2',
1261 silly audit report       cwe: [Array],
1261 silly audit report       cvss: [Object]
1261 silly audit report     }
1261 silly audit report   ]
1261 silly audit report }
1262 timing metavuln:packument:esbuild Completed in 1ms
1263 silly tarball no local data for jsesc@https://registry.npmjs.org/jsesc/-/jsesc-3.1.0.tgz. Extracting by manifest.
1264 silly tarball no local data for @babel/helper-plugin-utils@https://registry.npmjs.org/@babel/helper-plugin-utils/-/helper-plugin-utils-7.27.1.tgz. Extracting by manifest.
1265 silly tarball no local data for @babel/helper-globals@https://registry.npmjs.org/@babel/helper-globals/-/helper-globals-7.28.0.tgz. Extracting by manifest.
1266 silly tarball no local data for picocolors@https://registry.npmjs.org/picocolors/-/picocolors-1.1.1.tgz. Extracting by manifest.
1267 silly tarball no local data for @babel/helper-validator-option@https://registry.npmjs.org/@babel/helper-validator-option/-/helper-validator-option-7.27.1.tgz. Extracting by manifest.
1268 silly tarball no local data for @babel/helper-module-imports@https://registry.npmjs.org/@babel/helper-module-imports/-/helper-module-imports-7.27.1.tgz. Extracting by manifest.
1269 silly tarball no local data for browserslist@https://registry.npmjs.org/browserslist/-/browserslist-4.28.1.tgz. Extracting by manifest.
1270 silly tarball no local data for js-tokens@https://registry.npmjs.org/js-tokens/-/js-tokens-4.0.0.tgz. Extracting by manifest.
1271 silly tarball no local data for @babel/compat-data@https://registry.npmjs.org/@babel/compat-data/-/compat-data-7.28.5.tgz. Extracting by manifest.
1272 silly tarball no local data for @jridgewell/gen-mapping@https://registry.npmjs.org/@jridgewell/gen-mapping/-/gen-mapping-0.3.13.tgz. Extracting by manifest.
1273 silly tarball no local data for @jridgewell/trace-mapping@https://registry.npmjs.org/@jridgewell/trace-mapping/-/trace-mapping-0.3.31.tgz. Extracting by manifest.
1274 silly tarball no local data for gensync@https://registry.npmjs.org/gensync/-/gensync-1.0.0-beta.2.tgz. Extracting by manifest.
1275 silly tarball no local data for semver@https://registry.npmjs.org/semver/-/semver-6.3.1.tgz. Extracting by manifest.
1276 silly tarball no local data for convert-source-map@https://registry.npmjs.org/convert-source-map/-/convert-source-map-2.0.0.tgz. Extracting by manifest.
1277 silly tarball no local data for json5@https://registry.npmjs.org/json5/-/json5-2.2.3.tgz. Extracting by manifest.
1278 silly tarball no local data for @babel/types@https://registry.npmjs.org/@babel/types/-/types-7.28.5.tgz. Extracting by manifest.
1279 silly tarball no local data for @babel/helper-validator-identifier@https://registry.npmjs.org/@babel/helper-validator-identifier/-/helper-validator-identifier-7.28.5.tgz. Extracting by manifest.
1280 silly tarball no local data for @babel/traverse@https://registry.npmjs.org/@babel/traverse/-/traverse-7.28.5.tgz. Extracting by manifest.
1281 silly tarball no local data for @babel/parser@https://registry.npmjs.org/@babel/parser/-/parser-7.28.5.tgz. Extracting by manifest.
1282 silly tarball no local data for debug@https://registry.npmjs.org/debug/-/debug-4.4.3.tgz. Extracting by manifest.
1283 silly tarball no local data for @jridgewell/remapping@https://registry.npmjs.org/@jridgewell/remapping/-/remapping-2.3.5.tgz. Extracting by manifest.
1284 silly tarball no local data for @babel/helpers@https://registry.npmjs.org/@babel/helpers/-/helpers-7.28.4.tgz. Extracting by manifest.
1285 silly tarball no local data for @babel/template@https://registry.npmjs.org/@babel/template/-/template-7.27.2.tgz. Extracting by manifest.
1286 silly tarball no local data for react-refresh@https://registry.npmjs.org/react-refresh/-/react-refresh-0.17.0.tgz. Extracting by manifest.
1287 silly tarball no local data for @babel/generator@https://registry.npmjs.org/@babel/generator/-/generator-7.28.5.tgz. Extracting by manifest.
1288 silly tarball no local data for @babel/helper-module-transforms@https://registry.npmjs.org/@babel/helper-module-transforms/-/helper-module-transforms-7.28.3.tgz. Extracting by manifest.
1289 silly tarball no local data for @babel/helper-compilation-targets@https://registry.npmjs.org/@babel/helper-compilation-targets/-/helper-compilation-targets-7.27.2.tgz. Extracting by manifest.
1290 silly tarball no local data for @babel/code-frame@https://registry.npmjs.org/@babel/code-frame/-/code-frame-7.27.1.tgz. Extracting by manifest.
1291 silly tarball no local data for @types/babel__core@https://registry.npmjs.org/@types/babel__core/-/babel__core-7.20.5.tgz. Extracting by manifest.
1292 silly tarball no local data for tslib@https://registry.npmjs.org/tslib/-/tslib-2.8.1.tgz. Extracting by manifest.
1293 silly tarball no local data for @babel/plugin-transform-react-jsx-source@https://registry.npmjs.org/@babel/plugin-transform-react-jsx-source/-/plugin-transform-react-jsx-source-7.27.1.tgz. Extracting by manifest.
1294 silly tarball no local data for @rolldown/pluginutils@https://registry.npmjs.org/@rolldown/pluginutils/-/pluginutils-1.0.0-beta.27.tgz. Extracting by manifest.
1295 silly tarball no local data for mini-svg-data-uri@https://registry.npmjs.org/mini-svg-data-uri/-/mini-svg-data-uri-1.4.4.tgz. Extracting by manifest.
1296 silly tarball no local data for @babel/plugin-transform-react-jsx-self@https://registry.npmjs.org/@babel/plugin-transform-react-jsx-self/-/plugin-transform-react-jsx-self-7.27.1.tgz. Extracting by manifest.
1297 silly tarball no local data for @babel/core@https://registry.npmjs.org/@babel/core/-/core-7.28.5.tgz. Extracting by manifest.
1298 silly tarball no local data for clsx@https://registry.npmjs.org/clsx/-/clsx-2.1.1.tgz. Extracting by manifest.
1299 silly tarball no local data for @react-stately/flags@https://registry.npmjs.org/@react-stately/flags/-/flags-3.1.2.tgz. Extracting by manifest.
1300 silly tarball no local data for @tanstack/virtual-core@https://registry.npmjs.org/@tanstack/virtual-core/-/virtual-core-3.13.12.tgz. Extracting by manifest.
1301 silly tarball no local data for @types/lodash@https://registry.npmjs.org/@types/lodash/-/lodash-4.17.21.tgz. Extracting by manifest.
1302 silly tarball no local data for @react-aria/ssr@https://registry.npmjs.org/@react-aria/ssr/-/ssr-3.9.10.tgz. Extracting by manifest.
1303 silly tarball no local data for qs@https://registry.npmjs.org/qs/-/qs-6.14.0.tgz. Extracting by manifest.
1304 silly tarball no local data for @react-stately/utils@https://registry.npmjs.org/@react-stately/utils/-/utils-3.10.8.tgz. Extracting by manifest.
1305 silly tarball no local data for @swc/helpers@https://registry.npmjs.org/@swc/helpers/-/helpers-0.5.17.tgz. Extracting by manifest.
1306 silly tarball no local data for @floating-ui/dom@https://registry.npmjs.org/@floating-ui/dom/-/dom-1.7.4.tgz. Extracting by manifest.
1307 silly tarball no local data for lodash-es@https://registry.npmjs.org/lodash-es/-/lodash-es-4.17.21.tgz. Extracting by manifest.
1308 silly tarball no local data for @react-types/shared@https://registry.npmjs.org/@react-types/shared/-/shared-3.32.1.tgz. Extracting by manifest.
1309 silly tarball no local data for @types/lodash-es@https://registry.npmjs.org/@types/lodash-es/-/lodash-es-4.17.12.tgz. Extracting by manifest.
1310 silly tarball no local data for @react-aria/utils@https://registry.npmjs.org/@react-aria/utils/-/utils-3.31.0.tgz. Extracting by manifest.
1311 silly tarball no local data for @floating-ui/core@https://registry.npmjs.org/@floating-ui/core/-/core-1.7.3.tgz. Extracting by manifest.
1312 silly tarball no local data for use-sync-external-store@https://registry.npmjs.org/use-sync-external-store/-/use-sync-external-store-1.6.0.tgz. Extracting by manifest.
1313 silly tarball no local data for @floating-ui/react-dom@https://registry.npmjs.org/@floating-ui/react-dom/-/react-dom-2.1.6.tgz. Extracting by manifest.
1314 silly tarball no local data for tabbable@https://registry.npmjs.org/tabbable/-/tabbable-6.3.0.tgz. Extracting by manifest.
1315 silly tarball no local data for laravel-vite-plugin@https://registry.npmjs.org/laravel-vite-plugin/-/laravel-vite-plugin-1.3.0.tgz. Extracting by manifest.
1316 silly tarball no local data for @floating-ui/utils@https://registry.npmjs.org/@floating-ui/utils/-/utils-0.2.10.tgz. Extracting by manifest.
1317 silly tarball no local data for @react-aria/focus@https://registry.npmjs.org/@react-aria/focus/-/focus-3.21.2.tgz. Extracting by manifest.
1318 silly tarball no local data for axios@https://registry.npmjs.org/axios/-/axios-1.13.2.tgz. Extracting by manifest.
1319 silly tarball no local data for @react-aria/interactions@https://registry.npmjs.org/@react-aria/interactions/-/interactions-3.25.6.tgz. Extracting by manifest.
1320 silly tarball no local data for postcss@https://registry.npmjs.org/postcss/-/postcss-8.5.6.tgz. Extracting by manifest.
1321 silly tarball no local data for autoprefixer@https://registry.npmjs.org/autoprefixer/-/autoprefixer-10.4.22.tgz. Extracting by manifest.
1322 silly tarball no local data for @floating-ui/react@https://registry.npmjs.org/@floating-ui/react/-/react-0.26.28.tgz. Extracting by manifest.
1323 silly tarball no local data for @tanstack/react-virtual@https://registry.npmjs.org/@tanstack/react-virtual/-/react-virtual-3.13.12.tgz. Extracting by manifest.
1324 silly tarball no local data for @inertiajs/core@https://registry.npmjs.org/@inertiajs/core/-/core-2.2.19.tgz. Extracting by manifest.
1325 silly tarball no local data for vite@https://registry.npmjs.org/vite/-/vite-5.4.21.tgz. Extracting by manifest.
1326 silly tarball no local data for tailwindcss@https://registry.npmjs.org/tailwindcss/-/tailwindcss-3.4.18.tgz. Extracting by manifest.
1327 silly tarball no local data for @vitejs/plugin-react@https://registry.npmjs.org/@vitejs/plugin-react/-/plugin-react-4.7.0.tgz. Extracting by manifest.
1328 silly tarball no local data for @tailwindcss/forms@https://registry.npmjs.org/@tailwindcss/forms/-/forms-0.5.10.tgz. Extracting by manifest.
1329 silly tarball no local data for react@https://registry.npmjs.org/react/-/react-18.3.1.tgz. Extracting by manifest.
1330 silly tarball no local data for @headlessui/react@https://registry.npmjs.org/@headlessui/react/-/react-2.2.9.tgz. Extracting by manifest.
1331 silly tarball no local data for @inertiajs/react@https://registry.npmjs.org/@inertiajs/react/-/react-2.2.19.tgz. Extracting by manifest.
1332 silly tarball no local data for react-dom@https://registry.npmjs.org/react-dom/-/react-dom-18.3.1.tgz. Extracting by manifest.
1333 silly tarball no local data for picomatch@https://registry.npmjs.org/picomatch/-/picomatch-4.0.3.tgz. Extracting by manifest.
1334 silly tarball no local data for fdir@https://registry.npmjs.org/fdir/-/fdir-6.5.0.tgz. Extracting by manifest.
1335 silly tarball no local data for glob-parent@https://registry.npmjs.org/glob-parent/-/glob-parent-5.1.2.tgz. Extracting by manifest.
1336 silly tarball no local data for glob-parent@https://registry.npmjs.org/glob-parent/-/glob-parent-5.1.2.tgz. Extracting by manifest.
1337 timing metavuln:cache:get:security-advisory:esbuild:jKdCIzePj7J1488qgRXvF8Srh9wutSuR1exB8YooNX62hT+qhtrUXYbArLNoIhgwbaCqKpmduh18syZU7BR9SA== Completed in 245ms
1338 timing metavuln:load:security-advisory:esbuild:1102341 Completed in 14ms
1339 http fetch GET 200 https://registry.npmjs.org/escalade/-/escalade-3.2.0.tgz 1506ms (cache miss)
1340 http fetch GET 200 https://registry.npmjs.org/@types/estree/-/estree-1.0.8.tgz 1535ms (cache miss)
1341 timing reifyNode:node_modules/@types/estree Completed in 2263ms
1342 http fetch GET 200 https://registry.npmjs.org/ts-interface-checker/-/ts-interface-checker-0.1.13.tgz 1811ms (cache miss)
1343 http fetch GET 200 https://registry.npmjs.org/is-number/-/is-number-7.0.0.tgz 1831ms (cache miss)
1344 timing reifyNode:node_modules/is-number Completed in 2561ms
1345 timing metavuln:cache:put:security-advisory:esbuild:jKdCIzePj7J1488qgRXvF8Srh9wutSuR1exB8YooNX62hT+qhtrUXYbArLNoIhgwbaCqKpmduh18syZU7BR9SA== Completed in 1271ms
1346 timing metavuln:calculate:security-advisory:esbuild:1102341 Completed in 1533ms
1347 timing metavuln:packument:vite Completed in 0ms
1348 http fetch GET 200 https://registry.npmjs.org/tinyglobby/-/tinyglobby-0.2.15.tgz 1826ms (cache miss)
1349 http fetch GET 200 https://registry.npmjs.org/any-promise/-/any-promise-1.3.0.tgz 1830ms (cache miss)
1350 http fetch GET 200 https://registry.npmjs.org/thenify-all/-/thenify-all-1.6.0.tgz 1928ms (cache miss)
1351 timing reifyNode:node_modules/thenify-all Completed in 2686ms
1352 timing metavuln:cache:get:security-advisory:vite:tMBsdAS7JBTyRORp0YaJR984WAAsOxgmReSLBN0Nd41GhzEakjROICqAJ31iOdYG5Ijo/MlJ01p3ig1iN88+Tw== Completed in 125ms
1353 timing metavuln:load:security-advisory:vite:jKdCIzePj7J1488qgRXvF8Srh9wutSuR1exB8YooNX62hT+qhtrUXYbArLNoIhgwbaCqKpmduh18syZU7BR9SA== Completed in 155ms
1354 http fetch GET 200 https://registry.npmjs.org/thenify/-/thenify-3.3.1.tgz 2148ms (cache miss)
1355 timing reifyNode:node_modules/thenify Completed in 2889ms
1356 http fetch GET 200 https://registry.npmjs.org/object-assign/-/object-assign-4.1.1.tgz 2146ms (cache miss)
1357 timing reifyNode:node_modules/object-assign Completed in 2891ms
1358 timing reifyNode:node_modules/tinyglobby Completed in 3051ms
1359 http fetch GET 200 https://registry.npmjs.org/mz/-/mz-2.7.0.tgz 2530ms (cache miss)
1360 timing reifyNode:node_modules/mz Completed in 3285ms
1361 timing reifyNode:node_modules/escalade Completed in 3445ms
1362 http fetch GET 200 https://registry.npmjs.org/path-parse/-/path-parse-1.0.7.tgz 3610ms (cache miss)
1363 timing reifyNode:node_modules/path-parse Completed in 4400ms
1364 http fetch GET 200 https://registry.npmjs.org/pirates/-/pirates-4.0.7.tgz 3661ms (cache miss)
1365 timing reifyNode:node_modules/pirates Completed in 4443ms
1366 http fetch GET 200 https://registry.npmjs.org/cssesc/-/cssesc-3.0.0.tgz 3709ms (cache miss)
1367 http fetch GET 200 https://registry.npmjs.org/run-parallel/-/run-parallel-1.2.0.tgz 4017ms (cache miss)
1368 timing reifyNode:node_modules/run-parallel Completed in 4827ms
1369 http fetch GET 200 https://registry.npmjs.org/reusify/-/reusify-1.1.0.tgz 4040ms (cache miss)
1370 http fetch GET 200 https://registry.npmjs.org/is-extglob/-/is-extglob-2.1.1.tgz 4055ms (cache miss)
1371 timing reifyNode:node_modules/is-extglob Completed in 4856ms
1372 http fetch GET 200 https://registry.npmjs.org/fastq/-/fastq-1.19.1.tgz 4067ms (cache miss)
1373 http fetch GET 200 https://registry.npmjs.org/fill-range/-/fill-range-7.1.1.tgz 4061ms (cache miss)
1374 timing reifyNode:node_modules/fill-range Completed in 4891ms
1375 timing reifyNode:node_modules/ts-interface-checker Completed in 4931ms
1376 http fetch GET 200 https://registry.npmjs.org/esbuild/-/esbuild-0.21.5.tgz 4263ms (cache miss)
1377 http fetch GET 200 https://registry.npmjs.org/is-core-module/-/is-core-module-2.16.1.tgz 4295ms (cache miss)
1378 http fetch GET 200 https://registry.npmjs.org/util-deprecate/-/util-deprecate-1.0.2.tgz 4283ms (cache miss)
1379 timing reifyNode:node_modules/util-deprecate Completed in 5077ms
1380 http fetch GET 200 https://registry.npmjs.org/lines-and-columns/-/lines-and-columns-1.2.4.tgz 4309ms (cache miss)
1381 timing reifyNode:node_modules/lines-and-columns Completed in 5096ms
1382 http fetch GET 200 https://registry.npmjs.org/queue-microtask/-/queue-microtask-1.2.3.tgz 4361ms (cache miss)
1383 timing reifyNode:node_modules/queue-microtask Completed in 5121ms
1384 http fetch GET 200 https://registry.npmjs.org/pify/-/pify-2.3.0.tgz 4340ms (cache miss)
1385 timing reifyNode:node_modules/pify Completed in 5123ms
1386 http fetch GET 200 https://registry.npmjs.org/supports-preserve-symlinks-flag/-/supports-preserve-symlinks-flag-1.0.0.tgz 4361ms (cache miss)
1387 http fetch GET 200 https://registry.npmjs.org/is-binary-path/-/is-binary-path-2.1.0.tgz 4418ms (cache miss)
1388 timing reifyNode:node_modules/is-binary-path Completed in 5267ms
1389 http fetch GET 200 https://registry.npmjs.org/commander/-/commander-4.1.1.tgz 4678ms (cache miss)
1390 http fetch GET 200 https://registry.npmjs.org/normalize-path/-/normalize-path-3.0.0.tgz 4592ms (cache miss)
1391 timing reifyNode:node_modules/normalize-path Completed in 5450ms
1392 timing reifyNode:node_modules/cssesc Completed in 5512ms
1393 http fetch GET 200 https://registry.npmjs.org/read-cache/-/read-cache-1.0.0.tgz 4718ms (cache miss)
1394 timing reifyNode:node_modules/read-cache Completed in 5522ms
1395 http fetch GET 200 https://registry.npmjs.org/to-regex-range/-/to-regex-range-5.0.1.tgz 4742ms (cache miss)
1396 timing reifyNode:node_modules/to-regex-range Completed in 5541ms
1397 http fetch GET 200 https://registry.npmjs.org/binary-extensions/-/binary-extensions-2.3.0.tgz 4741ms (cache miss)
1398 timing reifyNode:node_modules/binary-extensions Completed in 5547ms
1399 http fetch GET 200 https://registry.npmjs.org/merge2/-/merge2-1.4.1.tgz 4767ms (cache miss)
1400 timing reifyNode:node_modules/merge2 Completed in 5588ms
1401 http fetch GET 200 https://registry.npmjs.org/postcss-nested/-/postcss-nested-6.2.0.tgz 4793ms (cache miss)
1402 timing reifyNode:node_modules/postcss-nested Completed in 5648ms
1403 timing reifyNode:node_modules/esbuild Completed in 5666ms
1404 http fetch GET 200 https://registry.npmjs.org/@nodelib/fs.scandir/-/fs.scandir-2.1.5.tgz 4844ms (cache miss)
1405 http fetch GET 200 https://registry.npmjs.org/camelcase-css/-/camelcase-css-2.0.1.tgz 4924ms (cache miss)
1406 timing reifyNode:node_modules/camelcase-css Completed in 5715ms
1407 http fetch GET 200 https://registry.npmjs.org/object-hash/-/object-hash-3.0.0.tgz 4888ms (cache miss)
1408 http fetch GET 200 https://registry.npmjs.org/anymatch/-/anymatch-3.1.3.tgz 4977ms (cache miss)
1409 timing reifyNode:node_modules/anymatch Completed in 5822ms
1410 http fetch GET 200 https://registry.npmjs.org/readdirp/-/readdirp-3.6.0.tgz 5012ms (cache miss)
1411 timing reifyNode:node_modules/readdirp Completed in 5852ms
1412 http fetch GET 200 https://registry.npmjs.org/@nodelib/fs.stat/-/fs.stat-2.0.5.tgz 5112ms (cache miss)
1413 http fetch GET 200 https://registry.npmjs.org/dlv/-/dlv-1.1.3.tgz 5144ms (cache miss)
1414 http fetch GET 200 https://registry.npmjs.org/arg/-/arg-5.0.2.tgz 5155ms (cache miss)
1415 timing reifyNode:node_modules/arg Completed in 6028ms
1416 http fetch GET 200 https://registry.npmjs.org/glob-parent/-/glob-parent-6.0.2.tgz 5155ms (cache miss)
1417 timing reifyNode:node_modules/glob-parent Completed in 6034ms
1418 http fetch GET 200 https://registry.npmjs.org/didyoumean/-/didyoumean-1.2.2.tgz 5163ms (cache miss)
1419 timing reifyNode:node_modules/didyoumean Completed in 6050ms
1420 http fetch GET 200 https://registry.npmjs.org/side-channel/-/side-channel-1.1.0.tgz 5221ms (cache miss)
1421 timing reifyNode:node_modules/supports-preserve-symlinks-flag Completed in 6248ms
1422 http fetch GET 200 https://registry.npmjs.org/postcss-load-config/-/postcss-load-config-6.0.1.tgz 5404ms (cache miss)
1423 http fetch GET 200 https://registry.npmjs.org/function-bind/-/function-bind-1.1.2.tgz 5370ms (cache miss)
1424 http fetch GET 200 https://registry.npmjs.org/@nodelib/fs.walk/-/fs.walk-1.2.8.tgz 5547ms (cache miss)
1425 http fetch GET 200 https://registry.npmjs.org/es-object-atoms/-/es-object-atoms-1.1.1.tgz 5439ms (cache miss)
1426 http fetch GET 200 https://registry.npmjs.org/es-define-property/-/es-define-property-1.0.1.tgz 5458ms (cache miss)
1427 http fetch GET 200 https://registry.npmjs.org/mime-types/-/mime-types-2.1.35.tgz 5463ms (cache miss)
1428 http fetch GET 200 https://registry.npmjs.org/es-errors/-/es-errors-1.3.0.tgz 5481ms (cache miss)
1429 timing reifyNode:node_modules/mime-types Completed in 6430ms
1430 timing reifyNode:node_modules/object-hash Completed in 6440ms
1431 http fetch GET 200 https://registry.npmjs.org/delayed-stream/-/delayed-stream-1.0.0.tgz 5474ms (cache miss)
1432 timing reifyNode:node_modules/delayed-stream Completed in 6440ms
1433 timing reifyNode:node_modules/commander Completed in 6474ms
1434 http fetch GET 200 https://registry.npmjs.org/dunder-proto/-/dunder-proto-1.0.1.tgz 5555ms (cache miss)
1435 http fetch GET 200 https://registry.npmjs.org/@alloc/quick-lru/-/quick-lru-5.2.0.tgz 5559ms (cache miss)
1436 timing reifyNode:node_modules/@alloc/quick-lru Completed in 6475ms
1437 http fetch GET 200 https://registry.npmjs.org/get-proto/-/get-proto-1.0.1.tgz 5573ms (cache miss)
1438 http fetch GET 200 https://registry.npmjs.org/asynckit/-/asynckit-0.4.0.tgz 5535ms (cache miss)
1439 timing reifyNode:node_modules/postcss-load-config Completed in 6708ms
1440 http fetch GET 200 https://registry.npmjs.org/gopd/-/gopd-1.2.0.tgz 5889ms (cache miss)
1441 http fetch GET 200 https://registry.npmjs.org/side-channel-map/-/side-channel-map-1.0.1.tgz 5959ms (cache miss)
1442 http fetch GET 200 https://registry.npmjs.org/side-channel-weakmap/-/side-channel-weakmap-1.0.2.tgz 5959ms (cache miss)
1443 timing reifyNode:node_modules/is-core-module Completed in 6877ms
1444 http fetch GET 200 https://registry.npmjs.org/nanoid/-/nanoid-3.3.11.tgz 5978ms (cache miss)
1445 http fetch GET 200 https://registry.npmjs.org/vite-plugin-full-reload/-/vite-plugin-full-reload-1.2.0.tgz 5971ms (cache miss)
1446 http fetch GET 200 https://registry.npmjs.org/loose-envify/-/loose-envify-1.4.0.tgz 5981ms (cache miss)
1447 timing reifyNode:node_modules/loose-envify Completed in 6891ms
1448 timing metavuln:cache:put:security-advisory:vite:tMBsdAS7JBTyRORp0YaJR984WAAsOxgmReSLBN0Nd41GhzEakjROICqAJ31iOdYG5Ijo/MlJ01p3ig1iN88+Tw== Completed in 4133ms
1449 timing metavuln:calculate:security-advisory:vite:jKdCIzePj7J1488qgRXvF8Srh9wutSuR1exB8YooNX62hT+qhtrUXYbArLNoIhgwbaCqKpmduh18syZU7BR9SA== Completed in 4415ms
1450 timing metavuln:packument:@vitejs/plugin-react Completed in 2ms
1451 timing metavuln:packument:laravel-vite-plugin Completed in 1ms
1452 http fetch GET 200 https://registry.npmjs.org/follow-redirects/-/follow-redirects-1.15.11.tgz 6019ms (cache miss)
1453 http fetch GET 200 https://registry.npmjs.org/postcss-value-parser/-/postcss-value-parser-4.2.0.tgz 6007ms (cache miss)
1454 http fetch GET 200 https://registry.npmjs.org/hasown/-/hasown-2.0.2.tgz 6030ms (cache miss)
1455 http fetch GET 200 https://registry.npmjs.org/@jridgewell/resolve-uri/-/resolve-uri-3.1.2.tgz 6008ms (cache miss)
1456 http fetch GET 200 https://registry.npmjs.org/postcss-js/-/postcss-js-4.1.0.tgz 6169ms (cache miss)
1457 timing reifyNode:node_modules/postcss-js Completed in 7021ms
1458 timing reifyNode:node_modules/dlv Completed in 7053ms
1459 http fetch GET 200 https://registry.npmjs.org/ms/-/ms-2.1.3.tgz 6103ms (cache miss)
1460 timing reifyNode:node_modules/ms Completed in 7071ms
1461 http fetch GET 200 https://registry.npmjs.org/es-set-tostringtag/-/es-set-tostringtag-2.1.0.tgz 6117ms (cache miss)
1462 http fetch GET 200 https://registry.npmjs.org/@types/babel__template/-/babel__template-7.4.4.tgz 6071ms (cache miss)
1463 timing reifyNode:node_modules/@types/babel__template Completed in 7085ms
1464 http fetch GET 200 https://registry.npmjs.org/node-releases/-/node-releases-2.0.27.tgz 6129ms (cache miss)
1465 http fetch GET 200 https://registry.npmjs.org/math-intrinsics/-/math-intrinsics-1.1.0.tgz 6177ms (cache miss)
1466 http fetch GET 200 https://registry.npmjs.org/picocolors/-/picocolors-1.1.1.tgz 6077ms (cache miss)
1467 timing reifyNode:node_modules/picocolors Completed in 7110ms
1468 http fetch GET 200 https://registry.npmjs.org/yallist/-/yallist-3.1.1.tgz 6193ms (cache miss)
1469 timing reifyNode:node_modules/yallist Completed in 7117ms
1470 http fetch GET 200 https://registry.npmjs.org/combined-stream/-/combined-stream-1.0.8.tgz 6168ms (cache miss)
1471 timing reifyNode:node_modules/combined-stream Completed in 7145ms
1472 http fetch GET 200 https://registry.npmjs.org/update-browserslist-db/-/update-browserslist-db-1.2.2.tgz 6175ms (cache miss)
1473 timing reifyNode:node_modules/update-browserslist-db Completed in 7147ms
1474 http fetch GET 200 https://registry.npmjs.org/postcss-import/-/postcss-import-15.1.0.tgz 6305ms (cache miss)
1475 http fetch GET 200 https://registry.npmjs.org/@babel/helper-validator-option/-/helper-validator-option-7.27.1.tgz 6125ms (cache miss)
1476 http fetch GET 200 https://registry.npmjs.org/lilconfig/-/lilconfig-3.1.3.tgz 6305ms (cache miss)
1477 timing reifyNode:node_modules/lilconfig Completed in 7165ms
1478 http fetch GET 200 https://registry.npmjs.org/@babel/helper-module-imports/-/helper-module-imports-7.27.1.tgz 6141ms (cache miss)
1479 timing metavuln:cache:get:security-advisory:@vitejs/plugin-react:P4XDBxCt1M9jhU3wPSnbYo14hU9TEKKi3dRjV6pE6SGkUMgEqrUpLUvU/o4utnW6O2m8Mrkk3y+AtxEbBn/p0A== Completed in 175ms
1480 timing metavuln:load:security-advisory:@vitejs/plugin-react:tMBsdAS7JBTyRORp0YaJR984WAAsOxgmReSLBN0Nd41GhzEakjROICqAJ31iOdYG5Ijo/MlJ01p3ig1iN88+Tw== Completed in 61ms
1481 timing metavuln:cache:get:security-advisory:laravel-vite-plugin:9ymg1avCH42NR4fZ8NYT5khSLfL/79IVOPKZGY7IXG4Ax33TpuHm3lGRvmLcwNv0OiYN/pP7KmqU6VENCELRYA== Completed in 237ms
1482 timing metavuln:load:security-advisory:laravel-vite-plugin:tMBsdAS7JBTyRORp0YaJR984WAAsOxgmReSLBN0Nd41GhzEakjROICqAJ31iOdYG5Ijo/MlJ01p3ig1iN88+Tw== Completed in 37ms
1483 http fetch GET 200 https://registry.npmjs.org/proxy-from-env/-/proxy-from-env-1.1.0.tgz 6306ms (cache miss)
1484 http fetch GET 200 https://registry.npmjs.org/normalize-range/-/normalize-range-0.1.2.tgz 6303ms (cache miss)
1485 timing reifyNode:node_modules/normalize-range Completed in 7290ms
1486 http fetch GET 200 https://registry.npmjs.org/micromatch/-/micromatch-4.0.8.tgz 6425ms (cache miss)
1487 timing reifyNode:node_modules/micromatch Completed in 7297ms
1488 http fetch GET 200 https://registry.npmjs.org/convert-source-map/-/convert-source-map-2.0.0.tgz 6237ms (cache miss)
1489 timing reifyNode:node_modules/convert-source-map Completed in 7296ms
1490 http fetch GET 200 https://registry.npmjs.org/is-glob/-/is-glob-4.0.3.tgz 6426ms (cache miss)
1491 timing reifyNode:node_modules/is-glob Completed in 7302ms
1492 http fetch GET 200 https://registry.npmjs.org/braces/-/braces-3.0.3.tgz 6483ms (cache miss)
1493 http fetch GET 200 https://registry.npmjs.org/has-symbols/-/has-symbols-1.1.0.tgz 6396ms (cache miss)
1494 http fetch GET 200 https://registry.npmjs.org/debug/-/debug-4.4.3.tgz 6251ms (cache miss)
1495 http fetch GET 200 https://registry.npmjs.org/@jridgewell/remapping/-/remapping-2.3.5.tgz 6265ms (cache miss)
1496 http fetch GET 200 https://registry.npmjs.org/react-refresh/-/react-refresh-0.17.0.tgz 6261ms (cache miss)
1497 http fetch GET 200 https://registry.npmjs.org/clsx/-/clsx-2.1.1.tgz 6259ms (cache miss)
1498 http fetch GET 200 https://registry.npmjs.org/lru-cache/-/lru-cache-5.1.1.tgz 6357ms (cache miss)
1499 timing reifyNode:node_modules/lru-cache Completed in 7372ms
1500 http fetch GET 200 https://registry.npmjs.org/@babel/plugin-transform-react-jsx-self/-/plugin-transform-react-jsx-self-7.27.1.tgz 6276ms (cache miss)
1501 timing reifyNode:node_modules/@babel/plugin-transform-react-jsx-self Completed in 7378ms
1502 http fetch GET 200 https://registry.npmjs.org/@types/babel__core/-/babel__core-7.20.5.tgz 6307ms (cache miss)
1503 timing reifyNode:node_modules/@types/babel__core Completed in 7403ms
1504 http fetch GET 200 https://registry.npmjs.org/@react-stately/flags/-/flags-3.1.2.tgz 6300ms (cache miss)
1505 http fetch GET 200 https://registry.npmjs.org/mini-svg-data-uri/-/mini-svg-data-uri-1.4.4.tgz 6315ms (cache miss)
1506 http fetch GET 200 https://registry.npmjs.org/call-bound/-/call-bound-1.0.4.tgz 6544ms (cache miss)
1507 http fetch GET 200 https://registry.npmjs.org/side-channel-list/-/side-channel-list-1.0.0.tgz 6543ms (cache miss)
1508 http fetch GET 200 https://registry.npmjs.org/jsesc/-/jsesc-3.1.0.tgz 6416ms (cache miss)
1509 timing reifyNode:node_modules/vite-plugin-full-reload Completed in 7445ms
1510 http fetch GET 200 https://registry.npmjs.org/@react-stately/utils/-/utils-3.10.8.tgz 6325ms (cache miss)
1511 http fetch GET 200 https://registry.npmjs.org/use-sync-external-store/-/use-sync-external-store-1.6.0.tgz 6325ms (cache miss)
1512 timing reifyNode:node_modules/proxy-from-env Completed in 7500ms
1513 http fetch GET 200 https://registry.npmjs.org/picomatch/-/picomatch-2.3.1.tgz 6682ms (cache miss)
1514 timing reifyNode:node_modules/hasown Completed in 7506ms
1515 timing reifyNode:node_modules/follow-redirects Completed in 7513ms
1516 http fetch GET 200 https://registry.npmjs.org/@tanstack/react-virtual/-/react-virtual-3.13.12.tgz 6353ms (cache miss)
1517 http fetch GET 200 https://registry.npmjs.org/@babel/code-frame/-/code-frame-7.27.1.tgz 6438ms (cache miss)
1518 http fetch GET 200 https://registry.npmjs.org/glob-parent/-/glob-parent-5.1.2.tgz 6315ms (cache miss)
1519 timing reifyNode:node_modules/fast-glob/node_modules/glob-parent Completed in 7537ms
1520 http fetch GET 200 https://registry.npmjs.org/get-intrinsic/-/get-intrinsic-1.3.0.tgz 6599ms (cache miss)
1521 http fetch GET 200 https://registry.npmjs.org/fdir/-/fdir-6.5.0.tgz 6333ms (cache miss)
1522 http fetch GET 200 https://registry.npmjs.org/gensync/-/gensync-1.0.0-beta.2.tgz 6488ms (cache miss)
1523 timing reifyNode:node_modules/mini-svg-data-uri Completed in 7551ms
1524 http fetch GET 200 https://registry.npmjs.org/@types/babel__traverse/-/babel__traverse-7.28.0.tgz 6544ms (cache miss)
1525 timing reifyNode:node_modules/braces Completed in 7568ms
1526 timing reifyNode:node_modules/node-releases Completed in 7574ms
1527 http fetch GET 200 https://registry.npmjs.org/@babel/helper-plugin-utils/-/helper-plugin-utils-7.27.1.tgz 6550ms (cache miss)
1528 timing reifyNode:node_modules/@babel/helper-plugin-utils Completed in 7580ms
1529 http fetch GET 200 https://registry.npmjs.org/@babel/helper-globals/-/helper-globals-7.28.0.tgz 6551ms (cache miss)
1530 timing reifyNode:node_modules/@babel/helper-globals Completed in 7582ms
1531 http fetch GET 200 https://registry.npmjs.org/@babel/helper-validator-identifier/-/helper-validator-identifier-7.28.5.tgz 6531ms (cache miss)
1532 timing reifyNode:node_modules/debug Completed in 7603ms
1533 http fetch GET 200 https://registry.npmjs.org/js-tokens/-/js-tokens-4.0.0.tgz 6574ms (cache miss)
1534 timing reifyNode:node_modules/js-tokens Completed in 7615ms
1535 http fetch GET 200 https://registry.npmjs.org/@types/babel__generator/-/babel__generator-7.27.0.tgz 6615ms (cache miss)
1536 timing reifyNode:node_modules/@types/babel__generator Completed in 7625ms
1537 timing reifyNode:node_modules/@babel/code-frame Completed in 7657ms
1538 timing reifyNode:node_modules/get-intrinsic Completed in 7676ms
1539 http fetch GET 200 https://registry.npmjs.org/@babel/plugin-transform-react-jsx-source/-/plugin-transform-react-jsx-source-7.27.1.tgz 6583ms (cache miss)
1540 timing reifyNode:node_modules/@babel/plugin-transform-react-jsx-source Completed in 7679ms
1541 timing reifyNode:node_modules/side-channel-weakmap Completed in 7690ms
1542 timing reifyNode:node_modules/es-set-tostringtag Completed in 7693ms
1543 timing reifyNode:node_modules/@types/babel__traverse Completed in 7694ms
1544 http fetch GET 200 https://registry.npmjs.org/@react-aria/ssr/-/ssr-3.9.10.tgz 6577ms (cache miss)
1545 http fetch GET 200 https://registry.npmjs.org/@babel/helper-string-parser/-/helper-string-parser-7.27.1.tgz 6679ms (cache miss)
1546 timing reifyNode:node_modules/@babel/helper-string-parser Completed in 7697ms
1547 http fetch GET 200 https://registry.npmjs.org/@floating-ui/utils/-/utils-0.2.10.tgz 6575ms (cache miss)
1548 timing reifyNode:node_modules/postcss-import Completed in 7750ms
1549 timing reifyNode:node_modules/picomatch Completed in 7758ms
1550 timing reifyNode:node_modules/@jridgewell/resolve-uri Completed in 7776ms
1551 http fetch GET 200 https://registry.npmjs.org/glob-parent/-/glob-parent-5.1.2.tgz 6557ms (cache miss)
1552 timing reifyNode:node_modules/chokidar/node_modules/glob-parent Completed in 7781ms
1553 http fetch GET 200 https://registry.npmjs.org/semver/-/semver-6.3.1.tgz 6722ms (cache miss)
1554 timing reifyNode:node_modules/gensync Completed in 7779ms
1555 http fetch GET 200 https://registry.npmjs.org/@rolldown/pluginutils/-/pluginutils-1.0.0-beta.27.tgz 6701ms (cache miss)
1556 timing reifyNode:node_modules/@rolldown/pluginutils Completed in 7799ms
1557 timing reifyNode:node_modules/call-bound Completed in 7813ms
1558 timing reifyNode:node_modules/side-channel-list Completed in 7814ms
1559 timing reifyNode:node_modules/jsesc Completed in 7813ms
1560 timing reifyNode:node_modules/@babel/helper-validator-option Completed in 7866ms
1561 http fetch GET 200 https://registry.npmjs.org/form-data/-/form-data-4.0.5.tgz 6885ms (cache miss)
1562 timing reifyNode:node_modules/postcss-value-parser Completed in 7879ms
1563 timing reifyNode:node_modules/clsx Completed in 7874ms
1564 timing reifyNode:node_modules/semver Completed in 7893ms
1565 timing reifyNode:node_modules/es-define-property Completed in 7901ms
1566 http fetch GET 200 https://registry.npmjs.org/@tailwindcss/forms/-/forms-0.5.10.tgz 6716ms (cache miss)
1567 timing reifyNode:node_modules/side-channel-map Completed in 7910ms
1568 timing reifyNode:node_modules/side-channel Completed in 7930ms
1569 timing reifyNode:node_modules/gopd Completed in 7993ms
1570 http fetch GET 200 https://registry.npmjs.org/chokidar/-/chokidar-3.6.0.tgz 7113ms (cache miss)
1571 timing reifyNode:node_modules/dunder-proto Completed in 8028ms
1572 http fetch GET 200 https://registry.npmjs.org/@floating-ui/react-dom/-/react-dom-2.1.6.tgz 6893ms (cache miss)
1573 http fetch GET 200 https://registry.npmjs.org/browserslist/-/browserslist-4.28.1.tgz 7030ms (cache miss)
1574 http fetch GET 200 https://registry.npmjs.org/mime-db/-/mime-db-1.52.0.tgz 7150ms (cache miss)
1575 timing reifyNode:node_modules/reusify Completed in 8078ms
1576 timing reifyNode:node_modules/@floating-ui/react-dom Completed in 8134ms
1577 timing reifyNode:node_modules/@babel/helper-validator-identifier Completed in 8150ms
1578 timing reifyNode:node_modules/function-bind Completed in 8164ms
1579 timing reifyNode:node_modules/form-data Completed in 8164ms
1580 timing reifyNode:node_modules/es-object-atoms Completed in 8192ms
1581 timing reifyNode:node_modules/chokidar Completed in 8194ms
1582 timing reifyNode:node_modules/get-proto Completed in 8221ms
1583 http fetch GET 200 https://registry.npmjs.org/@vitejs/plugin-react/-/plugin-react-4.7.0.tgz 7090ms (cache miss)
1584 timing reifyNode:node_modules/tinyglobby/node_modules/fdir Completed in 8281ms
1585 timing reifyNode:node_modules/@react-stately/flags Completed in 8276ms
1586 http fetch GET 200 https://registry.npmjs.org/laravel-vite-plugin/-/laravel-vite-plugin-1.3.0.tgz 7150ms (cache miss)
1587 timing reifyNode:node_modules/browserslist Completed in 8315ms
1588 timing reifyNode:node_modules/mime-db Completed in 8329ms
1589 http fetch GET 200 https://registry.npmjs.org/@babel/compat-data/-/compat-data-7.28.5.tgz 7301ms (cache miss)
1590 http fetch GET 200 https://registry.npmjs.org/has-tostringtag/-/has-tostringtag-1.0.2.tgz 7427ms (cache miss)
1591 timing reifyNode:node_modules/react-refresh Completed in 8392ms
1592 timing reifyNode:node_modules/@babel/helper-module-imports Completed in 8407ms
1593 timing reifyNode:node_modules/@vitejs/plugin-react Completed in 8412ms
1594 http fetch GET 200 https://registry.npmjs.org/picomatch/-/picomatch-4.0.3.tgz 7222ms (cache miss)
1595 timing reifyNode:node_modules/asynckit Completed in 8466ms
1596 timing reifyNode:node_modules/fastq Completed in 8483ms
1597 timing metavuln:cache:put:security-advisory:@vitejs/plugin-react:P4XDBxCt1M9jhU3wPSnbYo14hU9TEKKi3dRjV6pE6SGkUMgEqrUpLUvU/o4utnW6O2m8Mrkk3y+AtxEbBn/p0A== Completed in 1241ms
1598 timing metavuln:calculate:security-advisory:@vitejs/plugin-react:tMBsdAS7JBTyRORp0YaJR984WAAsOxgmReSLBN0Nd41GhzEakjROICqAJ31iOdYG5Ijo/MlJ01p3ig1iN88+Tw== Completed in 1479ms
1599 timing metavuln:cache:put:security-advisory:laravel-vite-plugin:9ymg1avCH42NR4fZ8NYT5khSLfL/79IVOPKZGY7IXG4Ax33TpuHm3lGRvmLcwNv0OiYN/pP7KmqU6VENCELRYA== Completed in 1203ms
1600 timing metavuln:calculate:security-advisory:laravel-vite-plugin:tMBsdAS7JBTyRORp0YaJR984WAAsOxgmReSLBN0Nd41GhzEakjROICqAJ31iOdYG5Ijo/MlJ01p3ig1iN88+Tw== Completed in 1479ms
1601 timing auditReport:init Completed in 7462ms
1602 timing reify:audit Completed in 8504ms
1603 timing reifyNode:node_modules/@tanstack/react-virtual Completed in 8481ms
1604 http fetch GET 200 https://registry.npmjs.org/call-bind-apply-helpers/-/call-bind-apply-helpers-1.0.2.tgz 7558ms (cache miss)
1605 timing reifyNode:node_modules/@nodelib/fs.stat Completed in 8500ms
1606 timing reifyNode:node_modules/laravel-vite-plugin Completed in 8513ms
1607 timing reifyNode:node_modules/has-symbols Completed in 8524ms
1608 http fetch GET 200 https://registry.npmjs.org/@babel/helper-compilation-targets/-/helper-compilation-targets-7.27.2.tgz 7456ms (cache miss)
1609 timing reifyNode:node_modules/@babel/compat-data Completed in 8546ms
1610 timing reifyNode:node_modules/tinyglobby/node_modules/picomatch Completed in 8558ms
1611 http fetch GET 200 https://registry.npmjs.org/scheduler/-/scheduler-0.23.2.tgz 7679ms (cache miss)
1612 timing reifyNode:node_modules/has-tostringtag Completed in 8572ms
1613 http fetch GET 200 https://registry.npmjs.org/electron-to-chromium/-/electron-to-chromium-1.5.266.tgz 7639ms (cache miss)
1614 http fetch GET 200 https://registry.npmjs.org/tslib/-/tslib-2.8.1.tgz 7515ms (cache miss)
1615 timing reifyNode:node_modules/call-bind-apply-helpers Completed in 8690ms
1616 timing reifyNode:node_modules/any-promise Completed in 8703ms
1617 timing reifyNode:node_modules/electron-to-chromium Completed in 8739ms
1618 timing reifyNode:node_modules/@babel/helper-compilation-targets Completed in 8739ms
1619 http fetch GET 200 https://registry.npmjs.org/baseline-browser-mapping/-/baseline-browser-mapping-2.9.3.tgz 7758ms (cache miss)
1620 timing reifyNode:node_modules/scheduler Completed in 8767ms
1621 timing reifyNode:node_modules/es-errors Completed in 8773ms
1622 timing reifyNode:node_modules/tslib Completed in 8791ms
1623 http fetch GET 200 https://registry.npmjs.org/@floating-ui/dom/-/dom-1.7.4.tgz 7701ms (cache miss)
1624 timing reifyNode:node_modules/use-sync-external-store Completed in 8850ms
1625 timing reifyNode:node_modules/baseline-browser-mapping Completed in 8860ms
1626 timing reifyNode:node_modules/@nodelib/fs.scandir Completed in 8884ms
1627 http fetch GET 200 https://registry.npmjs.org/source-map-js/-/source-map-js-1.2.1.tgz 8030ms (cache miss)
1628 timing reifyNode:node_modules/@floating-ui/utils Completed in 8958ms
1629 timing reifyNode:node_modules/@floating-ui/dom Completed in 8984ms
1630 http fetch GET 200 https://registry.npmjs.org/@react-types/shared/-/shared-3.32.1.tgz 7874ms (cache miss)
1631 http fetch GET 200 https://registry.npmjs.org/@babel/template/-/template-7.27.2.tgz 7937ms (cache miss)
1632 timing reifyNode:node_modules/@react-aria/ssr Completed in 9028ms
1633 timing reifyNode:node_modules/nanoid Completed in 9108ms
1634 timing reifyNode:node_modules/source-map-js Completed in 9121ms
1635 timing reifyNode:node_modules/@react-types/shared Completed in 9146ms
1636 http fetch GET 200 https://registry.npmjs.org/@babel/helper-module-transforms/-/helper-module-transforms-7.28.3.tgz 8102ms (cache miss)
1637 timing reifyNode:node_modules/@nodelib/fs.walk Completed in 9221ms
1638 http fetch GET 200 https://registry.npmjs.org/@floating-ui/core/-/core-1.7.3.tgz 8086ms (cache miss)
1639 timing reifyNode:node_modules/@babel/template Completed in 9238ms
1640 timing reifyNode:node_modules/@tailwindcss/forms Completed in 9257ms
1641 timing reifyNode:node_modules/@floating-ui/core Completed in 9308ms
1642 timing reifyNode:node_modules/@react-stately/utils Completed in 9312ms
1643 timing reifyNode:node_modules/@babel/helper-module-transforms Completed in 9322ms
1644 http fetch GET 200 https://registry.npmjs.org/@jridgewell/sourcemap-codec/-/sourcemap-codec-1.5.5.tgz 8393ms (cache miss)
1645 http fetch GET 200 https://registry.npmjs.org/fraction.js/-/fraction.js-5.3.4.tgz 8434ms (cache miss)
1646 http fetch GET 200 https://registry.npmjs.org/json5/-/json5-2.2.3.tgz 8448ms (cache miss)
1647 timing reifyNode:node_modules/@jridgewell/sourcemap-codec Completed in 9515ms
1648 timing reifyNode:node_modules/math-intrinsics Completed in 9538ms
1649 timing reifyNode:node_modules/fraction.js Completed in 9539ms
1650 http fetch GET 200 https://registry.npmjs.org/@tanstack/virtual-core/-/virtual-core-3.13.12.tgz 8504ms (cache miss)
1651 timing reifyNode:node_modules/json5 Completed in 9618ms
1652 http fetch GET 200 https://registry.npmjs.org/object-inspect/-/object-inspect-1.13.4.tgz 8779ms (cache miss)
1653 timing reifyNode:node_modules/@jridgewell/remapping Completed in 9696ms
1654 http fetch GET 200 https://registry.npmjs.org/@jridgewell/gen-mapping/-/gen-mapping-0.3.13.tgz 8684ms (cache miss)
1655 timing reifyNode:node_modules/@tanstack/virtual-core Completed in 9729ms
1656 http fetch GET 200 https://registry.npmjs.org/qs/-/qs-6.14.0.tgz 8658ms (cache miss)
1657 timing reifyNode:node_modules/object-inspect Completed in 9800ms
1658 timing reifyNode:node_modules/@jridgewell/gen-mapping Completed in 9846ms
1659 http fetch GET 200 https://registry.npmjs.org/react/-/react-18.3.1.tgz 8691ms (cache miss)
1660 timing reifyNode:node_modules/qs Completed in 9874ms
1661 timing reifyNode:node_modules/react Completed in 9971ms
1662 http fetch GET 200 https://registry.npmjs.org/postcss-selector-parser/-/postcss-selector-parser-6.1.2.tgz 9197ms (cache miss)
1663 http fetch GET 200 https://registry.npmjs.org/tabbable/-/tabbable-6.3.0.tgz 8946ms (cache miss)
1664 http fetch GET 200 https://registry.npmjs.org/@inertiajs/react/-/react-2.2.19.tgz 8915ms (cache miss)
1665 timing reifyNode:node_modules/postcss-selector-parser Completed in 10127ms
1666 timing reifyNode:node_modules/tabbable Completed in 10187ms
1667 timing reifyNode:node_modules/@inertiajs/react Completed in 10194ms
1668 http fetch GET 200 https://registry.npmjs.org/@jridgewell/trace-mapping/-/trace-mapping-0.3.31.tgz 9413ms (cache miss)
1669 timing reifyNode:node_modules/@jridgewell/trace-mapping Completed in 10560ms
1670 http fetch GET 200 https://registry.npmjs.org/fast-glob/-/fast-glob-3.3.3.tgz 9916ms (cache miss)
1671 http fetch GET 200 https://registry.npmjs.org/@react-aria/focus/-/focus-3.21.2.tgz 9647ms (cache miss)
1672 http fetch GET 200 https://registry.npmjs.org/@floating-ui/react/-/react-0.26.28.tgz 9686ms (cache miss)
1673 timing reifyNode:node_modules/@react-aria/focus Completed in 10866ms
1674 timing reifyNode:node_modules/fast-glob Completed in 10903ms
1675 http fetch GET 200 https://registry.npmjs.org/postcss/-/postcss-8.5.6.tgz 9787ms (cache miss)
1676 timing reifyNode:node_modules/@floating-ui/react Completed in 10952ms
1677 timing reifyNode:node_modules/postcss Completed in 11007ms
1678 http fetch GET 200 https://registry.npmjs.org/@babel/generator/-/generator-7.28.5.tgz 10559ms (cache miss)
1679 timing reifyNode:node_modules/@babel/generator Completed in 11706ms
1680 http fetch GET 200 https://registry.npmjs.org/autoprefixer/-/autoprefixer-10.4.22.tgz 10726ms (cache miss)
1681 timing reifyNode:node_modules/autoprefixer Completed in 12116ms
1682 http fetch GET 200 https://registry.npmjs.org/@inertiajs/core/-/core-2.2.19.tgz 11063ms (cache miss)
1683 timing reifyNode:node_modules/@inertiajs/core Completed in 12317ms
1684 http fetch GET 200 https://registry.npmjs.org/@babel/traverse/-/traverse-7.28.5.tgz 11731ms (cache miss)
1685 timing reifyNode:node_modules/@babel/traverse Completed in 12889ms
1686 http fetch GET 200 https://registry.npmjs.org/jiti/-/jiti-1.21.7.tgz 12040ms (cache miss)
1687 http fetch GET 200 https://registry.npmjs.org/@babel/parser/-/parser-7.28.5.tgz 11868ms (cache miss)
1688 timing reifyNode:node_modules/jiti Completed in 12996ms
1689 timing reifyNode:node_modules/@babel/parser Completed in 13021ms
1690 http fetch GET 200 https://registry.npmjs.org/@rollup/rollup-linux-x64-musl/-/rollup-linux-x64-musl-4.53.3.tgz 12506ms (cache miss)
1691 timing reifyNode:node_modules/@rollup/rollup-linux-x64-musl Completed in 13224ms
1692 http fetch GET 200 https://registry.npmjs.org/@rollup/rollup-linux-x64-gnu/-/rollup-linux-x64-gnu-4.53.3.tgz 12530ms (cache miss)
1693 timing reifyNode:node_modules/@rollup/rollup-linux-x64-gnu Completed in 13251ms
1694 http fetch GET 200 https://registry.npmjs.org/rollup/-/rollup-4.53.3.tgz 14000ms (cache miss)
1695 timing reifyNode:node_modules/rollup Completed in 14914ms
1696 http fetch GET 200 https://registry.npmjs.org/resolve/-/resolve-1.22.11.tgz 14088ms (cache miss)
1697 http fetch GET 200 https://registry.npmjs.org/@react-aria/interactions/-/interactions-3.25.6.tgz 13762ms (cache miss)
1698 timing reifyNode:node_modules/resolve Completed in 14984ms
1699 timing reifyNode:node_modules/@react-aria/interactions Completed in 14974ms
1700 http fetch GET 200 https://registry.npmjs.org/@babel/core/-/core-7.28.5.tgz 14387ms (cache miss)
1701 timing reifyNode:node_modules/@babel/core Completed in 15552ms
1702 http fetch GET 200 https://registry.npmjs.org/vite/-/vite-5.4.21.tgz 14917ms (cache miss)
1703 timing reifyNode:node_modules/vite Completed in 16082ms
1704 http fetch GET 200 https://registry.npmjs.org/axios/-/axios-1.13.2.tgz 15022ms (cache miss)
1705 timing reifyNode:node_modules/axios Completed in 16208ms
1706 http fetch GET 200 https://registry.npmjs.org/@babel/helpers/-/helpers-7.28.4.tgz 15909ms (cache miss)
1707 timing reifyNode:node_modules/@babel/helpers Completed in 17025ms
1708 http fetch GET 200 https://registry.npmjs.org/react-dom/-/react-dom-18.3.1.tgz 15895ms (cache miss)
1709 timing reifyNode:node_modules/react-dom Completed in 17124ms
1710 http fetch GET 200 https://registry.npmjs.org/@types/lodash-es/-/lodash-es-4.17.12.tgz 16105ms (cache miss)
1711 timing reifyNode:node_modules/@types/lodash-es Completed in 17267ms
1712 http fetch GET 200 https://registry.npmjs.org/@react-aria/utils/-/utils-3.31.0.tgz 16231ms (cache miss)
1713 timing reifyNode:node_modules/@react-aria/utils Completed in 17398ms
1714 http fetch GET 200 https://registry.npmjs.org/sucrase/-/sucrase-3.35.1.tgz 16635ms (cache miss)
1715 timing reifyNode:node_modules/sucrase Completed in 17511ms
1716 http fetch GET 200 https://registry.npmjs.org/@babel/types/-/types-7.28.5.tgz 16975ms (cache miss)
1717 timing reifyNode:node_modules/@babel/types Completed in 18061ms
1718 http fetch GET 200 https://registry.npmjs.org/@headlessui/react/-/react-2.2.9.tgz 17846ms (cache miss)
1719 timing reifyNode:node_modules/@headlessui/react Completed in 19051ms
1720 http fetch GET 200 https://registry.npmjs.org/@esbuild/linux-x64/-/linux-x64-0.21.5.tgz 19124ms (cache miss)
1721 timing reifyNode:node_modules/@esbuild/linux-x64 Completed in 19857ms
1722 http fetch GET 200 https://registry.npmjs.org/tailwindcss/-/tailwindcss-3.4.18.tgz 18868ms (cache miss)
1723 timing reifyNode:node_modules/tailwindcss Completed in 20049ms
1724 http fetch GET 200 https://registry.npmjs.org/lodash-es/-/lodash-es-4.17.21.tgz 19109ms (cache miss)
1725 timing reifyNode:node_modules/lodash-es Completed in 20246ms
1726 http fetch GET 200 https://registry.npmjs.org/@types/lodash/-/lodash-4.17.21.tgz 19538ms (cache miss)
1727 http fetch GET 200 https://registry.npmjs.org/@swc/helpers/-/helpers-0.5.17.tgz 19535ms (cache miss)
1728 timing reifyNode:node_modules/@types/lodash Completed in 20657ms
1729 timing reifyNode:node_modules/@swc/helpers Completed in 20657ms
1730 http fetch GET 200 https://registry.npmjs.org/caniuse-lite/-/caniuse-lite-1.0.30001759.tgz 20410ms (cache miss)
1731 timing reifyNode:node_modules/caniuse-lite Completed in 21409ms
1732 timing reify:unpack Completed in 21420ms
1733 timing reify:unretire Completed in 0ms
1734 timing build:queue Completed in 281ms
1735 timing build:link:node_modules/browserslist Completed in 135ms
1736 timing build:link:node_modules/baseline-browser-mapping Completed in 136ms
1737 timing build:link:node_modules/esbuild Completed in 137ms
1738 timing build:link:node_modules/autoprefixer Completed in 138ms
1739 timing build:link:node_modules/cssesc Completed in 138ms
1740 timing build:link:node_modules/loose-envify Completed in 138ms
1741 timing build:link:node_modules/json5 Completed in 139ms
1742 timing build:link:node_modules/jiti Completed in 140ms
1743 timing build:link:node_modules/jsesc Completed in 140ms
1744 timing build:link:node_modules/laravel-vite-plugin Completed in 141ms
1745 timing build:link:node_modules/@babel/parser Completed in 144ms
1746 timing build:link:node_modules/mini-svg-data-uri Completed in 143ms
1747 timing build:link:node_modules/semver Completed in 142ms
1748 timing build:link:node_modules/rollup Completed in 143ms
1749 timing build:link:node_modules/nanoid Completed in 144ms
1750 timing build:link:node_modules/resolve Completed in 143ms
1751 timing build:link:node_modules/sucrase Completed in 144ms
1752 timing build:link:node_modules/update-browserslist-db Completed in 144ms
1753 timing build:link:node_modules/vite Completed in 144ms
1754 timing build:link:node_modules/tailwindcss Completed in 145ms
1755 timing build:link Completed in 148ms
1756 info run esbuild@0.21.5 postinstall node_modules/esbuild node install.js
1757 info run esbuild@0.21.5 postinstall { code: 0, signal: null }
1758 timing build:run:postinstall:node_modules/esbuild Completed in 358ms
1759 timing build:run:postinstall Completed in 359ms
1760 timing build:deps Completed in 790ms
1761 timing build Completed in 792ms
1762 timing reify:build Completed in 792ms
1763 timing reify:trash Completed in 121ms
1764 timing reify:save Completed in 86ms
1765 timing reify Completed in 49357ms
1766 silly ADD node_modules/@types/estree
1767 silly ADD
1768 silly ADD
1769 silly ADD
1770 silly ADD
1771 silly ADD
1772 silly ADD node_modules/@rollup/rollup-linux-x64-musl
1773 silly ADD node_modules/@rollup/rollup-linux-x64-gnu
1774 silly ADD
1775 silly ADD
1776 silly ADD
1777 silly ADD
1778 silly ADD
1779 silly ADD
1780 silly ADD
1781 silly ADD
1782 silly ADD
1783 silly ADD
1784 silly ADD
1785 silly ADD
1786 silly ADD
1787 silly ADD
1788 silly ADD
1789 silly ADD
1790 silly ADD
1791 silly ADD
1792 silly ADD
1793 silly ADD
1794 silly ADD
1795 silly ADD node_modules/@esbuild/linux-x64
1796 silly ADD
1797 silly ADD
1798 silly ADD
1799 silly ADD
1800 silly ADD
1801 silly ADD
1802 silly ADD
1803 silly ADD
1804 silly ADD
1805 silly ADD
1806 silly ADD
1807 silly ADD
1808 silly ADD
1809 silly ADD
1810 silly ADD
1811 silly ADD
1812 silly ADD node_modules/rollup
1813 silly ADD node_modules/esbuild
1814 silly ADD node_modules/escalade
1815 silly ADD node_modules/is-number
1816 silly ADD node_modules/thenify
1817 silly ADD node_modules/thenify-all
1818 silly ADD node_modules/object-assign
1819 silly ADD node_modules/any-promise
1820 silly ADD node_modules/ts-interface-checker
1821 silly ADD node_modules/tinyglobby
1822 silly ADD node_modules/tinyglobby/node_modules/picomatch
1823 silly ADD node_modules/tinyglobby/node_modules/fdir
1824 silly ADD node_modules/pirates
1825 silly ADD node_modules/mz
1826 silly ADD node_modules/lines-and-columns
1827 silly ADD node_modules/commander
1828 silly ADD node_modules/queue-microtask
1829 silly ADD node_modules/supports-preserve-symlinks-flag
1830 silly ADD node_modules/path-parse
1831 silly ADD node_modules/is-core-module
1832 silly ADD node_modules/pify
1833 silly ADD node_modules/util-deprecate
1834 silly ADD node_modules/cssesc
1835 silly ADD node_modules/camelcase-css
1836 silly ADD node_modules/read-cache
1837 silly ADD node_modules/is-extglob
1838 silly ADD node_modules/binary-extensions
1839 silly ADD node_modules/to-regex-range
1840 silly ADD node_modules/reusify
1841 silly ADD node_modules/run-parallel
1842 silly ADD node_modules/fastq
1843 silly ADD node_modules/@nodelib/fs.scandir
1844 silly ADD node_modules/merge2
1845 silly ADD node_modules/@nodelib/fs.walk
1846 silly ADD node_modules/@nodelib/fs.stat
1847 silly ADD node_modules/fill-range
1848 silly ADD node_modules/picomatch
1849 silly ADD node_modules/readdirp
1850 silly ADD node_modules/is-binary-path
1851 silly ADD
1852 silly ADD node_modules/braces
1853 silly ADD node_modules/anymatch
1854 silly ADD node_modules/sucrase
1855 silly ADD node_modules/resolve
1856 silly ADD node_modules/postcss-selector-parser
1857 silly ADD node_modules/postcss-nested
1858 silly ADD node_modules/postcss-load-config
1859 silly ADD node_modules/postcss-js
1860 silly ADD node_modules/postcss-import
1861 silly ADD node_modules/object-hash
1862 silly ADD node_modules/normalize-path
1863 silly ADD node_modules/micromatch
1864 silly ADD node_modules/lilconfig
1865 silly ADD node_modules/jiti
1866 silly ADD node_modules/is-glob
1867 silly ADD node_modules/glob-parent
1868 silly ADD node_modules/fast-glob
1869 silly ADD node_modules/fast-glob/node_modules/glob-parent
1870 silly ADD node_modules/dlv
1871 silly ADD node_modules/didyoumean
1872 silly ADD node_modules/chokidar
1873 silly ADD node_modules/chokidar/node_modules/glob-parent
1874 silly ADD node_modules/arg
1875 silly ADD node_modules/@alloc/quick-lru
1876 silly ADD node_modules/call-bound
1877 silly ADD node_modules/side-channel-weakmap
1878 silly ADD node_modules/side-channel-map
1879 silly ADD node_modules/side-channel-list
1880 silly ADD node_modules/object-inspect
1881 silly ADD node_modules/scheduler
1882 silly ADD node_modules/loose-envify
1883 silly ADD node_modules/side-channel
1884 silly ADD node_modules/source-map-js
1885 silly ADD node_modules/nanoid
1886 silly ADD node_modules/mime-db
1887 silly ADD node_modules/yallist
1888 silly ADD node_modules/vite-plugin-full-reload
1889 silly ADD node_modules/dunder-proto
1890 silly ADD node_modules/math-intrinsics
1891 silly ADD node_modules/has-symbols
1892 silly ADD node_modules/gopd
1893 silly ADD node_modules/get-proto
1894 silly ADD node_modules/function-bind
1895 silly ADD node_modules/es-object-atoms
1896 silly ADD node_modules/es-define-property
1897 silly ADD node_modules/call-bind-apply-helpers
1898 silly ADD node_modules/has-tostringtag
1899 silly ADD node_modules/get-intrinsic
1900 silly ADD node_modules/es-errors
1901 silly ADD node_modules/delayed-stream
1902 silly ADD node_modules/mime-types
1903 silly ADD node_modules/hasown
1904 silly ADD node_modules/es-set-tostringtag
1905 silly ADD node_modules/combined-stream
1906 silly ADD node_modules/asynckit
1907 silly ADD node_modules/ms
1908 silly ADD node_modules/update-browserslist-db
1909 silly ADD node_modules/node-releases
1910 silly ADD node_modules/electron-to-chromium
1911 silly ADD node_modules/baseline-browser-mapping
1912 silly ADD node_modules/proxy-from-env
1913 silly ADD node_modules/form-data
1914 silly ADD node_modules/follow-redirects
1915 silly ADD node_modules/postcss-value-parser
1916 silly ADD node_modules/normalize-range
1917 silly ADD node_modules/fraction.js
1918 silly ADD node_modules/caniuse-lite
1919 silly ADD node_modules/@types/babel__traverse
1920 silly ADD node_modules/@types/babel__template
1921 silly ADD node_modules/@types/babel__generator
1922 silly ADD node_modules/@jridgewell/resolve-uri
1923 silly ADD node_modules/@jridgewell/sourcemap-codec
1924 silly ADD node_modules/@babel/helper-string-parser
1925 silly ADD node_modules/@babel/helper-globals
1926 silly ADD node_modules/@babel/helper-plugin-utils
1927 silly ADD node_modules/@babel/helper-module-imports
1928 silly ADD node_modules/lru-cache
1929 silly ADD node_modules/browserslist
1930 silly ADD node_modules/@babel/helper-validator-option
1931 silly ADD node_modules/@babel/compat-data
1932 silly ADD node_modules/jsesc
1933 silly ADD node_modules/@jridgewell/trace-mapping
1934 silly ADD node_modules/@jridgewell/gen-mapping
1935 silly ADD node_modules/picocolors
1936 silly ADD node_modules/js-tokens
1937 silly ADD node_modules/@babel/helper-validator-identifier
1938 silly ADD node_modules/semver
1939 silly ADD node_modules/json5
1940 silly ADD node_modules/gensync
1941 silly ADD node_modules/debug
1942 silly ADD node_modules/convert-source-map
1943 silly ADD node_modules/@jridgewell/remapping
1944 silly ADD node_modules/@babel/types
1945 silly ADD node_modules/@babel/traverse
1946 silly ADD node_modules/@babel/template
1947 silly ADD node_modules/@babel/parser
1948 silly ADD node_modules/@babel/helpers
1949 silly ADD node_modules/@babel/helper-module-transforms
1950 silly ADD node_modules/@babel/helper-compilation-targets
1951 silly ADD node_modules/@babel/generator
1952 silly ADD node_modules/@babel/code-frame
1953 silly ADD node_modules/react-refresh
1954 silly ADD node_modules/@types/babel__core
1955 silly ADD node_modules/@rolldown/pluginutils
1956 silly ADD node_modules/@babel/plugin-transform-react-jsx-source
1957 silly ADD node_modules/@babel/plugin-transform-react-jsx-self
1958 silly ADD node_modules/@babel/core
1959 silly ADD node_modules/@types/lodash
1960 silly ADD node_modules/@tanstack/virtual-core
1961 silly ADD node_modules/mini-svg-data-uri
1962 silly ADD node_modules/tslib
1963 silly ADD node_modules/@react-stately/utils
1964 silly ADD node_modules/@react-stately/flags
1965 silly ADD node_modules/@react-aria/ssr
1966 silly ADD node_modules/clsx
1967 silly ADD node_modules/@swc/helpers
1968 silly ADD node_modules/@react-types/shared
1969 silly ADD node_modules/@react-aria/utils
1970 silly ADD node_modules/qs
1971 silly ADD node_modules/lodash-es
1972 silly ADD node_modules/@types/lodash-es
1973 silly ADD node_modules/@inertiajs/core
1974 silly ADD node_modules/@floating-ui/core
1975 silly ADD node_modules/@floating-ui/dom
1976 silly ADD node_modules/tabbable
1977 silly ADD node_modules/@floating-ui/utils
1978 silly ADD node_modules/@floating-ui/react-dom
1979 silly ADD node_modules/use-sync-external-store
1980 silly ADD node_modules/@tanstack/react-virtual
1981 silly ADD node_modules/@react-aria/interactions
1982 silly ADD node_modules/@react-aria/focus
1983 silly ADD node_modules/@floating-ui/react
1984 silly ADD node_modules/laravel-vite-plugin
1985 silly ADD node_modules/axios
1986 silly ADD node_modules/postcss
1987 silly ADD node_modules/autoprefixer
1988 silly ADD node_modules/vite
1989 silly ADD node_modules/@vitejs/plugin-react
1990 silly ADD node_modules/tailwindcss
1991 silly ADD node_modules/@tailwindcss/forms
1992 silly ADD node_modules/@inertiajs/react
1993 silly ADD node_modules/react-dom
1994 silly ADD node_modules/react
1995 silly ADD node_modules/@headlessui/react
1996 timing command:install Completed in 49488ms
1997 verbose exit 0
1998 timing npm Completed in 49611ms
1999 info ok
