[2025-12-06 13:29:56] local.ERROR: The /var/www/bootstrap/cache directory must be present and writable. {"exception":"[object] (Exception(code: 0): The /var/www/bootstrap/cache directory must be present and writable. at /var/www/vendor/laravel/framework/src/Illuminate/Foundation/PackageManifest.php:179)
[stacktrace]
#0 /var/www/vendor/laravel/framework/src/Illuminate/Foundation/PackageManifest.php(132): Illuminate\\Foundation\\PackageManifest->write(Array)
#1 /var/www/vendor/laravel/framework/src/Illuminate/Foundation/PackageManifest.php(108): Illuminate\\Foundation\\PackageManifest->build()
#2 /var/www/vendor/laravel/framework/src/Illuminate/Foundation/PackageManifest.php(90): Illuminate\\Foundation\\PackageManifest->getManifest()
#3 /var/www/vendor/laravel/framework/src/Illuminate/Foundation/PackageManifest.php(79): Illuminate\\Foundation\\PackageManifest->config('aliases')
#4 /var/www/vendor/laravel/framework/src/Illuminate/Foundation/Bootstrap/RegisterFacades.php(26): Illuminate\\Foundation\\PackageManifest->aliases()
#5 /var/www/vendor/laravel/framework/src/Illuminate/Foundation/Application.php(342): Illuminate\\Foundation\\Bootstrap\\RegisterFacades->bootstrap(Object(Illuminate\\Foundation\\Application))
#6 /var/www/vendor/laravel/framework/src/Illuminate/Foundation/Console/Kernel.php(473): Illuminate\\Foundation\\Application->bootstrapWith(Array)
#7 /var/www/vendor/laravel/framework/src/Illuminate/Foundation/Console/Kernel.php(195): Illuminate\\Foundation\\Console\\Kernel->bootstrap()
#8 /var/www/artisan(12): Illuminate\\Foundation\\Console\\Kernel->handle(Object(Symfony\\Component\\Console\\Input\\ArgvInput), Object(Symfony\\Component\\Console\\Output\\ConsoleOutput))
#9 {main}
"} 
[2025-12-06 13:31:23] local.ERROR: The /var/www/bootstrap/cache directory must be present and writable. {"exception":"[object] (Exception(code: 0): The /var/www/bootstrap/cache directory must be present and writable. at /var/www/vendor/laravel/framework/src/Illuminate/Foundation/PackageManifest.php:179)
[stacktrace]
#0 /var/www/vendor/laravel/framework/src/Illuminate/Foundation/PackageManifest.php(132): Illuminate\\Foundation\\PackageManifest->write(Array)
#1 /var/www/vendor/laravel/framework/src/Illuminate/Foundation/PackageManifest.php(108): Illuminate\\Foundation\\PackageManifest->build()
#2 /var/www/vendor/laravel/framework/src/Illuminate/Foundation/PackageManifest.php(90): Illuminate\\Foundation\\PackageManifest->getManifest()
#3 /var/www/vendor/laravel/framework/src/Illuminate/Foundation/PackageManifest.php(79): Illuminate\\Foundation\\PackageManifest->config('aliases')
#4 /var/www/vendor/laravel/framework/src/Illuminate/Foundation/Bootstrap/RegisterFacades.php(26): Illuminate\\Foundation\\PackageManifest->aliases()
#5 /var/www/vendor/laravel/framework/src/Illuminate/Foundation/Application.php(342): Illuminate\\Foundation\\Bootstrap\\RegisterFacades->bootstrap(Object(Illuminate\\Foundation\\Application))
#6 /var/www/vendor/laravel/framework/src/Illuminate/Foundation/Console/Kernel.php(473): Illuminate\\Foundation\\Application->bootstrapWith(Array)
#7 /var/www/vendor/laravel/framework/src/Illuminate/Foundation/Console/Kernel.php(195): Illuminate\\Foundation\\Console\\Kernel->bootstrap()
#8 /var/www/artisan(12): Illuminate\\Foundation\\Console\\Kernel->handle(Object(Symfony\\Component\\Console\\Input\\ArgvInput), Object(Symfony\\Component\\Console\\Output\\ConsoleOutput))
#9 {main}
"} 
[2025-12-06 13:38:30] local.ERROR: SQLSTATE[42S02]: Base table or view not found: 1146 Table 'laravel.cache' doesn't exist (Connection: mysql, SQL: delete from `cache` where `key` in (laravel_cache_spatie.permission.cache, laravel_cache_illuminate:cache:flexible:created:spatie.permission.cache)) {"exception":"[object] (Illuminate\\Database\\QueryException(code: 42S02): SQLSTATE[42S02]: Base table or view not found: 1146 Table 'laravel.cache' doesn't exist (Connection: mysql, SQL: delete from `cache` where `key` in (laravel_cache_spatie.permission.cache, laravel_cache_illuminate:cache:flexible:created:spatie.permission.cache)) at /var/www/vendor/laravel/framework/src/Illuminate/Database/Connection.php:826)
[stacktrace]
#0 /var/www/vendor/laravel/framework/src/Illuminate/Database/Connection.php(780): Illuminate\\Database\\Connection->runQueryCallback('delete from `ca...', Array, Object(Closure))
#1 /var/www/vendor/laravel/framework/src/Illuminate/Database/Connection.php(583): Illuminate\\Database\\Connection->run('delete from `ca...', Array, Object(Closure))
#2 /var/www/vendor/laravel/framework/src/Illuminate/Database/Connection.php(547): Illuminate\\Database\\Connection->affectingStatement('delete from `ca...', Array)
#3 /var/www/vendor/laravel/framework/src/Illuminate/Database/Query/Builder.php(4109): Illuminate\\Database\\Connection->delete('delete from `ca...', Array)
#4 /var/www/vendor/laravel/framework/src/Illuminate/Cache/DatabaseStore.php(388): Illuminate\\Database\\Query\\Builder->delete()
#5 /var/www/vendor/laravel/framework/src/Illuminate/Cache/DatabaseStore.php(363): Illuminate\\Cache\\DatabaseStore->forgetMany(Array)
#6 /var/www/vendor/laravel/framework/src/Illuminate/Cache/Repository.php(539): Illuminate\\Cache\\DatabaseStore->forget('spatie.permissi...')
#7 /var/www/vendor/spatie/laravel-permission/src/PermissionRegistrar.php(145): Illuminate\\Cache\\Repository->forget('spatie.permissi...')
#8 /var/www/database/seeders/RolesAndPermissionsSeeder.php(15): Spatie\\Permission\\PermissionRegistrar->forgetCachedPermissions()
#9 /var/www/vendor/laravel/framework/src/Illuminate/Container/BoundMethod.php(36): Database\\Seeders\\RolesAndPermissionsSeeder->run()
#10 /var/www/vendor/laravel/framework/src/Illuminate/Container/Util.php(43): Illuminate\\Container\\BoundMethod::Illuminate\\Container\\{closure}()
#11 /var/www/vendor/laravel/framework/src/Illuminate/Container/BoundMethod.php(96): Illuminate\\Container\\Util::unwrapIfClosure(Object(Closure))
#12 /var/www/vendor/laravel/framework/src/Illuminate/Container/BoundMethod.php(35): Illuminate\\Container\\BoundMethod::callBoundMethod(Object(Illuminate\\Foundation\\Application), Array, Object(Closure))
#13 /var/www/vendor/laravel/framework/src/Illuminate/Container/Container.php(807): Illuminate\\Container\\BoundMethod::call(Object(Illuminate\\Foundation\\Application), Array, Array, NULL)
#14 /var/www/vendor/laravel/framework/src/Illuminate/Database/Seeder.php(184): Illuminate\\Container\\Container->call(Array, Array)
#15 /var/www/vendor/laravel/framework/src/Illuminate/Database/Seeder.php(193): Illuminate\\Database\\Seeder->Illuminate\\Database\\{closure}()
#16 /var/www/vendor/laravel/framework/src/Illuminate/Database/Seeder.php(59): Illuminate\\Database\\Seeder->__invoke(Array)
#17 /var/www/database/seeders/DatabaseSeeder.php(12): Illuminate\\Database\\Seeder->call('Database\\\\Seeder...')
#18 /var/www/vendor/laravel/framework/src/Illuminate/Container/BoundMethod.php(36): Database\\Seeders\\DatabaseSeeder->run()
#19 /var/www/vendor/laravel/framework/src/Illuminate/Container/Util.php(43): Illuminate\\Container\\BoundMethod::Illuminate\\Container\\{closure}()
#20 /var/www/vendor/laravel/framework/src/Illuminate/Container/BoundMethod.php(96): Illuminate\\Container\\Util::unwrapIfClosure(Object(Closure))
#21 /var/www/vendor/laravel/framework/src/Illuminate/Container/BoundMethod.php(35): Illuminate\\Container\\BoundMethod::callBoundMethod(Object(Illuminate\\Foundation\\Application), Array, Object(Closure))
#22 /var/www/vendor/laravel/framework/src/Illuminate/Container/Container.php(807): Illuminate\\Container\\BoundMethod::call(Object(Illuminate\\Foundation\\Application), Array, Array, NULL)
#23 /var/www/vendor/laravel/framework/src/Illuminate/Database/Seeder.php(184): Illuminate\\Container\\Container->call(Array, Array)
#24 /var/www/vendor/laravel/framework/src/Illuminate/Database/Seeder.php(193): Illuminate\\Database\\Seeder->Illuminate\\Database\\{closure}()
#25 /var/www/vendor/laravel/framework/src/Illuminate/Database/Console/Seeds/SeedCommand.php(71): Illuminate\\Database\\Seeder->__invoke()
#26 /var/www/vendor/laravel/framework/src/Illuminate/Database/Eloquent/Concerns/GuardsAttributes.php(157): Illuminate\\Database\\Console\\Seeds\\SeedCommand->Illuminate\\Database\\Console\\Seeds\\{closure}()
#27 /var/www/vendor/laravel/framework/src/Illuminate/Database/Console/Seeds/SeedCommand.php(70): Illuminate\\Database\\Eloquent\\Model::unguarded(Object(Closure))
#28 /var/www/vendor/laravel/framework/src/Illuminate/Container/BoundMethod.php(36): Illuminate\\Database\\Console\\Seeds\\SeedCommand->handle()
#29 /var/www/vendor/laravel/framework/src/Illuminate/Container/Util.php(43): Illuminate\\Container\\BoundMethod::Illuminate\\Container\\{closure}()
#30 /var/www/vendor/laravel/framework/src/Illuminate/Container/BoundMethod.php(96): Illuminate\\Container\\Util::unwrapIfClosure(Object(Closure))
#31 /var/www/vendor/laravel/framework/src/Illuminate/Container/BoundMethod.php(35): Illuminate\\Container\\BoundMethod::callBoundMethod(Object(Illuminate\\Foundation\\Application), Array, Object(Closure))
#32 /var/www/vendor/laravel/framework/src/Illuminate/Container/Container.php(807): Illuminate\\Container\\BoundMethod::call(Object(Illuminate\\Foundation\\Application), Array, Array, NULL)
#33 /var/www/vendor/laravel/framework/src/Illuminate/Console/Command.php(211): Illuminate\\Container\\Container->call(Array)
#34 /var/www/vendor/symfony/console/Command/Command.php(335): Illuminate\\Console\\Command->execute(Object(Symfony\\Component\\Console\\Input\\ArrayInput), Object(Illuminate\\Console\\OutputStyle))
#35 /var/www/vendor/laravel/framework/src/Illuminate/Console/Command.php(180): Symfony\\Component\\Console\\Command\\Command->run(Object(Symfony\\Component\\Console\\Input\\ArrayInput), Object(Illuminate\\Console\\OutputStyle))
#36 /var/www/vendor/laravel/framework/src/Illuminate/Console/Concerns/CallsCommands.php(68): Illuminate\\Console\\Command->run(Object(Symfony\\Component\\Console\\Input\\ArrayInput), Object(Illuminate\\Console\\OutputStyle))
#37 /var/www/vendor/laravel/framework/src/Illuminate/Console/Concerns/CallsCommands.php(29): Illuminate\\Console\\Command->runCommand('db:seed', Array, Object(Illuminate\\Console\\OutputStyle))
#38 /var/www/vendor/laravel/framework/src/Illuminate/Database/Console/Migrations/MigrateCommand.php(125): Illuminate\\Console\\Command->call('db:seed', Array)
#39 /var/www/vendor/laravel/framework/src/Illuminate/Database/Migrations/Migrator.php(666): Illuminate\\Database\\Console\\Migrations\\MigrateCommand->Illuminate\\Database\\Console\\Migrations\\{closure}()
#40 /var/www/vendor/laravel/framework/src/Illuminate/Database/Console/Migrations/MigrateCommand.php(109): Illuminate\\Database\\Migrations\\Migrator->usingConnection(NULL, Object(Closure))
#41 /var/www/vendor/laravel/framework/src/Illuminate/Database/Console/Migrations/MigrateCommand.php(88): Illuminate\\Database\\Console\\Migrations\\MigrateCommand->runMigrations()
#42 /var/www/vendor/laravel/framework/src/Illuminate/Container/BoundMethod.php(36): Illuminate\\Database\\Console\\Migrations\\MigrateCommand->handle()
#43 /var/www/vendor/laravel/framework/src/Illuminate/Container/Util.php(43): Illuminate\\Container\\BoundMethod::Illuminate\\Container\\{closure}()
#44 /var/www/vendor/laravel/framework/src/Illuminate/Container/BoundMethod.php(96): Illuminate\\Container\\Util::unwrapIfClosure(Object(Closure))
#45 /var/www/vendor/laravel/framework/src/Illuminate/Container/BoundMethod.php(35): Illuminate\\Container\\BoundMethod::callBoundMethod(Object(Illuminate\\Foundation\\Application), Array, Object(Closure))
#46 /var/www/vendor/laravel/framework/src/Illuminate/Container/Container.php(807): Illuminate\\Container\\BoundMethod::call(Object(Illuminate\\Foundation\\Application), Array, Array, NULL)
#47 /var/www/vendor/laravel/framework/src/Illuminate/Console/Command.php(211): Illuminate\\Container\\Container->call(Array)
#48 /var/www/vendor/symfony/console/Command/Command.php(335): Illuminate\\Console\\Command->execute(Object(Symfony\\Component\\Console\\Input\\ArgvInput), Object(Illuminate\\Console\\OutputStyle))
#49 /var/www/vendor/laravel/framework/src/Illuminate/Console/Command.php(180): Symfony\\Component\\Console\\Command\\Command->run(Object(Symfony\\Component\\Console\\Input\\ArgvInput), Object(Illuminate\\Console\\OutputStyle))
#50 /var/www/vendor/symfony/console/Application.php(1103): Illuminate\\Console\\Command->run(Object(Symfony\\Component\\Console\\Input\\ArgvInput), Object(Symfony\\Component\\Console\\Output\\ConsoleOutput))
#51 /var/www/vendor/symfony/console/Application.php(356): Symfony\\Component\\Console\\Application->doRunCommand(Object(Illuminate\\Database\\Console\\Migrations\\MigrateCommand), Object(Symfony\\Component\\Console\\Input\\ArgvInput), Object(Symfony\\Component\\Console\\Output\\ConsoleOutput))
#52 /var/www/vendor/symfony/console/Application.php(195): Symfony\\Component\\Console\\Application->doRun(Object(Symfony\\Component\\Console\\Input\\ArgvInput), Object(Symfony\\Component\\Console\\Output\\ConsoleOutput))
#53 /var/www/vendor/laravel/framework/src/Illuminate/Foundation/Console/Kernel.php(197): Symfony\\Component\\Console\\Application->run(Object(Symfony\\Component\\Console\\Input\\ArgvInput), Object(Symfony\\Component\\Console\\Output\\ConsoleOutput))
#54 /var/www/artisan(12): Illuminate\\Foundation\\Console\\Kernel->handle(Object(Symfony\\Component\\Console\\Input\\ArgvInput), Object(Symfony\\Component\\Console\\Output\\ConsoleOutput))
#55 {main}

[previous exception] [object] (PDOException(code: 42S02): SQLSTATE[42S02]: Base table or view not found: 1146 Table 'laravel.cache' doesn't exist at /var/www/vendor/laravel/framework/src/Illuminate/Database/Connection.php:591)
[stacktrace]
#0 /var/www/vendor/laravel/framework/src/Illuminate/Database/Connection.php(591): PDO->prepare('delete from `ca...')
#1 /var/www/vendor/laravel/framework/src/Illuminate/Database/Connection.php(813): Illuminate\\Database\\Connection->Illuminate\\Database\\{closure}('delete from `ca...', Array)
#2 /var/www/vendor/laravel/framework/src/Illuminate/Database/Connection.php(780): Illuminate\\Database\\Connection->runQueryCallback('delete from `ca...', Array, Object(Closure))
#3 /var/www/vendor/laravel/framework/src/Illuminate/Database/Connection.php(583): Illuminate\\Database\\Connection->run('delete from `ca...', Array, Object(Closure))
#4 /var/www/vendor/laravel/framework/src/Illuminate/Database/Connection.php(547): Illuminate\\Database\\Connection->affectingStatement('delete from `ca...', Array)
#5 /var/www/vendor/laravel/framework/src/Illuminate/Database/Query/Builder.php(4109): Illuminate\\Database\\Connection->delete('delete from `ca...', Array)
#6 /var/www/vendor/laravel/framework/src/Illuminate/Cache/DatabaseStore.php(388): Illuminate\\Database\\Query\\Builder->delete()
#7 /var/www/vendor/laravel/framework/src/Illuminate/Cache/DatabaseStore.php(363): Illuminate\\Cache\\DatabaseStore->forgetMany(Array)
#8 /var/www/vendor/laravel/framework/src/Illuminate/Cache/Repository.php(539): Illuminate\\Cache\\DatabaseStore->forget('spatie.permissi...')
#9 /var/www/vendor/spatie/laravel-permission/src/PermissionRegistrar.php(145): Illuminate\\Cache\\Repository->forget('spatie.permissi...')
#10 /var/www/database/seeders/RolesAndPermissionsSeeder.php(15): Spatie\\Permission\\PermissionRegistrar->forgetCachedPermissions()
#11 /var/www/vendor/laravel/framework/src/Illuminate/Container/BoundMethod.php(36): Database\\Seeders\\RolesAndPermissionsSeeder->run()
#12 /var/www/vendor/laravel/framework/src/Illuminate/Container/Util.php(43): Illuminate\\Container\\BoundMethod::Illuminate\\Container\\{closure}()
#13 /var/www/vendor/laravel/framework/src/Illuminate/Container/BoundMethod.php(96): Illuminate\\Container\\Util::unwrapIfClosure(Object(Closure))
#14 /var/www/vendor/laravel/framework/src/Illuminate/Container/BoundMethod.php(35): Illuminate\\Container\\BoundMethod::callBoundMethod(Object(Illuminate\\Foundation\\Application), Array, Object(Closure))
#15 /var/www/vendor/laravel/framework/src/Illuminate/Container/Container.php(807): Illuminate\\Container\\BoundMethod::call(Object(Illuminate\\Foundation\\Application), Array, Array, NULL)
#16 /var/www/vendor/laravel/framework/src/Illuminate/Database/Seeder.php(184): Illuminate\\Container\\Container->call(Array, Array)
#17 /var/www/vendor/laravel/framework/src/Illuminate/Database/Seeder.php(193): Illuminate\\Database\\Seeder->Illuminate\\Database\\{closure}()
#18 /var/www/vendor/laravel/framework/src/Illuminate/Database/Seeder.php(59): Illuminate\\Database\\Seeder->__invoke(Array)
#19 /var/www/database/seeders/DatabaseSeeder.php(12): Illuminate\\Database\\Seeder->call('Database\\\\Seeder...')
#20 /var/www/vendor/laravel/framework/src/Illuminate/Container/BoundMethod.php(36): Database\\Seeders\\DatabaseSeeder->run()
#21 /var/www/vendor/laravel/framework/src/Illuminate/Container/Util.php(43): Illuminate\\Container\\BoundMethod::Illuminate\\Container\\{closure}()
#22 /var/www/vendor/laravel/framework/src/Illuminate/Container/BoundMethod.php(96): Illuminate\\Container\\Util::unwrapIfClosure(Object(Closure))
#23 /var/www/vendor/laravel/framework/src/Illuminate/Container/BoundMethod.php(35): Illuminate\\Container\\BoundMethod::callBoundMethod(Object(Illuminate\\Foundation\\Application), Array, Object(Closure))
#24 /var/www/vendor/laravel/framework/src/Illuminate/Container/Container.php(807): Illuminate\\Container\\BoundMethod::call(Object(Illuminate\\Foundation\\Application), Array, Array, NULL)
#25 /var/www/vendor/laravel/framework/src/Illuminate/Database/Seeder.php(184): Illuminate\\Container\\Container->call(Array, Array)
#26 /var/www/vendor/laravel/framework/src/Illuminate/Database/Seeder.php(193): Illuminate\\Database\\Seeder->Illuminate\\Database\\{closure}()
#27 /var/www/vendor/laravel/framework/src/Illuminate/Database/Console/Seeds/SeedCommand.php(71): Illuminate\\Database\\Seeder->__invoke()
#28 /var/www/vendor/laravel/framework/src/Illuminate/Database/Eloquent/Concerns/GuardsAttributes.php(157): Illuminate\\Database\\Console\\Seeds\\SeedCommand->Illuminate\\Database\\Console\\Seeds\\{closure}()
#29 /var/www/vendor/laravel/framework/src/Illuminate/Database/Console/Seeds/SeedCommand.php(70): Illuminate\\Database\\Eloquent\\Model::unguarded(Object(Closure))
#30 /var/www/vendor/laravel/framework/src/Illuminate/Container/BoundMethod.php(36): Illuminate\\Database\\Console\\Seeds\\SeedCommand->handle()
#31 /var/www/vendor/laravel/framework/src/Illuminate/Container/Util.php(43): Illuminate\\Container\\BoundMethod::Illuminate\\Container\\{closure}()
#32 /var/www/vendor/laravel/framework/src/Illuminate/Container/BoundMethod.php(96): Illuminate\\Container\\Util::unwrapIfClosure(Object(Closure))
#33 /var/www/vendor/laravel/framework/src/Illuminate/Container/BoundMethod.php(35): Illuminate\\Container\\BoundMethod::callBoundMethod(Object(Illuminate\\Foundation\\Application), Array, Object(Closure))
#34 /var/www/vendor/laravel/framework/src/Illuminate/Container/Container.php(807): Illuminate\\Container\\BoundMethod::call(Object(Illuminate\\Foundation\\Application), Array, Array, NULL)
#35 /var/www/vendor/laravel/framework/src/Illuminate/Console/Command.php(211): Illuminate\\Container\\Container->call(Array)
#36 /var/www/vendor/symfony/console/Command/Command.php(335): Illuminate\\Console\\Command->execute(Object(Symfony\\Component\\Console\\Input\\ArrayInput), Object(Illuminate\\Console\\OutputStyle))
#37 /var/www/vendor/laravel/framework/src/Illuminate/Console/Command.php(180): Symfony\\Component\\Console\\Command\\Command->run(Object(Symfony\\Component\\Console\\Input\\ArrayInput), Object(Illuminate\\Console\\OutputStyle))
#38 /var/www/vendor/laravel/framework/src/Illuminate/Console/Concerns/CallsCommands.php(68): Illuminate\\Console\\Command->run(Object(Symfony\\Component\\Console\\Input\\ArrayInput), Object(Illuminate\\Console\\OutputStyle))
#39 /var/www/vendor/laravel/framework/src/Illuminate/Console/Concerns/CallsCommands.php(29): Illuminate\\Console\\Command->runCommand('db:seed', Array, Object(Illuminate\\Console\\OutputStyle))
#40 /var/www/vendor/laravel/framework/src/Illuminate/Database/Console/Migrations/MigrateCommand.php(125): Illuminate\\Console\\Command->call('db:seed', Array)
#41 /var/www/vendor/laravel/framework/src/Illuminate/Database/Migrations/Migrator.php(666): Illuminate\\Database\\Console\\Migrations\\MigrateCommand->Illuminate\\Database\\Console\\Migrations\\{closure}()
#42 /var/www/vendor/laravel/framework/src/Illuminate/Database/Console/Migrations/MigrateCommand.php(109): Illuminate\\Database\\Migrations\\Migrator->usingConnection(NULL, Object(Closure))
#43 /var/www/vendor/laravel/framework/src/Illuminate/Database/Console/Migrations/MigrateCommand.php(88): Illuminate\\Database\\Console\\Migrations\\MigrateCommand->runMigrations()
#44 /var/www/vendor/laravel/framework/src/Illuminate/Container/BoundMethod.php(36): Illuminate\\Database\\Console\\Migrations\\MigrateCommand->handle()
#45 /var/www/vendor/laravel/framework/src/Illuminate/Container/Util.php(43): Illuminate\\Container\\BoundMethod::Illuminate\\Container\\{closure}()
#46 /var/www/vendor/laravel/framework/src/Illuminate/Container/BoundMethod.php(96): Illuminate\\Container\\Util::unwrapIfClosure(Object(Closure))
#47 /var/www/vendor/laravel/framework/src/Illuminate/Container/BoundMethod.php(35): Illuminate\\Container\\BoundMethod::callBoundMethod(Object(Illuminate\\Foundation\\Application), Array, Object(Closure))
#48 /var/www/vendor/laravel/framework/src/Illuminate/Container/Container.php(807): Illuminate\\Container\\BoundMethod::call(Object(Illuminate\\Foundation\\Application), Array, Array, NULL)
#49 /var/www/vendor/laravel/framework/src/Illuminate/Console/Command.php(211): Illuminate\\Container\\Container->call(Array)
#50 /var/www/vendor/symfony/console/Command/Command.php(335): Illuminate\\Console\\Command->execute(Object(Symfony\\Component\\Console\\Input\\ArgvInput), Object(Illuminate\\Console\\OutputStyle))
#51 /var/www/vendor/laravel/framework/src/Illuminate/Console/Command.php(180): Symfony\\Component\\Console\\Command\\Command->run(Object(Symfony\\Component\\Console\\Input\\ArgvInput), Object(Illuminate\\Console\\OutputStyle))
#52 /var/www/vendor/symfony/console/Application.php(1103): Illuminate\\Console\\Command->run(Object(Symfony\\Component\\Console\\Input\\ArgvInput), Object(Symfony\\Component\\Console\\Output\\ConsoleOutput))
#53 /var/www/vendor/symfony/console/Application.php(356): Symfony\\Component\\Console\\Application->doRunCommand(Object(Illuminate\\Database\\Console\\Migrations\\MigrateCommand), Object(Symfony\\Component\\Console\\Input\\ArgvInput), Object(Symfony\\Component\\Console\\Output\\ConsoleOutput))
#54 /var/www/vendor/symfony/console/Application.php(195): Symfony\\Component\\Console\\Application->doRun(Object(Symfony\\Component\\Console\\Input\\ArgvInput), Object(Symfony\\Component\\Console\\Output\\ConsoleOutput))
#55 /var/www/vendor/laravel/framework/src/Illuminate/Foundation/Console/Kernel.php(197): Symfony\\Component\\Console\\Application->run(Object(Symfony\\Component\\Console\\Input\\ArgvInput), Object(Symfony\\Component\\Console\\Output\\ConsoleOutput))
#56 /var/www/artisan(12): Illuminate\\Foundation\\Console\\Kernel->handle(Object(Symfony\\Component\\Console\\Input\\ArgvInput), Object(Symfony\\Component\\Console\\Output\\ConsoleOutput))
#57 {main}
"} 
[2025-12-06 13:38:31] local.ERROR: SQLSTATE[42S02]: Base table or view not found: 1146 Table 'laravel.telescope_entries' doesn't exist (Connection: mysql, SQL: select count(*) as aggregate from `telescope_entries` where `type` = exception and `family_hash` = 9bc26becd8bb76c69b3de36564fd9bc0) {"exception":"[object] (Illuminate\\Database\\QueryException(code: 42S02): SQLSTATE[42S02]: Base table or view not found: 1146 Table 'laravel.telescope_entries' doesn't exist (Connection: mysql, SQL: select count(*) as aggregate from `telescope_entries` where `type` = exception and `family_hash` = 9bc26becd8bb76c69b3de36564fd9bc0) at /var/www/vendor/laravel/framework/src/Illuminate/Database/Connection.php:826)
[stacktrace]
#0 /var/www/vendor/laravel/framework/src/Illuminate/Database/Connection.php(780): Illuminate\\Database\\Connection->runQueryCallback('select count(*)...', Array, Object(Closure))
#1 /var/www/vendor/laravel/framework/src/Illuminate/Database/Connection.php(397): Illuminate\\Database\\Connection->run('select count(*)...', Array, Object(Closure))
#2 /var/www/vendor/laravel/framework/src/Illuminate/Database/Query/Builder.php(3188): Illuminate\\Database\\Connection->select('select count(*)...', Array, true)
#3 /var/www/vendor/laravel/framework/src/Illuminate/Database/Query/Builder.php(3173): Illuminate\\Database\\Query\\Builder->runSelect()
#4 /var/www/vendor/laravel/framework/src/Illuminate/Database/Query/Builder.php(3763): Illuminate\\Database\\Query\\Builder->Illuminate\\Database\\Query\\{closure}()
#5 /var/www/vendor/laravel/framework/src/Illuminate/Database/Query/Builder.php(3172): Illuminate\\Database\\Query\\Builder->onceWithColumns(Array, Object(Closure))
#6 /var/www/vendor/laravel/framework/src/Illuminate/Database/Query/Builder.php(3687): Illuminate\\Database\\Query\\Builder->get(Array)
#7 /var/www/vendor/laravel/framework/src/Illuminate/Database/Query/Builder.php(3615): Illuminate\\Database\\Query\\Builder->aggregate('count', Array)
#8 /var/www/vendor/laravel/telescope/src/Storage/DatabaseEntriesRepository.php(123): Illuminate\\Database\\Query\\Builder->count()
#9 /var/www/vendor/laravel/telescope/src/Storage/DatabaseEntriesRepository.php(165): Laravel\\Telescope\\Storage\\DatabaseEntriesRepository->countExceptionOccurences(Object(Laravel\\Telescope\\IncomingExceptionEntry))
#10 [internal function]: Laravel\\Telescope\\Storage\\DatabaseEntriesRepository->Laravel\\Telescope\\Storage\\{closure}(Object(Laravel\\Telescope\\IncomingExceptionEntry), 15)
#11 /var/www/vendor/laravel/framework/src/Illuminate/Collections/Arr.php(788): array_map(Object(Closure), Array, Array)
#12 /var/www/vendor/laravel/framework/src/Illuminate/Collections/Collection.php(814): Illuminate\\Support\\Arr::map(Array, Object(Closure))
#13 /var/www/vendor/laravel/telescope/src/Storage/DatabaseEntriesRepository.php(164): Illuminate\\Support\\Collection->map(Object(Closure))
#14 /var/www/vendor/laravel/framework/src/Illuminate/Collections/Traits/EnumeratesValues.php(271): Laravel\\Telescope\\Storage\\DatabaseEntriesRepository->Laravel\\Telescope\\Storage\\{closure}(Object(Illuminate\\Support\\Collection), 0)
#15 /var/www/vendor/laravel/telescope/src/Storage/DatabaseEntriesRepository.php(163): Illuminate\\Support\\Collection->each(Object(Closure))
#16 /var/www/vendor/laravel/telescope/src/Storage/DatabaseEntriesRepository.php(140): Laravel\\Telescope\\Storage\\DatabaseEntriesRepository->storeExceptions(Object(Illuminate\\Support\\Collection))
#17 /var/www/vendor/laravel/telescope/src/Telescope.php(664): Laravel\\Telescope\\Storage\\DatabaseEntriesRepository->store(Object(Illuminate\\Support\\Collection))
#18 [internal function]: Laravel\\Telescope\\Telescope::Laravel\\Telescope\\{closure}()
#19 /var/www/vendor/laravel/telescope/src/Telescope.php(289): call_user_func(Object(Closure))
#20 /var/www/vendor/laravel/telescope/src/Telescope.php(656): Laravel\\Telescope\\Telescope::withoutRecording(Object(Closure))
#21 /var/www/vendor/laravel/telescope/src/ListensForStorageOpportunities.php(65): Laravel\\Telescope\\Telescope::store(Object(Laravel\\Telescope\\Storage\\DatabaseEntriesRepository))
#22 /var/www/vendor/laravel/framework/src/Illuminate/Container/BoundMethod.php(36): Laravel\\Telescope\\Telescope::Laravel\\Telescope\\{closure}()
#23 /var/www/vendor/laravel/framework/src/Illuminate/Container/Util.php(43): Illuminate\\Container\\BoundMethod::Illuminate\\Container\\{closure}()
#24 /var/www/vendor/laravel/framework/src/Illuminate/Container/BoundMethod.php(84): Illuminate\\Container\\Util::unwrapIfClosure(Object(Closure))
#25 /var/www/vendor/laravel/framework/src/Illuminate/Container/BoundMethod.php(35): Illuminate\\Container\\BoundMethod::callBoundMethod(Object(Illuminate\\Foundation\\Application), Object(Closure), Object(Closure))
#26 /var/www/vendor/laravel/framework/src/Illuminate/Container/Container.php(807): Illuminate\\Container\\BoundMethod::call(Object(Illuminate\\Foundation\\Application), Object(Closure), Array, NULL)
#27 /var/www/vendor/laravel/framework/src/Illuminate/Foundation/Application.php(1466): Illuminate\\Container\\Container->call(Object(Closure))
#28 /var/www/vendor/laravel/framework/src/Illuminate/Foundation/Console/Kernel.php(218): Illuminate\\Foundation\\Application->terminate()
#29 /var/www/artisan(17): Illuminate\\Foundation\\Console\\Kernel->terminate(Object(Symfony\\Component\\Console\\Input\\ArgvInput), 1)
#30 {main}

[previous exception] [object] (PDOException(code: 42S02): SQLSTATE[42S02]: Base table or view not found: 1146 Table 'laravel.telescope_entries' doesn't exist at /var/www/vendor/laravel/framework/src/Illuminate/Database/Connection.php:406)
[stacktrace]
#0 /var/www/vendor/laravel/framework/src/Illuminate/Database/Connection.php(406): PDO->prepare('select count(*)...')
#1 /var/www/vendor/laravel/framework/src/Illuminate/Database/Connection.php(813): Illuminate\\Database\\Connection->Illuminate\\Database\\{closure}('select count(*)...', Array)
#2 /var/www/vendor/laravel/framework/src/Illuminate/Database/Connection.php(780): Illuminate\\Database\\Connection->runQueryCallback('select count(*)...', Array, Object(Closure))
#3 /var/www/vendor/laravel/framework/src/Illuminate/Database/Connection.php(397): Illuminate\\Database\\Connection->run('select count(*)...', Array, Object(Closure))
#4 /var/www/vendor/laravel/framework/src/Illuminate/Database/Query/Builder.php(3188): Illuminate\\Database\\Connection->select('select count(*)...', Array, true)
#5 /var/www/vendor/laravel/framework/src/Illuminate/Database/Query/Builder.php(3173): Illuminate\\Database\\Query\\Builder->runSelect()
#6 /var/www/vendor/laravel/framework/src/Illuminate/Database/Query/Builder.php(3763): Illuminate\\Database\\Query\\Builder->Illuminate\\Database\\Query\\{closure}()
#7 /var/www/vendor/laravel/framework/src/Illuminate/Database/Query/Builder.php(3172): Illuminate\\Database\\Query\\Builder->onceWithColumns(Array, Object(Closure))
#8 /var/www/vendor/laravel/framework/src/Illuminate/Database/Query/Builder.php(3687): Illuminate\\Database\\Query\\Builder->get(Array)
#9 /var/www/vendor/laravel/framework/src/Illuminate/Database/Query/Builder.php(3615): Illuminate\\Database\\Query\\Builder->aggregate('count', Array)
#10 /var/www/vendor/laravel/telescope/src/Storage/DatabaseEntriesRepository.php(123): Illuminate\\Database\\Query\\Builder->count()
#11 /var/www/vendor/laravel/telescope/src/Storage/DatabaseEntriesRepository.php(165): Laravel\\Telescope\\Storage\\DatabaseEntriesRepository->countExceptionOccurences(Object(Laravel\\Telescope\\IncomingExceptionEntry))
#12 [internal function]: Laravel\\Telescope\\Storage\\DatabaseEntriesRepository->Laravel\\Telescope\\Storage\\{closure}(Object(Laravel\\Telescope\\IncomingExceptionEntry), 15)
#13 /var/www/vendor/laravel/framework/src/Illuminate/Collections/Arr.php(788): array_map(Object(Closure), Array, Array)
#14 /var/www/vendor/laravel/framework/src/Illuminate/Collections/Collection.php(814): Illuminate\\Support\\Arr::map(Array, Object(Closure))
#15 /var/www/vendor/laravel/telescope/src/Storage/DatabaseEntriesRepository.php(164): Illuminate\\Support\\Collection->map(Object(Closure))
#16 /var/www/vendor/laravel/framework/src/Illuminate/Collections/Traits/EnumeratesValues.php(271): Laravel\\Telescope\\Storage\\DatabaseEntriesRepository->Laravel\\Telescope\\Storage\\{closure}(Object(Illuminate\\Support\\Collection), 0)
#17 /var/www/vendor/laravel/telescope/src/Storage/DatabaseEntriesRepository.php(163): Illuminate\\Support\\Collection->each(Object(Closure))
#18 /var/www/vendor/laravel/telescope/src/Storage/DatabaseEntriesRepository.php(140): Laravel\\Telescope\\Storage\\DatabaseEntriesRepository->storeExceptions(Object(Illuminate\\Support\\Collection))
#19 /var/www/vendor/laravel/telescope/src/Telescope.php(664): Laravel\\Telescope\\Storage\\DatabaseEntriesRepository->store(Object(Illuminate\\Support\\Collection))
#20 [internal function]: Laravel\\Telescope\\Telescope::Laravel\\Telescope\\{closure}()
#21 /var/www/vendor/laravel/telescope/src/Telescope.php(289): call_user_func(Object(Closure))
#22 /var/www/vendor/laravel/telescope/src/Telescope.php(656): Laravel\\Telescope\\Telescope::withoutRecording(Object(Closure))
#23 /var/www/vendor/laravel/telescope/src/ListensForStorageOpportunities.php(65): Laravel\\Telescope\\Telescope::store(Object(Laravel\\Telescope\\Storage\\DatabaseEntriesRepository))
#24 /var/www/vendor/laravel/framework/src/Illuminate/Container/BoundMethod.php(36): Laravel\\Telescope\\Telescope::Laravel\\Telescope\\{closure}()
#25 /var/www/vendor/laravel/framework/src/Illuminate/Container/Util.php(43): Illuminate\\Container\\BoundMethod::Illuminate\\Container\\{closure}()
#26 /var/www/vendor/laravel/framework/src/Illuminate/Container/BoundMethod.php(84): Illuminate\\Container\\Util::unwrapIfClosure(Object(Closure))
#27 /var/www/vendor/laravel/framework/src/Illuminate/Container/BoundMethod.php(35): Illuminate\\Container\\BoundMethod::callBoundMethod(Object(Illuminate\\Foundation\\Application), Object(Closure), Object(Closure))
#28 /var/www/vendor/laravel/framework/src/Illuminate/Container/Container.php(807): Illuminate\\Container\\BoundMethod::call(Object(Illuminate\\Foundation\\Application), Object(Closure), Array, NULL)
#29 /var/www/vendor/laravel/framework/src/Illuminate/Foundation/Application.php(1466): Illuminate\\Container\\Container->call(Object(Closure))
#30 /var/www/vendor/laravel/framework/src/Illuminate/Foundation/Console/Kernel.php(218): Illuminate\\Foundation\\Application->terminate()
#31 /var/www/artisan(17): Illuminate\\Foundation\\Console\\Kernel->terminate(Object(Symfony\\Component\\Console\\Input\\ArgvInput), 1)
#32 {main}
"} 
[2025-12-06 13:40:10] local.ERROR: SQLSTATE[42S02]: Base table or view not found: 1146 Table 'laravel.permissions' doesn't exist (Connection: mysql, SQL: select * from `permissions`) {"exception":"[object] (Illuminate\\Database\\QueryException(code: 42S02): SQLSTATE[42S02]: Base table or view not found: 1146 Table 'laravel.permissions' doesn't exist (Connection: mysql, SQL: select * from `permissions`) at /var/www/vendor/laravel/framework/src/Illuminate/Database/Connection.php:826)
[stacktrace]
#0 /var/www/vendor/laravel/framework/src/Illuminate/Database/Connection.php(780): Illuminate\\Database\\Connection->runQueryCallback('select * from `...', Array, Object(Closure))
#1 /var/www/vendor/laravel/framework/src/Illuminate/Database/Connection.php(397): Illuminate\\Database\\Connection->run('select * from `...', Array, Object(Closure))
#2 /var/www/vendor/laravel/framework/src/Illuminate/Database/Query/Builder.php(3188): Illuminate\\Database\\Connection->select('select * from `...', Array, true)
#3 /var/www/vendor/laravel/framework/src/Illuminate/Database/Query/Builder.php(3173): Illuminate\\Database\\Query\\Builder->runSelect()
#4 /var/www/vendor/laravel/framework/src/Illuminate/Database/Query/Builder.php(3763): Illuminate\\Database\\Query\\Builder->Illuminate\\Database\\Query\\{closure}()
#5 /var/www/vendor/laravel/framework/src/Illuminate/Database/Query/Builder.php(3172): Illuminate\\Database\\Query\\Builder->onceWithColumns(Array, Object(Closure))
#6 /var/www/vendor/laravel/framework/src/Illuminate/Database/Eloquent/Builder.php(902): Illuminate\\Database\\Query\\Builder->get(Array)
#7 /var/www/vendor/laravel/framework/src/Illuminate/Database/Eloquent/Builder.php(884): Illuminate\\Database\\Eloquent\\Builder->getModels(Array)
#8 /var/www/vendor/spatie/laravel-permission/src/PermissionRegistrar.php(304): Illuminate\\Database\\Eloquent\\Builder->get()
#9 /var/www/vendor/spatie/laravel-permission/src/PermissionRegistrar.php(341): Spatie\\Permission\\PermissionRegistrar->getPermissionsWithRoles()
#10 /var/www/vendor/spatie/laravel-permission/src/PermissionRegistrar.php(222): Spatie\\Permission\\PermissionRegistrar->getSerializedPermissionsForCache()
#11 /var/www/vendor/laravel/framework/src/Illuminate/Cache/Repository.php(431): Spatie\\Permission\\PermissionRegistrar->Spatie\\Permission\\{closure}()
#12 /var/www/vendor/spatie/laravel-permission/src/PermissionRegistrar.php(221): Illuminate\\Cache\\Repository->remember('spatie.permissi...', Object(DateInterval), Object(Closure))
#13 /var/www/vendor/spatie/laravel-permission/src/PermissionRegistrar.php(243): Spatie\\Permission\\PermissionRegistrar->loadPermissions()
#14 /var/www/vendor/spatie/laravel-permission/src/Models/Permission.php(145): Spatie\\Permission\\PermissionRegistrar->getPermissions(Array, true)
#15 /var/www/vendor/spatie/laravel-permission/src/Models/Permission.php(156): Spatie\\Permission\\Models\\Permission::getPermissions(Array, true)
#16 /var/www/vendor/spatie/laravel-permission/src/Models/Permission.php(46): Spatie\\Permission\\Models\\Permission::getPermission(Array)
#17 /var/www/database/seeders/RolesAndPermissionsSeeder.php(18): Spatie\\Permission\\Models\\Permission::create(Array)
#18 /var/www/vendor/laravel/framework/src/Illuminate/Container/BoundMethod.php(36): Database\\Seeders\\RolesAndPermissionsSeeder->run()
#19 /var/www/vendor/laravel/framework/src/Illuminate/Container/Util.php(43): Illuminate\\Container\\BoundMethod::Illuminate\\Container\\{closure}()
#20 /var/www/vendor/laravel/framework/src/Illuminate/Container/BoundMethod.php(96): Illuminate\\Container\\Util::unwrapIfClosure(Object(Closure))
#21 /var/www/vendor/laravel/framework/src/Illuminate/Container/BoundMethod.php(35): Illuminate\\Container\\BoundMethod::callBoundMethod(Object(Illuminate\\Foundation\\Application), Array, Object(Closure))
#22 /var/www/vendor/laravel/framework/src/Illuminate/Container/Container.php(807): Illuminate\\Container\\BoundMethod::call(Object(Illuminate\\Foundation\\Application), Array, Array, NULL)
#23 /var/www/vendor/laravel/framework/src/Illuminate/Database/Seeder.php(184): Illuminate\\Container\\Container->call(Array, Array)
#24 /var/www/vendor/laravel/framework/src/Illuminate/Database/Seeder.php(193): Illuminate\\Database\\Seeder->Illuminate\\Database\\{closure}()
#25 /var/www/vendor/laravel/framework/src/Illuminate/Database/Seeder.php(59): Illuminate\\Database\\Seeder->__invoke(Array)
#26 /var/www/database/seeders/DatabaseSeeder.php(12): Illuminate\\Database\\Seeder->call('Database\\\\Seeder...')
#27 /var/www/vendor/laravel/framework/src/Illuminate/Container/BoundMethod.php(36): Database\\Seeders\\DatabaseSeeder->run()
#28 /var/www/vendor/laravel/framework/src/Illuminate/Container/Util.php(43): Illuminate\\Container\\BoundMethod::Illuminate\\Container\\{closure}()
#29 /var/www/vendor/laravel/framework/src/Illuminate/Container/BoundMethod.php(96): Illuminate\\Container\\Util::unwrapIfClosure(Object(Closure))
#30 /var/www/vendor/laravel/framework/src/Illuminate/Container/BoundMethod.php(35): Illuminate\\Container\\BoundMethod::callBoundMethod(Object(Illuminate\\Foundation\\Application), Array, Object(Closure))
#31 /var/www/vendor/laravel/framework/src/Illuminate/Container/Container.php(807): Illuminate\\Container\\BoundMethod::call(Object(Illuminate\\Foundation\\Application), Array, Array, NULL)
#32 /var/www/vendor/laravel/framework/src/Illuminate/Database/Seeder.php(184): Illuminate\\Container\\Container->call(Array, Array)
#33 /var/www/vendor/laravel/framework/src/Illuminate/Database/Seeder.php(193): Illuminate\\Database\\Seeder->Illuminate\\Database\\{closure}()
#34 /var/www/vendor/laravel/framework/src/Illuminate/Database/Console/Seeds/SeedCommand.php(71): Illuminate\\Database\\Seeder->__invoke()
#35 /var/www/vendor/laravel/framework/src/Illuminate/Database/Eloquent/Concerns/GuardsAttributes.php(157): Illuminate\\Database\\Console\\Seeds\\SeedCommand->Illuminate\\Database\\Console\\Seeds\\{closure}()
#36 /var/www/vendor/laravel/framework/src/Illuminate/Database/Console/Seeds/SeedCommand.php(70): Illuminate\\Database\\Eloquent\\Model::unguarded(Object(Closure))
#37 /var/www/vendor/laravel/framework/src/Illuminate/Container/BoundMethod.php(36): Illuminate\\Database\\Console\\Seeds\\SeedCommand->handle()
#38 /var/www/vendor/laravel/framework/src/Illuminate/Container/Util.php(43): Illuminate\\Container\\BoundMethod::Illuminate\\Container\\{closure}()
#39 /var/www/vendor/laravel/framework/src/Illuminate/Container/BoundMethod.php(96): Illuminate\\Container\\Util::unwrapIfClosure(Object(Closure))
#40 /var/www/vendor/laravel/framework/src/Illuminate/Container/BoundMethod.php(35): Illuminate\\Container\\BoundMethod::callBoundMethod(Object(Illuminate\\Foundation\\Application), Array, Object(Closure))
#41 /var/www/vendor/laravel/framework/src/Illuminate/Container/Container.php(807): Illuminate\\Container\\BoundMethod::call(Object(Illuminate\\Foundation\\Application), Array, Array, NULL)
#42 /var/www/vendor/laravel/framework/src/Illuminate/Console/Command.php(211): Illuminate\\Container\\Container->call(Array)
#43 /var/www/vendor/symfony/console/Command/Command.php(335): Illuminate\\Console\\Command->execute(Object(Symfony\\Component\\Console\\Input\\ArrayInput), Object(Illuminate\\Console\\OutputStyle))
#44 /var/www/vendor/laravel/framework/src/Illuminate/Console/Command.php(180): Symfony\\Component\\Console\\Command\\Command->run(Object(Symfony\\Component\\Console\\Input\\ArrayInput), Object(Illuminate\\Console\\OutputStyle))
#45 /var/www/vendor/laravel/framework/src/Illuminate/Console/Concerns/CallsCommands.php(68): Illuminate\\Console\\Command->run(Object(Symfony\\Component\\Console\\Input\\ArrayInput), Object(Illuminate\\Console\\OutputStyle))
#46 /var/www/vendor/laravel/framework/src/Illuminate/Console/Concerns/CallsCommands.php(29): Illuminate\\Console\\Command->runCommand('db:seed', Array, Object(Illuminate\\Console\\OutputStyle))
#47 /var/www/vendor/laravel/framework/src/Illuminate/Database/Console/Migrations/FreshCommand.php(121): Illuminate\\Console\\Command->call('db:seed', Array)
#48 /var/www/vendor/laravel/framework/src/Illuminate/Database/Console/Migrations/FreshCommand.php(97): Illuminate\\Database\\Console\\Migrations\\FreshCommand->runSeeder(NULL)
#49 /var/www/vendor/laravel/framework/src/Illuminate/Container/BoundMethod.php(36): Illuminate\\Database\\Console\\Migrations\\FreshCommand->handle()
#50 /var/www/vendor/laravel/framework/src/Illuminate/Container/Util.php(43): Illuminate\\Container\\BoundMethod::Illuminate\\Container\\{closure}()
#51 /var/www/vendor/laravel/framework/src/Illuminate/Container/BoundMethod.php(96): Illuminate\\Container\\Util::unwrapIfClosure(Object(Closure))
#52 /var/www/vendor/laravel/framework/src/Illuminate/Container/BoundMethod.php(35): Illuminate\\Container\\BoundMethod::callBoundMethod(Object(Illuminate\\Foundation\\Application), Array, Object(Closure))
#53 /var/www/vendor/laravel/framework/src/Illuminate/Container/Container.php(807): Illuminate\\Container\\BoundMethod::call(Object(Illuminate\\Foundation\\Application), Array, Array, NULL)
#54 /var/www/vendor/laravel/framework/src/Illuminate/Console/Command.php(211): Illuminate\\Container\\Container->call(Array)
#55 /var/www/vendor/symfony/console/Command/Command.php(335): Illuminate\\Console\\Command->execute(Object(Symfony\\Component\\Console\\Input\\ArgvInput), Object(Illuminate\\Console\\OutputStyle))
#56 /var/www/vendor/laravel/framework/src/Illuminate/Console/Command.php(180): Symfony\\Component\\Console\\Command\\Command->run(Object(Symfony\\Component\\Console\\Input\\ArgvInput), Object(Illuminate\\Console\\OutputStyle))
#57 /var/www/vendor/symfony/console/Application.php(1103): Illuminate\\Console\\Command->run(Object(Symfony\\Component\\Console\\Input\\ArgvInput), Object(Symfony\\Component\\Console\\Output\\ConsoleOutput))
#58 /var/www/vendor/symfony/console/Application.php(356): Symfony\\Component\\Console\\Application->doRunCommand(Object(Illuminate\\Database\\Console\\Migrations\\FreshCommand), Object(Symfony\\Component\\Console\\Input\\ArgvInput), Object(Symfony\\Component\\Console\\Output\\ConsoleOutput))
#59 /var/www/vendor/symfony/console/Application.php(195): Symfony\\Component\\Console\\Application->doRun(Object(Symfony\\Component\\Console\\Input\\ArgvInput), Object(Symfony\\Component\\Console\\Output\\ConsoleOutput))
#60 /var/www/vendor/laravel/framework/src/Illuminate/Foundation/Console/Kernel.php(197): Symfony\\Component\\Console\\Application->run(Object(Symfony\\Component\\Console\\Input\\ArgvInput), Object(Symfony\\Component\\Console\\Output\\ConsoleOutput))
#61 /var/www/artisan(12): Illuminate\\Foundation\\Console\\Kernel->handle(Object(Symfony\\Component\\Console\\Input\\ArgvInput), Object(Symfony\\Component\\Console\\Output\\ConsoleOutput))
#62 {main}

[previous exception] [object] (PDOException(code: 42S02): SQLSTATE[42S02]: Base table or view not found: 1146 Table 'laravel.permissions' doesn't exist at /var/www/vendor/laravel/framework/src/Illuminate/Database/Connection.php:406)
[stacktrace]
#0 /var/www/vendor/laravel/framework/src/Illuminate/Database/Connection.php(406): PDO->prepare('select * from `...')
#1 /var/www/vendor/laravel/framework/src/Illuminate/Database/Connection.php(813): Illuminate\\Database\\Connection->Illuminate\\Database\\{closure}('select * from `...', Array)
#2 /var/www/vendor/laravel/framework/src/Illuminate/Database/Connection.php(780): Illuminate\\Database\\Connection->runQueryCallback('select * from `...', Array, Object(Closure))
#3 /var/www/vendor/laravel/framework/src/Illuminate/Database/Connection.php(397): Illuminate\\Database\\Connection->run('select * from `...', Array, Object(Closure))
#4 /var/www/vendor/laravel/framework/src/Illuminate/Database/Query/Builder.php(3188): Illuminate\\Database\\Connection->select('select * from `...', Array, true)
#5 /var/www/vendor/laravel/framework/src/Illuminate/Database/Query/Builder.php(3173): Illuminate\\Database\\Query\\Builder->runSelect()
#6 /var/www/vendor/laravel/framework/src/Illuminate/Database/Query/Builder.php(3763): Illuminate\\Database\\Query\\Builder->Illuminate\\Database\\Query\\{closure}()
#7 /var/www/vendor/laravel/framework/src/Illuminate/Database/Query/Builder.php(3172): Illuminate\\Database\\Query\\Builder->onceWithColumns(Array, Object(Closure))
#8 /var/www/vendor/laravel/framework/src/Illuminate/Database/Eloquent/Builder.php(902): Illuminate\\Database\\Query\\Builder->get(Array)
#9 /var/www/vendor/laravel/framework/src/Illuminate/Database/Eloquent/Builder.php(884): Illuminate\\Database\\Eloquent\\Builder->getModels(Array)
#10 /var/www/vendor/spatie/laravel-permission/src/PermissionRegistrar.php(304): Illuminate\\Database\\Eloquent\\Builder->get()
#11 /var/www/vendor/spatie/laravel-permission/src/PermissionRegistrar.php(341): Spatie\\Permission\\PermissionRegistrar->getPermissionsWithRoles()
#12 /var/www/vendor/spatie/laravel-permission/src/PermissionRegistrar.php(222): Spatie\\Permission\\PermissionRegistrar->getSerializedPermissionsForCache()
#13 /var/www/vendor/laravel/framework/src/Illuminate/Cache/Repository.php(431): Spatie\\Permission\\PermissionRegistrar->Spatie\\Permission\\{closure}()
#14 /var/www/vendor/spatie/laravel-permission/src/PermissionRegistrar.php(221): Illuminate\\Cache\\Repository->remember('spatie.permissi...', Object(DateInterval), Object(Closure))
#15 /var/www/vendor/spatie/laravel-permission/src/PermissionRegistrar.php(243): Spatie\\Permission\\PermissionRegistrar->loadPermissions()
#16 /var/www/vendor/spatie/laravel-permission/src/Models/Permission.php(145): Spatie\\Permission\\PermissionRegistrar->getPermissions(Array, true)
#17 /var/www/vendor/spatie/laravel-permission/src/Models/Permission.php(156): Spatie\\Permission\\Models\\Permission::getPermissions(Array, true)
#18 /var/www/vendor/spatie/laravel-permission/src/Models/Permission.php(46): Spatie\\Permission\\Models\\Permission::getPermission(Array)
#19 /var/www/database/seeders/RolesAndPermissionsSeeder.php(18): Spatie\\Permission\\Models\\Permission::create(Array)
#20 /var/www/vendor/laravel/framework/src/Illuminate/Container/BoundMethod.php(36): Database\\Seeders\\RolesAndPermissionsSeeder->run()
#21 /var/www/vendor/laravel/framework/src/Illuminate/Container/Util.php(43): Illuminate\\Container\\BoundMethod::Illuminate\\Container\\{closure}()
#22 /var/www/vendor/laravel/framework/src/Illuminate/Container/BoundMethod.php(96): Illuminate\\Container\\Util::unwrapIfClosure(Object(Closure))
#23 /var/www/vendor/laravel/framework/src/Illuminate/Container/BoundMethod.php(35): Illuminate\\Container\\BoundMethod::callBoundMethod(Object(Illuminate\\Foundation\\Application), Array, Object(Closure))
#24 /var/www/vendor/laravel/framework/src/Illuminate/Container/Container.php(807): Illuminate\\Container\\BoundMethod::call(Object(Illuminate\\Foundation\\Application), Array, Array, NULL)
#25 /var/www/vendor/laravel/framework/src/Illuminate/Database/Seeder.php(184): Illuminate\\Container\\Container->call(Array, Array)
#26 /var/www/vendor/laravel/framework/src/Illuminate/Database/Seeder.php(193): Illuminate\\Database\\Seeder->Illuminate\\Database\\{closure}()
#27 /var/www/vendor/laravel/framework/src/Illuminate/Database/Seeder.php(59): Illuminate\\Database\\Seeder->__invoke(Array)
#28 /var/www/database/seeders/DatabaseSeeder.php(12): Illuminate\\Database\\Seeder->call('Database\\\\Seeder...')
#29 /var/www/vendor/laravel/framework/src/Illuminate/Container/BoundMethod.php(36): Database\\Seeders\\DatabaseSeeder->run()
#30 /var/www/vendor/laravel/framework/src/Illuminate/Container/Util.php(43): Illuminate\\Container\\BoundMethod::Illuminate\\Container\\{closure}()
#31 /var/www/vendor/laravel/framework/src/Illuminate/Container/BoundMethod.php(96): Illuminate\\Container\\Util::unwrapIfClosure(Object(Closure))
#32 /var/www/vendor/laravel/framework/src/Illuminate/Container/BoundMethod.php(35): Illuminate\\Container\\BoundMethod::callBoundMethod(Object(Illuminate\\Foundation\\Application), Array, Object(Closure))
#33 /var/www/vendor/laravel/framework/src/Illuminate/Container/Container.php(807): Illuminate\\Container\\BoundMethod::call(Object(Illuminate\\Foundation\\Application), Array, Array, NULL)
#34 /var/www/vendor/laravel/framework/src/Illuminate/Database/Seeder.php(184): Illuminate\\Container\\Container->call(Array, Array)
#35 /var/www/vendor/laravel/framework/src/Illuminate/Database/Seeder.php(193): Illuminate\\Database\\Seeder->Illuminate\\Database\\{closure}()
#36 /var/www/vendor/laravel/framework/src/Illuminate/Database/Console/Seeds/SeedCommand.php(71): Illuminate\\Database\\Seeder->__invoke()
#37 /var/www/vendor/laravel/framework/src/Illuminate/Database/Eloquent/Concerns/GuardsAttributes.php(157): Illuminate\\Database\\Console\\Seeds\\SeedCommand->Illuminate\\Database\\Console\\Seeds\\{closure}()
#38 /var/www/vendor/laravel/framework/src/Illuminate/Database/Console/Seeds/SeedCommand.php(70): Illuminate\\Database\\Eloquent\\Model::unguarded(Object(Closure))
#39 /var/www/vendor/laravel/framework/src/Illuminate/Container/BoundMethod.php(36): Illuminate\\Database\\Console\\Seeds\\SeedCommand->handle()
#40 /var/www/vendor/laravel/framework/src/Illuminate/Container/Util.php(43): Illuminate\\Container\\BoundMethod::Illuminate\\Container\\{closure}()
#41 /var/www/vendor/laravel/framework/src/Illuminate/Container/BoundMethod.php(96): Illuminate\\Container\\Util::unwrapIfClosure(Object(Closure))
#42 /var/www/vendor/laravel/framework/src/Illuminate/Container/BoundMethod.php(35): Illuminate\\Container\\BoundMethod::callBoundMethod(Object(Illuminate\\Foundation\\Application), Array, Object(Closure))
#43 /var/www/vendor/laravel/framework/src/Illuminate/Container/Container.php(807): Illuminate\\Container\\BoundMethod::call(Object(Illuminate\\Foundation\\Application), Array, Array, NULL)
#44 /var/www/vendor/laravel/framework/src/Illuminate/Console/Command.php(211): Illuminate\\Container\\Container->call(Array)
#45 /var/www/vendor/symfony/console/Command/Command.php(335): Illuminate\\Console\\Command->execute(Object(Symfony\\Component\\Console\\Input\\ArrayInput), Object(Illuminate\\Console\\OutputStyle))
#46 /var/www/vendor/laravel/framework/src/Illuminate/Console/Command.php(180): Symfony\\Component\\Console\\Command\\Command->run(Object(Symfony\\Component\\Console\\Input\\ArrayInput), Object(Illuminate\\Console\\OutputStyle))
#47 /var/www/vendor/laravel/framework/src/Illuminate/Console/Concerns/CallsCommands.php(68): Illuminate\\Console\\Command->run(Object(Symfony\\Component\\Console\\Input\\ArrayInput), Object(Illuminate\\Console\\OutputStyle))
#48 /var/www/vendor/laravel/framework/src/Illuminate/Console/Concerns/CallsCommands.php(29): Illuminate\\Console\\Command->runCommand('db:seed', Array, Object(Illuminate\\Console\\OutputStyle))
#49 /var/www/vendor/laravel/framework/src/Illuminate/Database/Console/Migrations/FreshCommand.php(121): Illuminate\\Console\\Command->call('db:seed', Array)
#50 /var/www/vendor/laravel/framework/src/Illuminate/Database/Console/Migrations/FreshCommand.php(97): Illuminate\\Database\\Console\\Migrations\\FreshCommand->runSeeder(NULL)
#51 /var/www/vendor/laravel/framework/src/Illuminate/Container/BoundMethod.php(36): Illuminate\\Database\\Console\\Migrations\\FreshCommand->handle()
#52 /var/www/vendor/laravel/framework/src/Illuminate/Container/Util.php(43): Illuminate\\Container\\BoundMethod::Illuminate\\Container\\{closure}()
#53 /var/www/vendor/laravel/framework/src/Illuminate/Container/BoundMethod.php(96): Illuminate\\Container\\Util::unwrapIfClosure(Object(Closure))
#54 /var/www/vendor/laravel/framework/src/Illuminate/Container/BoundMethod.php(35): Illuminate\\Container\\BoundMethod::callBoundMethod(Object(Illuminate\\Foundation\\Application), Array, Object(Closure))
#55 /var/www/vendor/laravel/framework/src/Illuminate/Container/Container.php(807): Illuminate\\Container\\BoundMethod::call(Object(Illuminate\\Foundation\\Application), Array, Array, NULL)
#56 /var/www/vendor/laravel/framework/src/Illuminate/Console/Command.php(211): Illuminate\\Container\\Container->call(Array)
#57 /var/www/vendor/symfony/console/Command/Command.php(335): Illuminate\\Console\\Command->execute(Object(Symfony\\Component\\Console\\Input\\ArgvInput), Object(Illuminate\\Console\\OutputStyle))
#58 /var/www/vendor/laravel/framework/src/Illuminate/Console/Command.php(180): Symfony\\Component\\Console\\Command\\Command->run(Object(Symfony\\Component\\Console\\Input\\ArgvInput), Object(Illuminate\\Console\\OutputStyle))
#59 /var/www/vendor/symfony/console/Application.php(1103): Illuminate\\Console\\Command->run(Object(Symfony\\Component\\Console\\Input\\ArgvInput), Object(Symfony\\Component\\Console\\Output\\ConsoleOutput))
#60 /var/www/vendor/symfony/console/Application.php(356): Symfony\\Component\\Console\\Application->doRunCommand(Object(Illuminate\\Database\\Console\\Migrations\\FreshCommand), Object(Symfony\\Component\\Console\\Input\\ArgvInput), Object(Symfony\\Component\\Console\\Output\\ConsoleOutput))
#61 /var/www/vendor/symfony/console/Application.php(195): Symfony\\Component\\Console\\Application->doRun(Object(Symfony\\Component\\Console\\Input\\ArgvInput), Object(Symfony\\Component\\Console\\Output\\ConsoleOutput))
#62 /var/www/vendor/laravel/framework/src/Illuminate/Foundation/Console/Kernel.php(197): Symfony\\Component\\Console\\Application->run(Object(Symfony\\Component\\Console\\Input\\ArgvInput), Object(Symfony\\Component\\Console\\Output\\ConsoleOutput))
#63 /var/www/artisan(12): Illuminate\\Foundation\\Console\\Kernel->handle(Object(Symfony\\Component\\Console\\Input\\ArgvInput), Object(Symfony\\Component\\Console\\Output\\ConsoleOutput))
#64 {main}
"} 
[2025-12-06 13:41:12] local.ERROR: SQLSTATE[42S02]: Base table or view not found: 1146 Table 'laravel.telescope_entries' doesn't exist (Connection: mysql, SQL: insert into `telescope_entries` (`batch_id`, `content`, `created_at`, `family_hash`, `type`, `uuid`) values (a0874580-7820-40a0-82bf-678956c3a558, {"command":"vendor:publish","exit_code":0,"arguments":{"command":"vendor:publish"},"options":{"existing":false,"force":false,"all":false,"provider":"Spatie\\Permission\\PermissionServiceProvider","tag":[],"help":false,"silent":false,"quiet":false,"verbose":false,"version":false,"ansi":null,"no-interaction":false,"env":null},"hostname":"49d393383261"}, 2025-12-06 13:41:10, ?, command, a087457f-6f99-467c-a807-4989acfdd964)) {"exception":"[object] (Illuminate\\Database\\QueryException(code: 42S02): SQLSTATE[42S02]: Base table or view not found: 1146 Table 'laravel.telescope_entries' doesn't exist (Connection: mysql, SQL: insert into `telescope_entries` (`batch_id`, `content`, `created_at`, `family_hash`, `type`, `uuid`) values (a0874580-7820-40a0-82bf-678956c3a558, {\"command\":\"vendor:publish\",\"exit_code\":0,\"arguments\":{\"command\":\"vendor:publish\"},\"options\":{\"existing\":false,\"force\":false,\"all\":false,\"provider\":\"Spatie\\\\Permission\\\\PermissionServiceProvider\",\"tag\":[],\"help\":false,\"silent\":false,\"quiet\":false,\"verbose\":false,\"version\":false,\"ansi\":null,\"no-interaction\":false,\"env\":null},\"hostname\":\"49d393383261\"}, 2025-12-06 13:41:10, ?, command, a087457f-6f99-467c-a807-4989acfdd964)) at /var/www/vendor/laravel/framework/src/Illuminate/Database/Connection.php:826)
[stacktrace]
#0 /var/www/vendor/laravel/framework/src/Illuminate/Database/Connection.php(780): Illuminate\\Database\\Connection->runQueryCallback('insert into `te...', Array, Object(Closure))
#1 /var/www/vendor/laravel/framework/src/Illuminate/Database/MySqlConnection.php(42): Illuminate\\Database\\Connection->run('insert into `te...', Array, Object(Closure))
#2 /var/www/vendor/laravel/framework/src/Illuminate/Database/Query/Builder.php(3804): Illuminate\\Database\\MySqlConnection->insert('insert into `te...', Array)
#3 /var/www/vendor/laravel/telescope/src/Storage/DatabaseEntriesRepository.php(145): Illuminate\\Database\\Query\\Builder->insert(Array)
#4 /var/www/vendor/laravel/framework/src/Illuminate/Collections/Traits/EnumeratesValues.php(271): Laravel\\Telescope\\Storage\\DatabaseEntriesRepository->Laravel\\Telescope\\Storage\\{closure}(Object(Illuminate\\Support\\Collection), 0)
#5 /var/www/vendor/laravel/telescope/src/Storage/DatabaseEntriesRepository.php(144): Illuminate\\Support\\Collection->each(Object(Closure))
#6 /var/www/vendor/laravel/telescope/src/Telescope.php(664): Laravel\\Telescope\\Storage\\DatabaseEntriesRepository->store(Object(Illuminate\\Support\\Collection))
#7 [internal function]: Laravel\\Telescope\\Telescope::Laravel\\Telescope\\{closure}()
#8 /var/www/vendor/laravel/telescope/src/Telescope.php(289): call_user_func(Object(Closure))
#9 /var/www/vendor/laravel/telescope/src/Telescope.php(656): Laravel\\Telescope\\Telescope::withoutRecording(Object(Closure))
#10 /var/www/vendor/laravel/telescope/src/ListensForStorageOpportunities.php(65): Laravel\\Telescope\\Telescope::store(Object(Laravel\\Telescope\\Storage\\DatabaseEntriesRepository))
#11 /var/www/vendor/laravel/framework/src/Illuminate/Container/BoundMethod.php(36): Laravel\\Telescope\\Telescope::Laravel\\Telescope\\{closure}()
#12 /var/www/vendor/laravel/framework/src/Illuminate/Container/Util.php(43): Illuminate\\Container\\BoundMethod::Illuminate\\Container\\{closure}()
#13 /var/www/vendor/laravel/framework/src/Illuminate/Container/BoundMethod.php(84): Illuminate\\Container\\Util::unwrapIfClosure(Object(Closure))
#14 /var/www/vendor/laravel/framework/src/Illuminate/Container/BoundMethod.php(35): Illuminate\\Container\\BoundMethod::callBoundMethod(Object(Illuminate\\Foundation\\Application), Object(Closure), Object(Closure))
#15 /var/www/vendor/laravel/framework/src/Illuminate/Container/Container.php(807): Illuminate\\Container\\BoundMethod::call(Object(Illuminate\\Foundation\\Application), Object(Closure), Array, NULL)
#16 /var/www/vendor/laravel/framework/src/Illuminate/Foundation/Application.php(1466): Illuminate\\Container\\Container->call(Object(Closure))
#17 /var/www/vendor/laravel/framework/src/Illuminate/Foundation/Console/Kernel.php(218): Illuminate\\Foundation\\Application->terminate()
#18 /var/www/artisan(17): Illuminate\\Foundation\\Console\\Kernel->terminate(Object(Symfony\\Component\\Console\\Input\\ArgvInput), 0)
#19 {main}

[previous exception] [object] (PDOException(code: 42S02): SQLSTATE[42S02]: Base table or view not found: 1146 Table 'laravel.telescope_entries' doesn't exist at /var/www/vendor/laravel/framework/src/Illuminate/Database/MySqlConnection.php:47)
[stacktrace]
#0 /var/www/vendor/laravel/framework/src/Illuminate/Database/MySqlConnection.php(47): PDO->prepare('insert into `te...')
#1 /var/www/vendor/laravel/framework/src/Illuminate/Database/Connection.php(813): Illuminate\\Database\\MySqlConnection->Illuminate\\Database\\{closure}('insert into `te...', Array)
#2 /var/www/vendor/laravel/framework/src/Illuminate/Database/Connection.php(780): Illuminate\\Database\\Connection->runQueryCallback('insert into `te...', Array, Object(Closure))
#3 /var/www/vendor/laravel/framework/src/Illuminate/Database/MySqlConnection.php(42): Illuminate\\Database\\Connection->run('insert into `te...', Array, Object(Closure))
#4 /var/www/vendor/laravel/framework/src/Illuminate/Database/Query/Builder.php(3804): Illuminate\\Database\\MySqlConnection->insert('insert into `te...', Array)
#5 /var/www/vendor/laravel/telescope/src/Storage/DatabaseEntriesRepository.php(145): Illuminate\\Database\\Query\\Builder->insert(Array)
#6 /var/www/vendor/laravel/framework/src/Illuminate/Collections/Traits/EnumeratesValues.php(271): Laravel\\Telescope\\Storage\\DatabaseEntriesRepository->Laravel\\Telescope\\Storage\\{closure}(Object(Illuminate\\Support\\Collection), 0)
#7 /var/www/vendor/laravel/telescope/src/Storage/DatabaseEntriesRepository.php(144): Illuminate\\Support\\Collection->each(Object(Closure))
#8 /var/www/vendor/laravel/telescope/src/Telescope.php(664): Laravel\\Telescope\\Storage\\DatabaseEntriesRepository->store(Object(Illuminate\\Support\\Collection))
#9 [internal function]: Laravel\\Telescope\\Telescope::Laravel\\Telescope\\{closure}()
#10 /var/www/vendor/laravel/telescope/src/Telescope.php(289): call_user_func(Object(Closure))
#11 /var/www/vendor/laravel/telescope/src/Telescope.php(656): Laravel\\Telescope\\Telescope::withoutRecording(Object(Closure))
#12 /var/www/vendor/laravel/telescope/src/ListensForStorageOpportunities.php(65): Laravel\\Telescope\\Telescope::store(Object(Laravel\\Telescope\\Storage\\DatabaseEntriesRepository))
#13 /var/www/vendor/laravel/framework/src/Illuminate/Container/BoundMethod.php(36): Laravel\\Telescope\\Telescope::Laravel\\Telescope\\{closure}()
#14 /var/www/vendor/laravel/framework/src/Illuminate/Container/Util.php(43): Illuminate\\Container\\BoundMethod::Illuminate\\Container\\{closure}()
#15 /var/www/vendor/laravel/framework/src/Illuminate/Container/BoundMethod.php(84): Illuminate\\Container\\Util::unwrapIfClosure(Object(Closure))
#16 /var/www/vendor/laravel/framework/src/Illuminate/Container/BoundMethod.php(35): Illuminate\\Container\\BoundMethod::callBoundMethod(Object(Illuminate\\Foundation\\Application), Object(Closure), Object(Closure))
#17 /var/www/vendor/laravel/framework/src/Illuminate/Container/Container.php(807): Illuminate\\Container\\BoundMethod::call(Object(Illuminate\\Foundation\\Application), Object(Closure), Array, NULL)
#18 /var/www/vendor/laravel/framework/src/Illuminate/Foundation/Application.php(1466): Illuminate\\Container\\Container->call(Object(Closure))
#19 /var/www/vendor/laravel/framework/src/Illuminate/Foundation/Console/Kernel.php(218): Illuminate\\Foundation\\Application->terminate()
#20 /var/www/artisan(17): Illuminate\\Foundation\\Console\\Kernel->terminate(Object(Symfony\\Component\\Console\\Input\\ArgvInput), 0)
#21 {main}
"} 
[2025-12-06 13:42:07] local.ERROR: SQLSTATE[42S02]: Base table or view not found: 1146 Table 'laravel.telescope_entries' doesn't exist (Connection: mysql, SQL: insert into `telescope_entries` (`batch_id`, `content`, `created_at`, `family_hash`, `type`, `uuid`) values (a08745d4-203b-447a-bac1-3febde27180c, {"command":"vendor:publish","exit_code":0,"arguments":{"command":"vendor:publish"},"options":{"existing":false,"force":false,"all":false,"provider":"Laravel\\Sanctum\\SanctumServiceProvider","tag":[],"help":false,"silent":false,"quiet":false,"verbose":false,"version":false,"ansi":null,"no-interaction":false,"env":null},"hostname":"49d393383261"}, 2025-12-06 13:42:05, ?, command, a08745d2-f699-474d-b09d-8fa3e61c44e1)) {"exception":"[object] (Illuminate\\Database\\QueryException(code: 42S02): SQLSTATE[42S02]: Base table or view not found: 1146 Table 'laravel.telescope_entries' doesn't exist (Connection: mysql, SQL: insert into `telescope_entries` (`batch_id`, `content`, `created_at`, `family_hash`, `type`, `uuid`) values (a08745d4-203b-447a-bac1-3febde27180c, {\"command\":\"vendor:publish\",\"exit_code\":0,\"arguments\":{\"command\":\"vendor:publish\"},\"options\":{\"existing\":false,\"force\":false,\"all\":false,\"provider\":\"Laravel\\\\Sanctum\\\\SanctumServiceProvider\",\"tag\":[],\"help\":false,\"silent\":false,\"quiet\":false,\"verbose\":false,\"version\":false,\"ansi\":null,\"no-interaction\":false,\"env\":null},\"hostname\":\"49d393383261\"}, 2025-12-06 13:42:05, ?, command, a08745d2-f699-474d-b09d-8fa3e61c44e1)) at /var/www/vendor/laravel/framework/src/Illuminate/Database/Connection.php:826)
[stacktrace]
#0 /var/www/vendor/laravel/framework/src/Illuminate/Database/Connection.php(780): Illuminate\\Database\\Connection->runQueryCallback('insert into `te...', Array, Object(Closure))
#1 /var/www/vendor/laravel/framework/src/Illuminate/Database/MySqlConnection.php(42): Illuminate\\Database\\Connection->run('insert into `te...', Array, Object(Closure))
#2 /var/www/vendor/laravel/framework/src/Illuminate/Database/Query/Builder.php(3804): Illuminate\\Database\\MySqlConnection->insert('insert into `te...', Array)
#3 /var/www/vendor/laravel/telescope/src/Storage/DatabaseEntriesRepository.php(145): Illuminate\\Database\\Query\\Builder->insert(Array)
#4 /var/www/vendor/laravel/framework/src/Illuminate/Collections/Traits/EnumeratesValues.php(271): Laravel\\Telescope\\Storage\\DatabaseEntriesRepository->Laravel\\Telescope\\Storage\\{closure}(Object(Illuminate\\Support\\Collection), 0)
#5 /var/www/vendor/laravel/telescope/src/Storage/DatabaseEntriesRepository.php(144): Illuminate\\Support\\Collection->each(Object(Closure))
#6 /var/www/vendor/laravel/telescope/src/Telescope.php(664): Laravel\\Telescope\\Storage\\DatabaseEntriesRepository->store(Object(Illuminate\\Support\\Collection))
#7 [internal function]: Laravel\\Telescope\\Telescope::Laravel\\Telescope\\{closure}()
#8 /var/www/vendor/laravel/telescope/src/Telescope.php(289): call_user_func(Object(Closure))
#9 /var/www/vendor/laravel/telescope/src/Telescope.php(656): Laravel\\Telescope\\Telescope::withoutRecording(Object(Closure))
#10 /var/www/vendor/laravel/telescope/src/ListensForStorageOpportunities.php(65): Laravel\\Telescope\\Telescope::store(Object(Laravel\\Telescope\\Storage\\DatabaseEntriesRepository))
#11 /var/www/vendor/laravel/framework/src/Illuminate/Container/BoundMethod.php(36): Laravel\\Telescope\\Telescope::Laravel\\Telescope\\{closure}()
#12 /var/www/vendor/laravel/framework/src/Illuminate/Container/Util.php(43): Illuminate\\Container\\BoundMethod::Illuminate\\Container\\{closure}()
#13 /var/www/vendor/laravel/framework/src/Illuminate/Container/BoundMethod.php(84): Illuminate\\Container\\Util::unwrapIfClosure(Object(Closure))
#14 /var/www/vendor/laravel/framework/src/Illuminate/Container/BoundMethod.php(35): Illuminate\\Container\\BoundMethod::callBoundMethod(Object(Illuminate\\Foundation\\Application), Object(Closure), Object(Closure))
#15 /var/www/vendor/laravel/framework/src/Illuminate/Container/Container.php(807): Illuminate\\Container\\BoundMethod::call(Object(Illuminate\\Foundation\\Application), Object(Closure), Array, NULL)
#16 /var/www/vendor/laravel/framework/src/Illuminate/Foundation/Application.php(1466): Illuminate\\Container\\Container->call(Object(Closure))
#17 /var/www/vendor/laravel/framework/src/Illuminate/Foundation/Console/Kernel.php(218): Illuminate\\Foundation\\Application->terminate()
#18 /var/www/artisan(17): Illuminate\\Foundation\\Console\\Kernel->terminate(Object(Symfony\\Component\\Console\\Input\\ArgvInput), 0)
#19 {main}

[previous exception] [object] (PDOException(code: 42S02): SQLSTATE[42S02]: Base table or view not found: 1146 Table 'laravel.telescope_entries' doesn't exist at /var/www/vendor/laravel/framework/src/Illuminate/Database/MySqlConnection.php:47)
[stacktrace]
#0 /var/www/vendor/laravel/framework/src/Illuminate/Database/MySqlConnection.php(47): PDO->prepare('insert into `te...')
#1 /var/www/vendor/laravel/framework/src/Illuminate/Database/Connection.php(813): Illuminate\\Database\\MySqlConnection->Illuminate\\Database\\{closure}('insert into `te...', Array)
#2 /var/www/vendor/laravel/framework/src/Illuminate/Database/Connection.php(780): Illuminate\\Database\\Connection->runQueryCallback('insert into `te...', Array, Object(Closure))
#3 /var/www/vendor/laravel/framework/src/Illuminate/Database/MySqlConnection.php(42): Illuminate\\Database\\Connection->run('insert into `te...', Array, Object(Closure))
#4 /var/www/vendor/laravel/framework/src/Illuminate/Database/Query/Builder.php(3804): Illuminate\\Database\\MySqlConnection->insert('insert into `te...', Array)
#5 /var/www/vendor/laravel/telescope/src/Storage/DatabaseEntriesRepository.php(145): Illuminate\\Database\\Query\\Builder->insert(Array)
#6 /var/www/vendor/laravel/framework/src/Illuminate/Collections/Traits/EnumeratesValues.php(271): Laravel\\Telescope\\Storage\\DatabaseEntriesRepository->Laravel\\Telescope\\Storage\\{closure}(Object(Illuminate\\Support\\Collection), 0)
#7 /var/www/vendor/laravel/telescope/src/Storage/DatabaseEntriesRepository.php(144): Illuminate\\Support\\Collection->each(Object(Closure))
#8 /var/www/vendor/laravel/telescope/src/Telescope.php(664): Laravel\\Telescope\\Storage\\DatabaseEntriesRepository->store(Object(Illuminate\\Support\\Collection))
#9 [internal function]: Laravel\\Telescope\\Telescope::Laravel\\Telescope\\{closure}()
#10 /var/www/vendor/laravel/telescope/src/Telescope.php(289): call_user_func(Object(Closure))
#11 /var/www/vendor/laravel/telescope/src/Telescope.php(656): Laravel\\Telescope\\Telescope::withoutRecording(Object(Closure))
#12 /var/www/vendor/laravel/telescope/src/ListensForStorageOpportunities.php(65): Laravel\\Telescope\\Telescope::store(Object(Laravel\\Telescope\\Storage\\DatabaseEntriesRepository))
#13 /var/www/vendor/laravel/framework/src/Illuminate/Container/BoundMethod.php(36): Laravel\\Telescope\\Telescope::Laravel\\Telescope\\{closure}()
#14 /var/www/vendor/laravel/framework/src/Illuminate/Container/Util.php(43): Illuminate\\Container\\BoundMethod::Illuminate\\Container\\{closure}()
#15 /var/www/vendor/laravel/framework/src/Illuminate/Container/BoundMethod.php(84): Illuminate\\Container\\Util::unwrapIfClosure(Object(Closure))
#16 /var/www/vendor/laravel/framework/src/Illuminate/Container/BoundMethod.php(35): Illuminate\\Container\\BoundMethod::callBoundMethod(Object(Illuminate\\Foundation\\Application), Object(Closure), Object(Closure))
#17 /var/www/vendor/laravel/framework/src/Illuminate/Container/Container.php(807): Illuminate\\Container\\BoundMethod::call(Object(Illuminate\\Foundation\\Application), Object(Closure), Array, NULL)
#18 /var/www/vendor/laravel/framework/src/Illuminate/Foundation/Application.php(1466): Illuminate\\Container\\Container->call(Object(Closure))
#19 /var/www/vendor/laravel/framework/src/Illuminate/Foundation/Console/Kernel.php(218): Illuminate\\Foundation\\Application->terminate()
#20 /var/www/artisan(17): Illuminate\\Foundation\\Console\\Kernel->terminate(Object(Symfony\\Component\\Console\\Input\\ArgvInput), 0)
#21 {main}
"} 
[2025-12-06 13:42:26] local.ERROR: SQLSTATE[42S02]: Base table or view not found: 1146 Table 'laravel.telescope_entries' doesn't exist (Connection: mysql, SQL: insert into `telescope_entries` (`batch_id`, `content`, `created_at`, `family_hash`, `type`, `uuid`) values (a08745f2-7677-4ec4-9b7d-25867e2b2c6e, {"command":"vendor:publish","exit_code":0,"arguments":{"command":"vendor:publish"},"options":{"existing":false,"force":false,"all":false,"provider":"Laravel\\Passport\\PassportServiceProvider","tag":[],"help":false,"silent":false,"quiet":false,"verbose":false,"version":false,"ansi":null,"no-interaction":false,"env":null},"hostname":"49d393383261"}, 2025-12-06 13:42:25, ?, command, a08745f1-d5e0-4a1c-8694-5ae4ed6c5581)) {"exception":"[object] (Illuminate\\Database\\QueryException(code: 42S02): SQLSTATE[42S02]: Base table or view not found: 1146 Table 'laravel.telescope_entries' doesn't exist (Connection: mysql, SQL: insert into `telescope_entries` (`batch_id`, `content`, `created_at`, `family_hash`, `type`, `uuid`) values (a08745f2-7677-4ec4-9b7d-25867e2b2c6e, {\"command\":\"vendor:publish\",\"exit_code\":0,\"arguments\":{\"command\":\"vendor:publish\"},\"options\":{\"existing\":false,\"force\":false,\"all\":false,\"provider\":\"Laravel\\\\Passport\\\\PassportServiceProvider\",\"tag\":[],\"help\":false,\"silent\":false,\"quiet\":false,\"verbose\":false,\"version\":false,\"ansi\":null,\"no-interaction\":false,\"env\":null},\"hostname\":\"49d393383261\"}, 2025-12-06 13:42:25, ?, command, a08745f1-d5e0-4a1c-8694-5ae4ed6c5581)) at /var/www/vendor/laravel/framework/src/Illuminate/Database/Connection.php:826)
[stacktrace]
#0 /var/www/vendor/laravel/framework/src/Illuminate/Database/Connection.php(780): Illuminate\\Database\\Connection->runQueryCallback('insert into `te...', Array, Object(Closure))
#1 /var/www/vendor/laravel/framework/src/Illuminate/Database/MySqlConnection.php(42): Illuminate\\Database\\Connection->run('insert into `te...', Array, Object(Closure))
#2 /var/www/vendor/laravel/framework/src/Illuminate/Database/Query/Builder.php(3804): Illuminate\\Database\\MySqlConnection->insert('insert into `te...', Array)
#3 /var/www/vendor/laravel/telescope/src/Storage/DatabaseEntriesRepository.php(145): Illuminate\\Database\\Query\\Builder->insert(Array)
#4 /var/www/vendor/laravel/framework/src/Illuminate/Collections/Traits/EnumeratesValues.php(271): Laravel\\Telescope\\Storage\\DatabaseEntriesRepository->Laravel\\Telescope\\Storage\\{closure}(Object(Illuminate\\Support\\Collection), 0)
#5 /var/www/vendor/laravel/telescope/src/Storage/DatabaseEntriesRepository.php(144): Illuminate\\Support\\Collection->each(Object(Closure))
#6 /var/www/vendor/laravel/telescope/src/Telescope.php(664): Laravel\\Telescope\\Storage\\DatabaseEntriesRepository->store(Object(Illuminate\\Support\\Collection))
#7 [internal function]: Laravel\\Telescope\\Telescope::Laravel\\Telescope\\{closure}()
#8 /var/www/vendor/laravel/telescope/src/Telescope.php(289): call_user_func(Object(Closure))
#9 /var/www/vendor/laravel/telescope/src/Telescope.php(656): Laravel\\Telescope\\Telescope::withoutRecording(Object(Closure))
#10 /var/www/vendor/laravel/telescope/src/ListensForStorageOpportunities.php(65): Laravel\\Telescope\\Telescope::store(Object(Laravel\\Telescope\\Storage\\DatabaseEntriesRepository))
#11 /var/www/vendor/laravel/framework/src/Illuminate/Container/BoundMethod.php(36): Laravel\\Telescope\\Telescope::Laravel\\Telescope\\{closure}()
#12 /var/www/vendor/laravel/framework/src/Illuminate/Container/Util.php(43): Illuminate\\Container\\BoundMethod::Illuminate\\Container\\{closure}()
#13 /var/www/vendor/laravel/framework/src/Illuminate/Container/BoundMethod.php(84): Illuminate\\Container\\Util::unwrapIfClosure(Object(Closure))
#14 /var/www/vendor/laravel/framework/src/Illuminate/Container/BoundMethod.php(35): Illuminate\\Container\\BoundMethod::callBoundMethod(Object(Illuminate\\Foundation\\Application), Object(Closure), Object(Closure))
#15 /var/www/vendor/laravel/framework/src/Illuminate/Container/Container.php(807): Illuminate\\Container\\BoundMethod::call(Object(Illuminate\\Foundation\\Application), Object(Closure), Array, NULL)
#16 /var/www/vendor/laravel/framework/src/Illuminate/Foundation/Application.php(1466): Illuminate\\Container\\Container->call(Object(Closure))
#17 /var/www/vendor/laravel/framework/src/Illuminate/Foundation/Console/Kernel.php(218): Illuminate\\Foundation\\Application->terminate()
#18 /var/www/artisan(17): Illuminate\\Foundation\\Console\\Kernel->terminate(Object(Symfony\\Component\\Console\\Input\\ArgvInput), 0)
#19 {main}

[previous exception] [object] (PDOException(code: 42S02): SQLSTATE[42S02]: Base table or view not found: 1146 Table 'laravel.telescope_entries' doesn't exist at /var/www/vendor/laravel/framework/src/Illuminate/Database/MySqlConnection.php:47)
[stacktrace]
#0 /var/www/vendor/laravel/framework/src/Illuminate/Database/MySqlConnection.php(47): PDO->prepare('insert into `te...')
#1 /var/www/vendor/laravel/framework/src/Illuminate/Database/Connection.php(813): Illuminate\\Database\\MySqlConnection->Illuminate\\Database\\{closure}('insert into `te...', Array)
#2 /var/www/vendor/laravel/framework/src/Illuminate/Database/Connection.php(780): Illuminate\\Database\\Connection->runQueryCallback('insert into `te...', Array, Object(Closure))
#3 /var/www/vendor/laravel/framework/src/Illuminate/Database/MySqlConnection.php(42): Illuminate\\Database\\Connection->run('insert into `te...', Array, Object(Closure))
#4 /var/www/vendor/laravel/framework/src/Illuminate/Database/Query/Builder.php(3804): Illuminate\\Database\\MySqlConnection->insert('insert into `te...', Array)
#5 /var/www/vendor/laravel/telescope/src/Storage/DatabaseEntriesRepository.php(145): Illuminate\\Database\\Query\\Builder->insert(Array)
#6 /var/www/vendor/laravel/framework/src/Illuminate/Collections/Traits/EnumeratesValues.php(271): Laravel\\Telescope\\Storage\\DatabaseEntriesRepository->Laravel\\Telescope\\Storage\\{closure}(Object(Illuminate\\Support\\Collection), 0)
#7 /var/www/vendor/laravel/telescope/src/Storage/DatabaseEntriesRepository.php(144): Illuminate\\Support\\Collection->each(Object(Closure))
#8 /var/www/vendor/laravel/telescope/src/Telescope.php(664): Laravel\\Telescope\\Storage\\DatabaseEntriesRepository->store(Object(Illuminate\\Support\\Collection))
#9 [internal function]: Laravel\\Telescope\\Telescope::Laravel\\Telescope\\{closure}()
#10 /var/www/vendor/laravel/telescope/src/Telescope.php(289): call_user_func(Object(Closure))
#11 /var/www/vendor/laravel/telescope/src/Telescope.php(656): Laravel\\Telescope\\Telescope::withoutRecording(Object(Closure))
#12 /var/www/vendor/laravel/telescope/src/ListensForStorageOpportunities.php(65): Laravel\\Telescope\\Telescope::store(Object(Laravel\\Telescope\\Storage\\DatabaseEntriesRepository))
#13 /var/www/vendor/laravel/framework/src/Illuminate/Container/BoundMethod.php(36): Laravel\\Telescope\\Telescope::Laravel\\Telescope\\{closure}()
#14 /var/www/vendor/laravel/framework/src/Illuminate/Container/Util.php(43): Illuminate\\Container\\BoundMethod::Illuminate\\Container\\{closure}()
#15 /var/www/vendor/laravel/framework/src/Illuminate/Container/BoundMethod.php(84): Illuminate\\Container\\Util::unwrapIfClosure(Object(Closure))
#16 /var/www/vendor/laravel/framework/src/Illuminate/Container/BoundMethod.php(35): Illuminate\\Container\\BoundMethod::callBoundMethod(Object(Illuminate\\Foundation\\Application), Object(Closure), Object(Closure))
#17 /var/www/vendor/laravel/framework/src/Illuminate/Container/Container.php(807): Illuminate\\Container\\BoundMethod::call(Object(Illuminate\\Foundation\\Application), Object(Closure), Array, NULL)
#18 /var/www/vendor/laravel/framework/src/Illuminate/Foundation/Application.php(1466): Illuminate\\Container\\Container->call(Object(Closure))
#19 /var/www/vendor/laravel/framework/src/Illuminate/Foundation/Console/Kernel.php(218): Illuminate\\Foundation\\Application->terminate()
#20 /var/www/artisan(17): Illuminate\\Foundation\\Console\\Kernel->terminate(Object(Symfony\\Component\\Console\\Input\\ArgvInput), 0)
#21 {main}
"} 
[2025-12-06 13:42:36] local.ERROR: SQLSTATE[42S02]: Base table or view not found: 1146 Table 'laravel.telescope_entries' doesn't exist (Connection: mysql, SQL: insert into `telescope_entries` (`batch_id`, `content`, `created_at`, `family_hash`, `type`, `uuid`) values (a0874601-2d60-4d18-9f01-8a75c86a0c83, {"command":"vendor:publish","exit_code":0,"arguments":{"command":"vendor:publish"},"options":{"existing":false,"force":false,"all":false,"provider":"Laravel\\Cashier\\CashierServiceProvider","tag":["cashier-migrations"],"help":false,"silent":false,"quiet":false,"verbose":false,"version":false,"ansi":null,"no-interaction":false,"env":null},"hostname":"49d393383261"}, 2025-12-06 13:42:34, ?, command, a0874600-32f9-4b49-b08d-0b371fbbe3da)) {"exception":"[object] (Illuminate\\Database\\QueryException(code: 42S02): SQLSTATE[42S02]: Base table or view not found: 1146 Table 'laravel.telescope_entries' doesn't exist (Connection: mysql, SQL: insert into `telescope_entries` (`batch_id`, `content`, `created_at`, `family_hash`, `type`, `uuid`) values (a0874601-2d60-4d18-9f01-8a75c86a0c83, {\"command\":\"vendor:publish\",\"exit_code\":0,\"arguments\":{\"command\":\"vendor:publish\"},\"options\":{\"existing\":false,\"force\":false,\"all\":false,\"provider\":\"Laravel\\\\Cashier\\\\CashierServiceProvider\",\"tag\":[\"cashier-migrations\"],\"help\":false,\"silent\":false,\"quiet\":false,\"verbose\":false,\"version\":false,\"ansi\":null,\"no-interaction\":false,\"env\":null},\"hostname\":\"49d393383261\"}, 2025-12-06 13:42:34, ?, command, a0874600-32f9-4b49-b08d-0b371fbbe3da)) at /var/www/vendor/laravel/framework/src/Illuminate/Database/Connection.php:826)
[stacktrace]
#0 /var/www/vendor/laravel/framework/src/Illuminate/Database/Connection.php(780): Illuminate\\Database\\Connection->runQueryCallback('insert into `te...', Array, Object(Closure))
#1 /var/www/vendor/laravel/framework/src/Illuminate/Database/MySqlConnection.php(42): Illuminate\\Database\\Connection->run('insert into `te...', Array, Object(Closure))
#2 /var/www/vendor/laravel/framework/src/Illuminate/Database/Query/Builder.php(3804): Illuminate\\Database\\MySqlConnection->insert('insert into `te...', Array)
#3 /var/www/vendor/laravel/telescope/src/Storage/DatabaseEntriesRepository.php(145): Illuminate\\Database\\Query\\Builder->insert(Array)
#4 /var/www/vendor/laravel/framework/src/Illuminate/Collections/Traits/EnumeratesValues.php(271): Laravel\\Telescope\\Storage\\DatabaseEntriesRepository->Laravel\\Telescope\\Storage\\{closure}(Object(Illuminate\\Support\\Collection), 0)
#5 /var/www/vendor/laravel/telescope/src/Storage/DatabaseEntriesRepository.php(144): Illuminate\\Support\\Collection->each(Object(Closure))
#6 /var/www/vendor/laravel/telescope/src/Telescope.php(664): Laravel\\Telescope\\Storage\\DatabaseEntriesRepository->store(Object(Illuminate\\Support\\Collection))
#7 [internal function]: Laravel\\Telescope\\Telescope::Laravel\\Telescope\\{closure}()
#8 /var/www/vendor/laravel/telescope/src/Telescope.php(289): call_user_func(Object(Closure))
#9 /var/www/vendor/laravel/telescope/src/Telescope.php(656): Laravel\\Telescope\\Telescope::withoutRecording(Object(Closure))
#10 /var/www/vendor/laravel/telescope/src/ListensForStorageOpportunities.php(65): Laravel\\Telescope\\Telescope::store(Object(Laravel\\Telescope\\Storage\\DatabaseEntriesRepository))
#11 /var/www/vendor/laravel/framework/src/Illuminate/Container/BoundMethod.php(36): Laravel\\Telescope\\Telescope::Laravel\\Telescope\\{closure}()
#12 /var/www/vendor/laravel/framework/src/Illuminate/Container/Util.php(43): Illuminate\\Container\\BoundMethod::Illuminate\\Container\\{closure}()
#13 /var/www/vendor/laravel/framework/src/Illuminate/Container/BoundMethod.php(84): Illuminate\\Container\\Util::unwrapIfClosure(Object(Closure))
#14 /var/www/vendor/laravel/framework/src/Illuminate/Container/BoundMethod.php(35): Illuminate\\Container\\BoundMethod::callBoundMethod(Object(Illuminate\\Foundation\\Application), Object(Closure), Object(Closure))
#15 /var/www/vendor/laravel/framework/src/Illuminate/Container/Container.php(807): Illuminate\\Container\\BoundMethod::call(Object(Illuminate\\Foundation\\Application), Object(Closure), Array, NULL)
#16 /var/www/vendor/laravel/framework/src/Illuminate/Foundation/Application.php(1466): Illuminate\\Container\\Container->call(Object(Closure))
#17 /var/www/vendor/laravel/framework/src/Illuminate/Foundation/Console/Kernel.php(218): Illuminate\\Foundation\\Application->terminate()
#18 /var/www/artisan(17): Illuminate\\Foundation\\Console\\Kernel->terminate(Object(Symfony\\Component\\Console\\Input\\ArgvInput), 0)
#19 {main}

[previous exception] [object] (PDOException(code: 42S02): SQLSTATE[42S02]: Base table or view not found: 1146 Table 'laravel.telescope_entries' doesn't exist at /var/www/vendor/laravel/framework/src/Illuminate/Database/MySqlConnection.php:47)
[stacktrace]
#0 /var/www/vendor/laravel/framework/src/Illuminate/Database/MySqlConnection.php(47): PDO->prepare('insert into `te...')
#1 /var/www/vendor/laravel/framework/src/Illuminate/Database/Connection.php(813): Illuminate\\Database\\MySqlConnection->Illuminate\\Database\\{closure}('insert into `te...', Array)
#2 /var/www/vendor/laravel/framework/src/Illuminate/Database/Connection.php(780): Illuminate\\Database\\Connection->runQueryCallback('insert into `te...', Array, Object(Closure))
#3 /var/www/vendor/laravel/framework/src/Illuminate/Database/MySqlConnection.php(42): Illuminate\\Database\\Connection->run('insert into `te...', Array, Object(Closure))
#4 /var/www/vendor/laravel/framework/src/Illuminate/Database/Query/Builder.php(3804): Illuminate\\Database\\MySqlConnection->insert('insert into `te...', Array)
#5 /var/www/vendor/laravel/telescope/src/Storage/DatabaseEntriesRepository.php(145): Illuminate\\Database\\Query\\Builder->insert(Array)
#6 /var/www/vendor/laravel/framework/src/Illuminate/Collections/Traits/EnumeratesValues.php(271): Laravel\\Telescope\\Storage\\DatabaseEntriesRepository->Laravel\\Telescope\\Storage\\{closure}(Object(Illuminate\\Support\\Collection), 0)
#7 /var/www/vendor/laravel/telescope/src/Storage/DatabaseEntriesRepository.php(144): Illuminate\\Support\\Collection->each(Object(Closure))
#8 /var/www/vendor/laravel/telescope/src/Telescope.php(664): Laravel\\Telescope\\Storage\\DatabaseEntriesRepository->store(Object(Illuminate\\Support\\Collection))
#9 [internal function]: Laravel\\Telescope\\Telescope::Laravel\\Telescope\\{closure}()
#10 /var/www/vendor/laravel/telescope/src/Telescope.php(289): call_user_func(Object(Closure))
#11 /var/www/vendor/laravel/telescope/src/Telescope.php(656): Laravel\\Telescope\\Telescope::withoutRecording(Object(Closure))
#12 /var/www/vendor/laravel/telescope/src/ListensForStorageOpportunities.php(65): Laravel\\Telescope\\Telescope::store(Object(Laravel\\Telescope\\Storage\\DatabaseEntriesRepository))
#13 /var/www/vendor/laravel/framework/src/Illuminate/Container/BoundMethod.php(36): Laravel\\Telescope\\Telescope::Laravel\\Telescope\\{closure}()
#14 /var/www/vendor/laravel/framework/src/Illuminate/Container/Util.php(43): Illuminate\\Container\\BoundMethod::Illuminate\\Container\\{closure}()
#15 /var/www/vendor/laravel/framework/src/Illuminate/Container/BoundMethod.php(84): Illuminate\\Container\\Util::unwrapIfClosure(Object(Closure))
#16 /var/www/vendor/laravel/framework/src/Illuminate/Container/BoundMethod.php(35): Illuminate\\Container\\BoundMethod::callBoundMethod(Object(Illuminate\\Foundation\\Application), Object(Closure), Object(Closure))
#17 /var/www/vendor/laravel/framework/src/Illuminate/Container/Container.php(807): Illuminate\\Container\\BoundMethod::call(Object(Illuminate\\Foundation\\Application), Object(Closure), Array, NULL)
#18 /var/www/vendor/laravel/framework/src/Illuminate/Foundation/Application.php(1466): Illuminate\\Container\\Container->call(Object(Closure))
#19 /var/www/vendor/laravel/framework/src/Illuminate/Foundation/Console/Kernel.php(218): Illuminate\\Foundation\\Application->terminate()
#20 /var/www/artisan(17): Illuminate\\Foundation\\Console\\Kernel->terminate(Object(Symfony\\Component\\Console\\Input\\ArgvInput), 0)
#21 {main}
"} 
[2025-12-06 13:43:38] local.ERROR: Class "Database\Factories\UserFactory" not found {"exception":"[object] (Error(code: 0): Class \"Database\\Factories\\UserFactory\" not found at /var/www/vendor/laravel/framework/src/Illuminate/Database/Eloquent/Factories/Factory.php:950)
[stacktrace]
#0 /var/www/vendor/laravel/framework/src/Illuminate/Database/Eloquent/Factories/HasFactory.php(21): Illuminate\\Database\\Eloquent\\Factories\\Factory::factoryForModel('App\\\\Models\\\\User')
#1 /var/www/database/seeders/RolesAndPermissionsSeeder.php(41): App\\Models\\User::factory()
#2 /var/www/vendor/laravel/framework/src/Illuminate/Container/BoundMethod.php(36): Database\\Seeders\\RolesAndPermissionsSeeder->run()
#3 /var/www/vendor/laravel/framework/src/Illuminate/Container/Util.php(43): Illuminate\\Container\\BoundMethod::Illuminate\\Container\\{closure}()
#4 /var/www/vendor/laravel/framework/src/Illuminate/Container/BoundMethod.php(96): Illuminate\\Container\\Util::unwrapIfClosure(Object(Closure))
#5 /var/www/vendor/laravel/framework/src/Illuminate/Container/BoundMethod.php(35): Illuminate\\Container\\BoundMethod::callBoundMethod(Object(Illuminate\\Foundation\\Application), Array, Object(Closure))
#6 /var/www/vendor/laravel/framework/src/Illuminate/Container/Container.php(807): Illuminate\\Container\\BoundMethod::call(Object(Illuminate\\Foundation\\Application), Array, Array, NULL)
#7 /var/www/vendor/laravel/framework/src/Illuminate/Database/Seeder.php(184): Illuminate\\Container\\Container->call(Array, Array)
#8 /var/www/vendor/laravel/framework/src/Illuminate/Database/Seeder.php(193): Illuminate\\Database\\Seeder->Illuminate\\Database\\{closure}()
#9 /var/www/vendor/laravel/framework/src/Illuminate/Database/Seeder.php(59): Illuminate\\Database\\Seeder->__invoke(Array)
#10 /var/www/database/seeders/DatabaseSeeder.php(12): Illuminate\\Database\\Seeder->call('Database\\\\Seeder...')
#11 /var/www/vendor/laravel/framework/src/Illuminate/Container/BoundMethod.php(36): Database\\Seeders\\DatabaseSeeder->run()
#12 /var/www/vendor/laravel/framework/src/Illuminate/Container/Util.php(43): Illuminate\\Container\\BoundMethod::Illuminate\\Container\\{closure}()
#13 /var/www/vendor/laravel/framework/src/Illuminate/Container/BoundMethod.php(96): Illuminate\\Container\\Util::unwrapIfClosure(Object(Closure))
#14 /var/www/vendor/laravel/framework/src/Illuminate/Container/BoundMethod.php(35): Illuminate\\Container\\BoundMethod::callBoundMethod(Object(Illuminate\\Foundation\\Application), Array, Object(Closure))
#15 /var/www/vendor/laravel/framework/src/Illuminate/Container/Container.php(807): Illuminate\\Container\\BoundMethod::call(Object(Illuminate\\Foundation\\Application), Array, Array, NULL)
#16 /var/www/vendor/laravel/framework/src/Illuminate/Database/Seeder.php(184): Illuminate\\Container\\Container->call(Array, Array)
#17 /var/www/vendor/laravel/framework/src/Illuminate/Database/Seeder.php(193): Illuminate\\Database\\Seeder->Illuminate\\Database\\{closure}()
#18 /var/www/vendor/laravel/framework/src/Illuminate/Database/Console/Seeds/SeedCommand.php(71): Illuminate\\Database\\Seeder->__invoke()
#19 /var/www/vendor/laravel/framework/src/Illuminate/Database/Eloquent/Concerns/GuardsAttributes.php(157): Illuminate\\Database\\Console\\Seeds\\SeedCommand->Illuminate\\Database\\Console\\Seeds\\{closure}()
#20 /var/www/vendor/laravel/framework/src/Illuminate/Database/Console/Seeds/SeedCommand.php(70): Illuminate\\Database\\Eloquent\\Model::unguarded(Object(Closure))
#21 /var/www/vendor/laravel/framework/src/Illuminate/Container/BoundMethod.php(36): Illuminate\\Database\\Console\\Seeds\\SeedCommand->handle()
#22 /var/www/vendor/laravel/framework/src/Illuminate/Container/Util.php(43): Illuminate\\Container\\BoundMethod::Illuminate\\Container\\{closure}()
#23 /var/www/vendor/laravel/framework/src/Illuminate/Container/BoundMethod.php(96): Illuminate\\Container\\Util::unwrapIfClosure(Object(Closure))
#24 /var/www/vendor/laravel/framework/src/Illuminate/Container/BoundMethod.php(35): Illuminate\\Container\\BoundMethod::callBoundMethod(Object(Illuminate\\Foundation\\Application), Array, Object(Closure))
#25 /var/www/vendor/laravel/framework/src/Illuminate/Container/Container.php(807): Illuminate\\Container\\BoundMethod::call(Object(Illuminate\\Foundation\\Application), Array, Array, NULL)
#26 /var/www/vendor/laravel/framework/src/Illuminate/Console/Command.php(211): Illuminate\\Container\\Container->call(Array)
#27 /var/www/vendor/symfony/console/Command/Command.php(335): Illuminate\\Console\\Command->execute(Object(Symfony\\Component\\Console\\Input\\ArrayInput), Object(Illuminate\\Console\\OutputStyle))
#28 /var/www/vendor/laravel/framework/src/Illuminate/Console/Command.php(180): Symfony\\Component\\Console\\Command\\Command->run(Object(Symfony\\Component\\Console\\Input\\ArrayInput), Object(Illuminate\\Console\\OutputStyle))
#29 /var/www/vendor/laravel/framework/src/Illuminate/Console/Concerns/CallsCommands.php(68): Illuminate\\Console\\Command->run(Object(Symfony\\Component\\Console\\Input\\ArrayInput), Object(Illuminate\\Console\\OutputStyle))
#30 /var/www/vendor/laravel/framework/src/Illuminate/Console/Concerns/CallsCommands.php(29): Illuminate\\Console\\Command->runCommand('db:seed', Array, Object(Illuminate\\Console\\OutputStyle))
#31 /var/www/vendor/laravel/framework/src/Illuminate/Database/Console/Migrations/FreshCommand.php(121): Illuminate\\Console\\Command->call('db:seed', Array)
#32 /var/www/vendor/laravel/framework/src/Illuminate/Database/Console/Migrations/FreshCommand.php(97): Illuminate\\Database\\Console\\Migrations\\FreshCommand->runSeeder(NULL)
#33 /var/www/vendor/laravel/framework/src/Illuminate/Container/BoundMethod.php(36): Illuminate\\Database\\Console\\Migrations\\FreshCommand->handle()
#34 /var/www/vendor/laravel/framework/src/Illuminate/Container/Util.php(43): Illuminate\\Container\\BoundMethod::Illuminate\\Container\\{closure}()
#35 /var/www/vendor/laravel/framework/src/Illuminate/Container/BoundMethod.php(96): Illuminate\\Container\\Util::unwrapIfClosure(Object(Closure))
#36 /var/www/vendor/laravel/framework/src/Illuminate/Container/BoundMethod.php(35): Illuminate\\Container\\BoundMethod::callBoundMethod(Object(Illuminate\\Foundation\\Application), Array, Object(Closure))
#37 /var/www/vendor/laravel/framework/src/Illuminate/Container/Container.php(807): Illuminate\\Container\\BoundMethod::call(Object(Illuminate\\Foundation\\Application), Array, Array, NULL)
#38 /var/www/vendor/laravel/framework/src/Illuminate/Console/Command.php(211): Illuminate\\Container\\Container->call(Array)
#39 /var/www/vendor/symfony/console/Command/Command.php(335): Illuminate\\Console\\Command->execute(Object(Symfony\\Component\\Console\\Input\\ArgvInput), Object(Illuminate\\Console\\OutputStyle))
#40 /var/www/vendor/laravel/framework/src/Illuminate/Console/Command.php(180): Symfony\\Component\\Console\\Command\\Command->run(Object(Symfony\\Component\\Console\\Input\\ArgvInput), Object(Illuminate\\Console\\OutputStyle))
#41 /var/www/vendor/symfony/console/Application.php(1103): Illuminate\\Console\\Command->run(Object(Symfony\\Component\\Console\\Input\\ArgvInput), Object(Symfony\\Component\\Console\\Output\\ConsoleOutput))
#42 /var/www/vendor/symfony/console/Application.php(356): Symfony\\Component\\Console\\Application->doRunCommand(Object(Illuminate\\Database\\Console\\Migrations\\FreshCommand), Object(Symfony\\Component\\Console\\Input\\ArgvInput), Object(Symfony\\Component\\Console\\Output\\ConsoleOutput))
#43 /var/www/vendor/symfony/console/Application.php(195): Symfony\\Component\\Console\\Application->doRun(Object(Symfony\\Component\\Console\\Input\\ArgvInput), Object(Symfony\\Component\\Console\\Output\\ConsoleOutput))
#44 /var/www/vendor/laravel/framework/src/Illuminate/Foundation/Console/Kernel.php(197): Symfony\\Component\\Console\\Application->run(Object(Symfony\\Component\\Console\\Input\\ArgvInput), Object(Symfony\\Component\\Console\\Output\\ConsoleOutput))
#45 /var/www/artisan(12): Illuminate\\Foundation\\Console\\Kernel->handle(Object(Symfony\\Component\\Console\\Input\\ArgvInput), Object(Symfony\\Component\\Console\\Output\\ConsoleOutput))
#46 {main}
"} 
[2025-12-06 13:53:36] local.ERROR: No application encryption key has been specified. {"exception":"[object] (Illuminate\\Encryption\\MissingAppKeyException(code: 0): No application encryption key has been specified. at /var/www/vendor/laravel/framework/src/Illuminate/Encryption/EncryptionServiceProvider.php:83)
[stacktrace]
#0 /var/www/vendor/laravel/framework/src/Illuminate/Support/helpers.php(485): Illuminate\\Encryption\\EncryptionServiceProvider->Illuminate\\Encryption\\{closure}('')
#1 /var/www/vendor/laravel/framework/src/Illuminate/Encryption/EncryptionServiceProvider.php(81): tap('', Object(Closure))
#2 /var/www/vendor/laravel/framework/src/Illuminate/Encryption/EncryptionServiceProvider.php(64): Illuminate\\Encryption\\EncryptionServiceProvider->key(Array)
#3 /var/www/vendor/laravel/framework/src/Illuminate/Encryption/EncryptionServiceProvider.php(32): Illuminate\\Encryption\\EncryptionServiceProvider->parseKey(Array)
#4 /var/www/vendor/laravel/framework/src/Illuminate/Container/Container.php(1125): Illuminate\\Encryption\\EncryptionServiceProvider->Illuminate\\Encryption\\{closure}(Object(Illuminate\\Foundation\\Application), Array)
#5 /var/www/vendor/laravel/framework/src/Illuminate/Container/Container.php(943): Illuminate\\Container\\Container->build(Object(Closure))
#6 /var/www/vendor/laravel/framework/src/Illuminate/Foundation/Application.php(1078): Illuminate\\Container\\Container->resolve('encrypter', Array, true)
#7 /var/www/vendor/laravel/framework/src/Illuminate/Container/Container.php(874): Illuminate\\Foundation\\Application->resolve('encrypter', Array)
#8 /var/www/vendor/laravel/framework/src/Illuminate/Foundation/Application.php(1058): Illuminate\\Container\\Container->make('encrypter', Array)
#9 /var/www/vendor/laravel/framework/src/Illuminate/Container/Container.php(1350): Illuminate\\Foundation\\Application->make('encrypter')
#10 /var/www/vendor/laravel/framework/src/Illuminate/Container/Container.php(1249): Illuminate\\Container\\Container->resolveClass(Object(ReflectionParameter))
#11 /var/www/vendor/laravel/framework/src/Illuminate/Container/Container.php(1172): Illuminate\\Container\\Container->resolveDependencies(Array)
#12 /var/www/vendor/laravel/framework/src/Illuminate/Container/Container.php(943): Illuminate\\Container\\Container->build('Illuminate\\\\Cook...')
#13 /var/www/vendor/laravel/framework/src/Illuminate/Foundation/Application.php(1078): Illuminate\\Container\\Container->resolve('Illuminate\\\\Cook...', Array, true)
#14 /var/www/vendor/laravel/framework/src/Illuminate/Container/Container.php(874): Illuminate\\Foundation\\Application->resolve('Illuminate\\\\Cook...', Array)
#15 /var/www/vendor/laravel/framework/src/Illuminate/Foundation/Application.php(1058): Illuminate\\Container\\Container->make('Illuminate\\\\Cook...', Array)
#16 /var/www/vendor/laravel/framework/src/Illuminate/Pipeline/Pipeline.php(208): Illuminate\\Foundation\\Application->make('Illuminate\\\\Cook...')
#17 /var/www/vendor/laravel/framework/src/Illuminate/Pipeline/Pipeline.php(137): Illuminate\\Pipeline\\Pipeline->Illuminate\\Pipeline\\{closure}(Object(Illuminate\\Http\\Request))
#18 /var/www/vendor/laravel/framework/src/Illuminate/Routing/Router.php(821): Illuminate\\Pipeline\\Pipeline->then(Object(Closure))
#19 /var/www/vendor/laravel/framework/src/Illuminate/Routing/Router.php(800): Illuminate\\Routing\\Router->runRouteWithinStack(Object(Illuminate\\Routing\\Route), Object(Illuminate\\Http\\Request))
#20 /var/www/vendor/laravel/framework/src/Illuminate/Routing/Router.php(764): Illuminate\\Routing\\Router->runRoute(Object(Illuminate\\Http\\Request), Object(Illuminate\\Routing\\Route))
#21 /var/www/vendor/laravel/framework/src/Illuminate/Routing/Router.php(753): Illuminate\\Routing\\Router->dispatchToRoute(Object(Illuminate\\Http\\Request))
#22 /var/www/vendor/laravel/framework/src/Illuminate/Foundation/Http/Kernel.php(200): Illuminate\\Routing\\Router->dispatch(Object(Illuminate\\Http\\Request))
#23 /var/www/vendor/laravel/framework/src/Illuminate/Pipeline/Pipeline.php(180): Illuminate\\Foundation\\Http\\Kernel->Illuminate\\Foundation\\Http\\{closure}(Object(Illuminate\\Http\\Request))
#24 /var/www/vendor/laravel/framework/src/Illuminate/Foundation/Http/Middleware/TransformsRequest.php(21): Illuminate\\Pipeline\\Pipeline->Illuminate\\Pipeline\\{closure}(Object(Illuminate\\Http\\Request))
#25 /var/www/vendor/laravel/framework/src/Illuminate/Foundation/Http/Middleware/ConvertEmptyStringsToNull.php(31): Illuminate\\Foundation\\Http\\Middleware\\TransformsRequest->handle(Object(Illuminate\\Http\\Request), Object(Closure))
#26 /var/www/vendor/laravel/framework/src/Illuminate/Pipeline/Pipeline.php(219): Illuminate\\Foundation\\Http\\Middleware\\ConvertEmptyStringsToNull->handle(Object(Illuminate\\Http\\Request), Object(Closure))
#27 /var/www/vendor/laravel/framework/src/Illuminate/Foundation/Http/Middleware/TransformsRequest.php(21): Illuminate\\Pipeline\\Pipeline->Illuminate\\Pipeline\\{closure}(Object(Illuminate\\Http\\Request))
#28 /var/www/vendor/laravel/framework/src/Illuminate/Foundation/Http/Middleware/TrimStrings.php(51): Illuminate\\Foundation\\Http\\Middleware\\TransformsRequest->handle(Object(Illuminate\\Http\\Request), Object(Closure))
#29 /var/www/vendor/laravel/framework/src/Illuminate/Pipeline/Pipeline.php(219): Illuminate\\Foundation\\Http\\Middleware\\TrimStrings->handle(Object(Illuminate\\Http\\Request), Object(Closure))
#30 /var/www/vendor/laravel/framework/src/Illuminate/Http/Middleware/ValidatePostSize.php(27): Illuminate\\Pipeline\\Pipeline->Illuminate\\Pipeline\\{closure}(Object(Illuminate\\Http\\Request))
#31 /var/www/vendor/laravel/framework/src/Illuminate/Pipeline/Pipeline.php(219): Illuminate\\Http\\Middleware\\ValidatePostSize->handle(Object(Illuminate\\Http\\Request), Object(Closure))
#32 /var/www/vendor/laravel/framework/src/Illuminate/Foundation/Http/Middleware/PreventRequestsDuringMaintenance.php(109): Illuminate\\Pipeline\\Pipeline->Illuminate\\Pipeline\\{closure}(Object(Illuminate\\Http\\Request))
#33 /var/www/vendor/laravel/framework/src/Illuminate/Pipeline/Pipeline.php(219): Illuminate\\Foundation\\Http\\Middleware\\PreventRequestsDuringMaintenance->handle(Object(Illuminate\\Http\\Request), Object(Closure))
#34 /var/www/vendor/laravel/framework/src/Illuminate/Http/Middleware/HandleCors.php(48): Illuminate\\Pipeline\\Pipeline->Illuminate\\Pipeline\\{closure}(Object(Illuminate\\Http\\Request))
#35 /var/www/vendor/laravel/framework/src/Illuminate/Pipeline/Pipeline.php(219): Illuminate\\Http\\Middleware\\HandleCors->handle(Object(Illuminate\\Http\\Request), Object(Closure))
#36 /var/www/vendor/laravel/framework/src/Illuminate/Http/Middleware/TrustProxies.php(58): Illuminate\\Pipeline\\Pipeline->Illuminate\\Pipeline\\{closure}(Object(Illuminate\\Http\\Request))
#37 /var/www/vendor/laravel/framework/src/Illuminate/Pipeline/Pipeline.php(219): Illuminate\\Http\\Middleware\\TrustProxies->handle(Object(Illuminate\\Http\\Request), Object(Closure))
#38 /var/www/vendor/laravel/framework/src/Illuminate/Foundation/Http/Middleware/InvokeDeferredCallbacks.php(22): Illuminate\\Pipeline\\Pipeline->Illuminate\\Pipeline\\{closure}(Object(Illuminate\\Http\\Request))
#39 /var/www/vendor/laravel/framework/src/Illuminate/Pipeline/Pipeline.php(219): Illuminate\\Foundation\\Http\\Middleware\\InvokeDeferredCallbacks->handle(Object(Illuminate\\Http\\Request), Object(Closure))
#40 /var/www/vendor/laravel/framework/src/Illuminate/Http/Middleware/ValidatePathEncoding.php(26): Illuminate\\Pipeline\\Pipeline->Illuminate\\Pipeline\\{closure}(Object(Illuminate\\Http\\Request))
#41 /var/www/vendor/laravel/framework/src/Illuminate/Pipeline/Pipeline.php(219): Illuminate\\Http\\Middleware\\ValidatePathEncoding->handle(Object(Illuminate\\Http\\Request), Object(Closure))
#42 /var/www/vendor/laravel/framework/src/Illuminate/Pipeline/Pipeline.php(137): Illuminate\\Pipeline\\Pipeline->Illuminate\\Pipeline\\{closure}(Object(Illuminate\\Http\\Request))
#43 /var/www/vendor/laravel/framework/src/Illuminate/Foundation/Http/Kernel.php(175): Illuminate\\Pipeline\\Pipeline->then(Object(Closure))
#44 /var/www/vendor/laravel/framework/src/Illuminate/Foundation/Http/Kernel.php(144): Illuminate\\Foundation\\Http\\Kernel->sendRequestThroughRouter(Object(Illuminate\\Http\\Request))
#45 /var/www/vendor/laravel/framework/src/Illuminate/Foundation/Application.php(1220): Illuminate\\Foundation\\Http\\Kernel->handle(Object(Illuminate\\Http\\Request))
#46 /var/www/public/index.php(14): Illuminate\\Foundation\\Application->handleRequest(Object(Illuminate\\Http\\Request))
#47 {main}
"} 
[2025-12-06 13:53:48] local.ERROR: No application encryption key has been specified. {"exception":"[object] (Illuminate\\Encryption\\MissingAppKeyException(code: 0): No application encryption key has been specified. at /var/www/vendor/laravel/framework/src/Illuminate/Encryption/EncryptionServiceProvider.php:83)
[stacktrace]
#0 /var/www/vendor/laravel/framework/src/Illuminate/Support/helpers.php(485): Illuminate\\Encryption\\EncryptionServiceProvider->Illuminate\\Encryption\\{closure}('')
#1 /var/www/vendor/laravel/framework/src/Illuminate/Encryption/EncryptionServiceProvider.php(81): tap('', Object(Closure))
#2 /var/www/vendor/laravel/framework/src/Illuminate/Encryption/EncryptionServiceProvider.php(64): Illuminate\\Encryption\\EncryptionServiceProvider->key(Array)
#3 /var/www/vendor/laravel/framework/src/Illuminate/Encryption/EncryptionServiceProvider.php(32): Illuminate\\Encryption\\EncryptionServiceProvider->parseKey(Array)
#4 /var/www/vendor/laravel/framework/src/Illuminate/Container/Container.php(1125): Illuminate\\Encryption\\EncryptionServiceProvider->Illuminate\\Encryption\\{closure}(Object(Illuminate\\Foundation\\Application), Array)
#5 /var/www/vendor/laravel/framework/src/Illuminate/Container/Container.php(943): Illuminate\\Container\\Container->build(Object(Closure))
#6 /var/www/vendor/laravel/framework/src/Illuminate/Foundation/Application.php(1078): Illuminate\\Container\\Container->resolve('encrypter', Array, true)
#7 /var/www/vendor/laravel/framework/src/Illuminate/Container/Container.php(874): Illuminate\\Foundation\\Application->resolve('encrypter', Array)
#8 /var/www/vendor/laravel/framework/src/Illuminate/Foundation/Application.php(1058): Illuminate\\Container\\Container->make('encrypter', Array)
#9 /var/www/vendor/laravel/framework/src/Illuminate/Container/Container.php(1350): Illuminate\\Foundation\\Application->make('encrypter')
#10 /var/www/vendor/laravel/framework/src/Illuminate/Container/Container.php(1249): Illuminate\\Container\\Container->resolveClass(Object(ReflectionParameter))
#11 /var/www/vendor/laravel/framework/src/Illuminate/Container/Container.php(1172): Illuminate\\Container\\Container->resolveDependencies(Array)
#12 /var/www/vendor/laravel/framework/src/Illuminate/Container/Container.php(943): Illuminate\\Container\\Container->build('Illuminate\\\\Cook...')
#13 /var/www/vendor/laravel/framework/src/Illuminate/Foundation/Application.php(1078): Illuminate\\Container\\Container->resolve('Illuminate\\\\Cook...', Array, true)
#14 /var/www/vendor/laravel/framework/src/Illuminate/Container/Container.php(874): Illuminate\\Foundation\\Application->resolve('Illuminate\\\\Cook...', Array)
#15 /var/www/vendor/laravel/framework/src/Illuminate/Foundation/Application.php(1058): Illuminate\\Container\\Container->make('Illuminate\\\\Cook...', Array)
#16 /var/www/vendor/laravel/framework/src/Illuminate/Foundation/Http/Kernel.php(257): Illuminate\\Foundation\\Application->make('Illuminate\\\\Cook...')
#17 /var/www/vendor/laravel/framework/src/Illuminate/Foundation/Http/Kernel.php(215): Illuminate\\Foundation\\Http\\Kernel->terminateMiddleware(Object(Illuminate\\Http\\Request), Object(Illuminate\\Http\\Response))
#18 /var/www/vendor/laravel/framework/src/Illuminate/Foundation/Application.php(1222): Illuminate\\Foundation\\Http\\Kernel->terminate(Object(Illuminate\\Http\\Request), Object(Illuminate\\Http\\Response))
#19 /var/www/public/index.php(14): Illuminate\\Foundation\\Application->handleRequest(Object(Illuminate\\Http\\Request))
#20 {main}
"} 
[2025-12-06 13:53:57] local.ERROR: SQLSTATE[42S02]: Base table or view not found: 1146 Table 'laravel.telescope_entries' doesn't exist (Connection: mysql, SQL: insert into `telescope_entries` (`batch_id`, `content`, `created_at`, `family_hash`, `type`, `uuid`) values (a0874a10-fa8c-43dc-89d5-7411bdca0864, {"name":"errors::404","path":"\/vendor\/laravel\/framework\/src\/Illuminate\/Foundation\/Exceptions\/views\/404.blade.php","data":["exception"],"hostname":"49d393383261"}, 2025-12-06 13:53:56, ?, view, a0874a0f-e9e2-4a06-9ae3-32f7055fa79b), (a0874a10-fa8c-43dc-89d5-7411bdca0864, {"name":"errors::minimal","path":"\/vendor\/laravel\/framework\/src\/Illuminate\/Foundation\/Exceptions\/views\/minimal.blade.php","data":["exception"],"hostname":"49d393383261"}, 2025-12-06 13:53:56, ?, view, a0874a10-a839-40e2-b99c-a182fec33012), (a0874a10-fa8c-43dc-89d5-7411bdca0864, {"ip_address":"172.21.0.1","uri":"\/favicon.ico","method":"GET","controller_action":null,"middleware":[],"headers":{"cookie":"poptin_user_id=0.st60folkka8; _fbp=fb.0.1761826469481.74429153274069935; poptin_last_visit=2025-10-30; _ga=GA1.1.1902870840.1761826601; rl_anonymous_id=RudderEncrypt%3AU2FsdGVkX1%2FME%2BJPPMmc8AFMSDSacZ%2BL1BuE19fbMZbEVmqFIsCrmi926kXEtXomeEWTuFGEz6UOZ1ZXNacJGg%3D%3D; rl_page_init_referrer=RudderEncrypt%3AU2FsdGVkX19IdXNxk8v4OBkGYA%2FsvR6s5TPdPYZZrU0%3D; rl_page_init_referring_domain=RudderEncrypt%3AU2FsdGVkX18%2BsUiiR4QbJLRO0TMdH8J0x%2FjSVsjUDxE%3D; rl_session=RudderEncrypt%3AU2FsdGVkX19cr6R8p0bDyt%2F%2F%2FYjH4wXENdOQ6%2FTkSjAT1iJTgFSoHhQZdAI8GlNp2iwg2SUcH2uUU8Jr6u32Q5KCHR34lamBmD16uKh22hziLmq7fWyu2lOTyQ0rB1dHOriYlwqRgosQEQp6%2By4inA%3D%3D; XSRF-TOKEN=eyJpdiI6Im85RTd1RDVLditTbDdzRmwvanF2NkE9PSIsInZhbHVlIjoiUVI5V3p4N0RIQll1clVvQkE5VThXc1A5UktuM2IwOXYvbEJPYkZlU245WFl6Z2paTVRFRDQxb3BqRUZhRGZieHNhWjBwQ3UvOGE3Ri9Xb0lFVndRbnQwTmUwR2RMRDVwNHlhVEZ1cUNvTXFzOU1CSlRxNkU0OEpFRGQzOU5MdUUiLCJtYWMiOiJkZjhkZmI5YjBmMzEwODI5OTgzZjM5NTFmODFkYTg2NTczNDM1MTE0MDkzNzljOWRiMTJjNGNmMTUzMjE0N2E1IiwidGFnIjoiIn0%3D; laravel_session=eyJpdiI6Img5aCtwUUEwZUthaHNxZUxmTkxBdEE9PSIsInZhbHVlIjoiRXg3Z1dSL2lpMGwxT2ZCSmRUZFdPNHllaEl6dG9QSmNCdFA4a2NnZEM4WjB4cWlmd3VlakNNNnoybnJDczhPaGdsS0oxVWRGcllEWkVGOGtDbkN0ajJla0NuM29oVUtySjUxN1hGck5XaFNtYzFmZ0xPYXhLOUpOKzVYenFnZTciLCJtYWMiOiI4YzU2ZWJjZWFiMzEyZWUxMjE2ZjY5ZjhjYjk4ZWZkNTZmY2ViMTYyYWJjMGViZDI1YjFmNThhNGE4YjY0NzIzIiwidGFnIjoiIn0%3D","accept-language":"en-US,en;q=0.9","accept-encoding":"gzip, deflate, br, zstd","referer":"http:\/\/localhost\/","sec-fetch-dest":"image","sec-fetch-mode":"no-cors","sec-fetch-site":"same-origin","accept":"image\/avif,image\/webp,image\/apng,image\/svg+xml,image\/*,*\/*;q=0.8","sec-ch-ua-mobile":"?0","sec-ch-ua":"\"Chromium\";v=\"142\", \"Google Chrome\";v=\"142\", \"Not_A Brand\";v=\"99\"","user-agent":"Mozilla\/5.0 (Windows NT 10.0; Win64; x64) AppleWebKit\/537.36 (KHTML, like Gecko) Chrome\/142.0.0.0 Safari\/537.36","sec-ch-ua-platform":"\"Windows\"","connection":"keep-alive","host":"localhost"},"payload":[],"session":[],"response_headers":{"cache-control":"no-cache, private","date":"Sat, 06 Dec 2025 13:53:55 GMT","content-type":"text\/html; charset=utf-8"},"response_status":404,"response":"HTML Response","duration":6188,"memory":4,"hostname":"49d393383261"}, 2025-12-06 13:53:56, ?, request, a0874a10-c2b3-41b0-bf6e-7f2f9dbcf738)) {"exception":"[object] (Illuminate\\Database\\QueryException(code: 42S02): SQLSTATE[42S02]: Base table or view not found: 1146 Table 'laravel.telescope_entries' doesn't exist (Connection: mysql, SQL: insert into `telescope_entries` (`batch_id`, `content`, `created_at`, `family_hash`, `type`, `uuid`) values (a0874a10-fa8c-43dc-89d5-7411bdca0864, {\"name\":\"errors::404\",\"path\":\"\\/vendor\\/laravel\\/framework\\/src\\/Illuminate\\/Foundation\\/Exceptions\\/views\\/404.blade.php\",\"data\":[\"exception\"],\"hostname\":\"49d393383261\"}, 2025-12-06 13:53:56, ?, view, a0874a0f-e9e2-4a06-9ae3-32f7055fa79b), (a0874a10-fa8c-43dc-89d5-7411bdca0864, {\"name\":\"errors::minimal\",\"path\":\"\\/vendor\\/laravel\\/framework\\/src\\/Illuminate\\/Foundation\\/Exceptions\\/views\\/minimal.blade.php\",\"data\":[\"exception\"],\"hostname\":\"49d393383261\"}, 2025-12-06 13:53:56, ?, view, a0874a10-a839-40e2-b99c-a182fec33012), (a0874a10-fa8c-43dc-89d5-7411bdca0864, {\"ip_address\":\"172.21.0.1\",\"uri\":\"\\/favicon.ico\",\"method\":\"GET\",\"controller_action\":null,\"middleware\":[],\"headers\":{\"cookie\":\"poptin_user_id=0.st60folkka8; _fbp=fb.0.1761826469481.74429153274069935; poptin_last_visit=2025-10-30; _ga=GA1.1.1902870840.1761826601; rl_anonymous_id=RudderEncrypt%3AU2FsdGVkX1%2FME%2BJPPMmc8AFMSDSacZ%2BL1BuE19fbMZbEVmqFIsCrmi926kXEtXomeEWTuFGEz6UOZ1ZXNacJGg%3D%3D; rl_page_init_referrer=RudderEncrypt%3AU2FsdGVkX19IdXNxk8v4OBkGYA%2FsvR6s5TPdPYZZrU0%3D; rl_page_init_referring_domain=RudderEncrypt%3AU2FsdGVkX18%2BsUiiR4QbJLRO0TMdH8J0x%2FjSVsjUDxE%3D; rl_session=RudderEncrypt%3AU2FsdGVkX19cr6R8p0bDyt%2F%2F%2FYjH4wXENdOQ6%2FTkSjAT1iJTgFSoHhQZdAI8GlNp2iwg2SUcH2uUU8Jr6u32Q5KCHR34lamBmD16uKh22hziLmq7fWyu2lOTyQ0rB1dHOriYlwqRgosQEQp6%2By4inA%3D%3D; XSRF-TOKEN=eyJpdiI6Im85RTd1RDVLditTbDdzRmwvanF2NkE9PSIsInZhbHVlIjoiUVI5V3p4N0RIQll1clVvQkE5VThXc1A5UktuM2IwOXYvbEJPYkZlU245WFl6Z2paTVRFRDQxb3BqRUZhRGZieHNhWjBwQ3UvOGE3Ri9Xb0lFVndRbnQwTmUwR2RMRDVwNHlhVEZ1cUNvTXFzOU1CSlRxNkU0OEpFRGQzOU5MdUUiLCJtYWMiOiJkZjhkZmI5YjBmMzEwODI5OTgzZjM5NTFmODFkYTg2NTczNDM1MTE0MDkzNzljOWRiMTJjNGNmMTUzMjE0N2E1IiwidGFnIjoiIn0%3D; laravel_session=eyJpdiI6Img5aCtwUUEwZUthaHNxZUxmTkxBdEE9PSIsInZhbHVlIjoiRXg3Z1dSL2lpMGwxT2ZCSmRUZFdPNHllaEl6dG9QSmNCdFA4a2NnZEM4WjB4cWlmd3VlakNNNnoybnJDczhPaGdsS0oxVWRGcllEWkVGOGtDbkN0ajJla0NuM29oVUtySjUxN1hGck5XaFNtYzFmZ0xPYXhLOUpOKzVYenFnZTciLCJtYWMiOiI4YzU2ZWJjZWFiMzEyZWUxMjE2ZjY5ZjhjYjk4ZWZkNTZmY2ViMTYyYWJjMGViZDI1YjFmNThhNGE4YjY0NzIzIiwidGFnIjoiIn0%3D\",\"accept-language\":\"en-US,en;q=0.9\",\"accept-encoding\":\"gzip, deflate, br, zstd\",\"referer\":\"http:\\/\\/localhost\\/\",\"sec-fetch-dest\":\"image\",\"sec-fetch-mode\":\"no-cors\",\"sec-fetch-site\":\"same-origin\",\"accept\":\"image\\/avif,image\\/webp,image\\/apng,image\\/svg+xml,image\\/*,*\\/*;q=0.8\",\"sec-ch-ua-mobile\":\"?0\",\"sec-ch-ua\":\"\\\"Chromium\\\";v=\\\"142\\\", \\\"Google Chrome\\\";v=\\\"142\\\", \\\"Not_A Brand\\\";v=\\\"99\\\"\",\"user-agent\":\"Mozilla\\/5.0 (Windows NT 10.0; Win64; x64) AppleWebKit\\/537.36 (KHTML, like Gecko) Chrome\\/142.0.0.0 Safari\\/537.36\",\"sec-ch-ua-platform\":\"\\\"Windows\\\"\",\"connection\":\"keep-alive\",\"host\":\"localhost\"},\"payload\":[],\"session\":[],\"response_headers\":{\"cache-control\":\"no-cache, private\",\"date\":\"Sat, 06 Dec 2025 13:53:55 GMT\",\"content-type\":\"text\\/html; charset=utf-8\"},\"response_status\":404,\"response\":\"HTML Response\",\"duration\":6188,\"memory\":4,\"hostname\":\"49d393383261\"}, 2025-12-06 13:53:56, ?, request, a0874a10-c2b3-41b0-bf6e-7f2f9dbcf738)) at /var/www/vendor/laravel/framework/src/Illuminate/Database/Connection.php:826)
[stacktrace]
#0 /var/www/vendor/laravel/framework/src/Illuminate/Database/Connection.php(780): Illuminate\\Database\\Connection->runQueryCallback('insert into `te...', Array, Object(Closure))
#1 /var/www/vendor/laravel/framework/src/Illuminate/Database/MySqlConnection.php(42): Illuminate\\Database\\Connection->run('insert into `te...', Array, Object(Closure))
#2 /var/www/vendor/laravel/framework/src/Illuminate/Database/Query/Builder.php(3804): Illuminate\\Database\\MySqlConnection->insert('insert into `te...', Array)
#3 /var/www/vendor/laravel/telescope/src/Storage/DatabaseEntriesRepository.php(145): Illuminate\\Database\\Query\\Builder->insert(Array)
#4 /var/www/vendor/laravel/framework/src/Illuminate/Collections/Traits/EnumeratesValues.php(271): Laravel\\Telescope\\Storage\\DatabaseEntriesRepository->Laravel\\Telescope\\Storage\\{closure}(Object(Illuminate\\Support\\Collection), 0)
#5 /var/www/vendor/laravel/telescope/src/Storage/DatabaseEntriesRepository.php(144): Illuminate\\Support\\Collection->each(Object(Closure))
#6 /var/www/vendor/laravel/telescope/src/Telescope.php(664): Laravel\\Telescope\\Storage\\DatabaseEntriesRepository->store(Object(Illuminate\\Support\\Collection))
#7 [internal function]: Laravel\\Telescope\\Telescope::Laravel\\Telescope\\{closure}()
#8 /var/www/vendor/laravel/telescope/src/Telescope.php(289): call_user_func(Object(Closure))
#9 /var/www/vendor/laravel/telescope/src/Telescope.php(656): Laravel\\Telescope\\Telescope::withoutRecording(Object(Closure))
#10 /var/www/vendor/laravel/telescope/src/ListensForStorageOpportunities.php(65): Laravel\\Telescope\\Telescope::store(Object(Laravel\\Telescope\\Storage\\DatabaseEntriesRepository))
#11 /var/www/vendor/laravel/framework/src/Illuminate/Container/BoundMethod.php(36): Laravel\\Telescope\\Telescope::Laravel\\Telescope\\{closure}()
#12 /var/www/vendor/laravel/framework/src/Illuminate/Container/Util.php(43): Illuminate\\Container\\BoundMethod::Illuminate\\Container\\{closure}()
#13 /var/www/vendor/laravel/framework/src/Illuminate/Container/BoundMethod.php(84): Illuminate\\Container\\Util::unwrapIfClosure(Object(Closure))
#14 /var/www/vendor/laravel/framework/src/Illuminate/Container/BoundMethod.php(35): Illuminate\\Container\\BoundMethod::callBoundMethod(Object(Illuminate\\Foundation\\Application), Object(Closure), Object(Closure))
#15 /var/www/vendor/laravel/framework/src/Illuminate/Container/Container.php(807): Illuminate\\Container\\BoundMethod::call(Object(Illuminate\\Foundation\\Application), Object(Closure), Array, NULL)
#16 /var/www/vendor/laravel/framework/src/Illuminate/Foundation/Application.php(1466): Illuminate\\Container\\Container->call(Object(Closure))
#17 /var/www/vendor/laravel/framework/src/Illuminate/Foundation/Http/Kernel.php(217): Illuminate\\Foundation\\Application->terminate()
#18 /var/www/vendor/laravel/framework/src/Illuminate/Foundation/Application.php(1222): Illuminate\\Foundation\\Http\\Kernel->terminate(Object(Illuminate\\Http\\Request), Object(Illuminate\\Http\\Response))
#19 /var/www/public/index.php(14): Illuminate\\Foundation\\Application->handleRequest(Object(Illuminate\\Http\\Request))
#20 {main}

[previous exception] [object] (PDOException(code: 42S02): SQLSTATE[42S02]: Base table or view not found: 1146 Table 'laravel.telescope_entries' doesn't exist at /var/www/vendor/laravel/framework/src/Illuminate/Database/MySqlConnection.php:47)
[stacktrace]
#0 /var/www/vendor/laravel/framework/src/Illuminate/Database/MySqlConnection.php(47): PDO->prepare('insert into `te...')
#1 /var/www/vendor/laravel/framework/src/Illuminate/Database/Connection.php(813): Illuminate\\Database\\MySqlConnection->Illuminate\\Database\\{closure}('insert into `te...', Array)
#2 /var/www/vendor/laravel/framework/src/Illuminate/Database/Connection.php(780): Illuminate\\Database\\Connection->runQueryCallback('insert into `te...', Array, Object(Closure))
#3 /var/www/vendor/laravel/framework/src/Illuminate/Database/MySqlConnection.php(42): Illuminate\\Database\\Connection->run('insert into `te...', Array, Object(Closure))
#4 /var/www/vendor/laravel/framework/src/Illuminate/Database/Query/Builder.php(3804): Illuminate\\Database\\MySqlConnection->insert('insert into `te...', Array)
#5 /var/www/vendor/laravel/telescope/src/Storage/DatabaseEntriesRepository.php(145): Illuminate\\Database\\Query\\Builder->insert(Array)
#6 /var/www/vendor/laravel/framework/src/Illuminate/Collections/Traits/EnumeratesValues.php(271): Laravel\\Telescope\\Storage\\DatabaseEntriesRepository->Laravel\\Telescope\\Storage\\{closure}(Object(Illuminate\\Support\\Collection), 0)
#7 /var/www/vendor/laravel/telescope/src/Storage/DatabaseEntriesRepository.php(144): Illuminate\\Support\\Collection->each(Object(Closure))
#8 /var/www/vendor/laravel/telescope/src/Telescope.php(664): Laravel\\Telescope\\Storage\\DatabaseEntriesRepository->store(Object(Illuminate\\Support\\Collection))
#9 [internal function]: Laravel\\Telescope\\Telescope::Laravel\\Telescope\\{closure}()
#10 /var/www/vendor/laravel/telescope/src/Telescope.php(289): call_user_func(Object(Closure))
#11 /var/www/vendor/laravel/telescope/src/Telescope.php(656): Laravel\\Telescope\\Telescope::withoutRecording(Object(Closure))
#12 /var/www/vendor/laravel/telescope/src/ListensForStorageOpportunities.php(65): Laravel\\Telescope\\Telescope::store(Object(Laravel\\Telescope\\Storage\\DatabaseEntriesRepository))
#13 /var/www/vendor/laravel/framework/src/Illuminate/Container/BoundMethod.php(36): Laravel\\Telescope\\Telescope::Laravel\\Telescope\\{closure}()
#14 /var/www/vendor/laravel/framework/src/Illuminate/Container/Util.php(43): Illuminate\\Container\\BoundMethod::Illuminate\\Container\\{closure}()
#15 /var/www/vendor/laravel/framework/src/Illuminate/Container/BoundMethod.php(84): Illuminate\\Container\\Util::unwrapIfClosure(Object(Closure))
#16 /var/www/vendor/laravel/framework/src/Illuminate/Container/BoundMethod.php(35): Illuminate\\Container\\BoundMethod::callBoundMethod(Object(Illuminate\\Foundation\\Application), Object(Closure), Object(Closure))
#17 /var/www/vendor/laravel/framework/src/Illuminate/Container/Container.php(807): Illuminate\\Container\\BoundMethod::call(Object(Illuminate\\Foundation\\Application), Object(Closure), Array, NULL)
#18 /var/www/vendor/laravel/framework/src/Illuminate/Foundation/Application.php(1466): Illuminate\\Container\\Container->call(Object(Closure))
#19 /var/www/vendor/laravel/framework/src/Illuminate/Foundation/Http/Kernel.php(217): Illuminate\\Foundation\\Application->terminate()
#20 /var/www/vendor/laravel/framework/src/Illuminate/Foundation/Application.php(1222): Illuminate\\Foundation\\Http\\Kernel->terminate(Object(Illuminate\\Http\\Request), Object(Illuminate\\Http\\Response))
#21 /var/www/public/index.php(14): Illuminate\\Foundation\\Application->handleRequest(Object(Illuminate\\Http\\Request))
#22 {main}
"} 
[2025-12-06 13:53:57] local.ERROR: SQLSTATE[42S02]: Base table or view not found: 1146 Table 'laravel.telescope_entries' doesn't exist (Connection: mysql, SQL: insert into `telescope_entries` (`batch_id`, `content`, `created_at`, `family_hash`, `type`, `uuid`) values (a0874a12-5055-4113-811c-b4761d8d30a7, {"ip_address":"172.21.0.1","uri":"\/_ignition\/health-check","method":"GET","controller_action":"Spatie\\LaravelIgnition\\Http\\Controllers\\HealthCheckController","middleware":["Spatie\\LaravelIgnition\\Http\\Middleware\\RunnableSolutionsEnabled"],"headers":{"cookie":"poptin_user_id=0.st60folkka8; _fbp=fb.0.1761826469481.74429153274069935; poptin_last_visit=2025-10-30; _ga=GA1.1.1902870840.1761826601; rl_anonymous_id=RudderEncrypt%3AU2FsdGVkX1%2FME%2BJPPMmc8AFMSDSacZ%2BL1BuE19fbMZbEVmqFIsCrmi926kXEtXomeEWTuFGEz6UOZ1ZXNacJGg%3D%3D; rl_page_init_referrer=RudderEncrypt%3AU2FsdGVkX19IdXNxk8v4OBkGYA%2FsvR6s5TPdPYZZrU0%3D; rl_page_init_referring_domain=RudderEncrypt%3AU2FsdGVkX18%2BsUiiR4QbJLRO0TMdH8J0x%2FjSVsjUDxE%3D; rl_session=RudderEncrypt%3AU2FsdGVkX19cr6R8p0bDyt%2F%2F%2FYjH4wXENdOQ6%2FTkSjAT1iJTgFSoHhQZdAI8GlNp2iwg2SUcH2uUU8Jr6u32Q5KCHR34lamBmD16uKh22hziLmq7fWyu2lOTyQ0rB1dHOriYlwqRgosQEQp6%2By4inA%3D%3D; XSRF-TOKEN=eyJpdiI6Im85RTd1RDVLditTbDdzRmwvanF2NkE9PSIsInZhbHVlIjoiUVI5V3p4N0RIQll1clVvQkE5VThXc1A5UktuM2IwOXYvbEJPYkZlU245WFl6Z2paTVRFRDQxb3BqRUZhRGZieHNhWjBwQ3UvOGE3Ri9Xb0lFVndRbnQwTmUwR2RMRDVwNHlhVEZ1cUNvTXFzOU1CSlRxNkU0OEpFRGQzOU5MdUUiLCJtYWMiOiJkZjhkZmI5YjBmMzEwODI5OTgzZjM5NTFmODFkYTg2NTczNDM1MTE0MDkzNzljOWRiMTJjNGNmMTUzMjE0N2E1IiwidGFnIjoiIn0%3D; laravel_session=eyJpdiI6Img5aCtwUUEwZUthaHNxZUxmTkxBdEE9PSIsInZhbHVlIjoiRXg3Z1dSL2lpMGwxT2ZCSmRUZFdPNHllaEl6dG9QSmNCdFA4a2NnZEM4WjB4cWlmd3VlakNNNnoybnJDczhPaGdsS0oxVWRGcllEWkVGOGtDbkN0ajJla0NuM29oVUtySjUxN1hGck5XaFNtYzFmZ0xPYXhLOUpOKzVYenFnZTciLCJtYWMiOiI4YzU2ZWJjZWFiMzEyZWUxMjE2ZjY5ZjhjYjk4ZWZkNTZmY2ViMTYyYWJjMGViZDI1YjFmNThhNGE4YjY0NzIzIiwidGFnIjoiIn0%3D","accept-language":"en-US,en;q=0.9","accept-encoding":"gzip, deflate, br, zstd","referer":"http:\/\/localhost\/","sec-fetch-dest":"empty","sec-fetch-mode":"cors","sec-fetch-site":"same-origin","accept":"*\/*","sec-ch-ua-mobile":"?0","sec-ch-ua":"\"Chromium\";v=\"142\", \"Google Chrome\";v=\"142\", \"Not_A Brand\";v=\"99\"","user-agent":"Mozilla\/5.0 (Windows NT 10.0; Win64; x64) AppleWebKit\/537.36 (KHTML, like Gecko) Chrome\/142.0.0.0 Safari\/537.36","sec-ch-ua-platform":"\"Windows\"","connection":"keep-alive","host":"localhost"},"payload":[],"session":[],"response_headers":{"cache-control":"no-cache, private","date":"Sat, 06 Dec 2025 13:53:57 GMT","content-type":"application\/json"},"response_status":200,"response":{"can_execute_commands":true},"duration":8884,"memory":4,"hostname":"49d393383261"}, 2025-12-06 13:53:57, ?, request, a0874a12-4faf-4420-8d88-3891f16154c3)) {"exception":"[object] (Illuminate\\Database\\QueryException(code: 42S02): SQLSTATE[42S02]: Base table or view not found: 1146 Table 'laravel.telescope_entries' doesn't exist (Connection: mysql, SQL: insert into `telescope_entries` (`batch_id`, `content`, `created_at`, `family_hash`, `type`, `uuid`) values (a0874a12-5055-4113-811c-b4761d8d30a7, {\"ip_address\":\"172.21.0.1\",\"uri\":\"\\/_ignition\\/health-check\",\"method\":\"GET\",\"controller_action\":\"Spatie\\\\LaravelIgnition\\\\Http\\\\Controllers\\\\HealthCheckController\",\"middleware\":[\"Spatie\\\\LaravelIgnition\\\\Http\\\\Middleware\\\\RunnableSolutionsEnabled\"],\"headers\":{\"cookie\":\"poptin_user_id=0.st60folkka8; _fbp=fb.0.1761826469481.74429153274069935; poptin_last_visit=2025-10-30; _ga=GA1.1.1902870840.1761826601; rl_anonymous_id=RudderEncrypt%3AU2FsdGVkX1%2FME%2BJPPMmc8AFMSDSacZ%2BL1BuE19fbMZbEVmqFIsCrmi926kXEtXomeEWTuFGEz6UOZ1ZXNacJGg%3D%3D; rl_page_init_referrer=RudderEncrypt%3AU2FsdGVkX19IdXNxk8v4OBkGYA%2FsvR6s5TPdPYZZrU0%3D; rl_page_init_referring_domain=RudderEncrypt%3AU2FsdGVkX18%2BsUiiR4QbJLRO0TMdH8J0x%2FjSVsjUDxE%3D; rl_session=RudderEncrypt%3AU2FsdGVkX19cr6R8p0bDyt%2F%2F%2FYjH4wXENdOQ6%2FTkSjAT1iJTgFSoHhQZdAI8GlNp2iwg2SUcH2uUU8Jr6u32Q5KCHR34lamBmD16uKh22hziLmq7fWyu2lOTyQ0rB1dHOriYlwqRgosQEQp6%2By4inA%3D%3D; XSRF-TOKEN=eyJpdiI6Im85RTd1RDVLditTbDdzRmwvanF2NkE9PSIsInZhbHVlIjoiUVI5V3p4N0RIQll1clVvQkE5VThXc1A5UktuM2IwOXYvbEJPYkZlU245WFl6Z2paTVRFRDQxb3BqRUZhRGZieHNhWjBwQ3UvOGE3Ri9Xb0lFVndRbnQwTmUwR2RMRDVwNHlhVEZ1cUNvTXFzOU1CSlRxNkU0OEpFRGQzOU5MdUUiLCJtYWMiOiJkZjhkZmI5YjBmMzEwODI5OTgzZjM5NTFmODFkYTg2NTczNDM1MTE0MDkzNzljOWRiMTJjNGNmMTUzMjE0N2E1IiwidGFnIjoiIn0%3D; laravel_session=eyJpdiI6Img5aCtwUUEwZUthaHNxZUxmTkxBdEE9PSIsInZhbHVlIjoiRXg3Z1dSL2lpMGwxT2ZCSmRUZFdPNHllaEl6dG9QSmNCdFA4a2NnZEM4WjB4cWlmd3VlakNNNnoybnJDczhPaGdsS0oxVWRGcllEWkVGOGtDbkN0ajJla0NuM29oVUtySjUxN1hGck5XaFNtYzFmZ0xPYXhLOUpOKzVYenFnZTciLCJtYWMiOiI4YzU2ZWJjZWFiMzEyZWUxMjE2ZjY5ZjhjYjk4ZWZkNTZmY2ViMTYyYWJjMGViZDI1YjFmNThhNGE4YjY0NzIzIiwidGFnIjoiIn0%3D\",\"accept-language\":\"en-US,en;q=0.9\",\"accept-encoding\":\"gzip, deflate, br, zstd\",\"referer\":\"http:\\/\\/localhost\\/\",\"sec-fetch-dest\":\"empty\",\"sec-fetch-mode\":\"cors\",\"sec-fetch-site\":\"same-origin\",\"accept\":\"*\\/*\",\"sec-ch-ua-mobile\":\"?0\",\"sec-ch-ua\":\"\\\"Chromium\\\";v=\\\"142\\\", \\\"Google Chrome\\\";v=\\\"142\\\", \\\"Not_A Brand\\\";v=\\\"99\\\"\",\"user-agent\":\"Mozilla\\/5.0 (Windows NT 10.0; Win64; x64) AppleWebKit\\/537.36 (KHTML, like Gecko) Chrome\\/142.0.0.0 Safari\\/537.36\",\"sec-ch-ua-platform\":\"\\\"Windows\\\"\",\"connection\":\"keep-alive\",\"host\":\"localhost\"},\"payload\":[],\"session\":[],\"response_headers\":{\"cache-control\":\"no-cache, private\",\"date\":\"Sat, 06 Dec 2025 13:53:57 GMT\",\"content-type\":\"application\\/json\"},\"response_status\":200,\"response\":{\"can_execute_commands\":true},\"duration\":8884,\"memory\":4,\"hostname\":\"49d393383261\"}, 2025-12-06 13:53:57, ?, request, a0874a12-4faf-4420-8d88-3891f16154c3)) at /var/www/vendor/laravel/framework/src/Illuminate/Database/Connection.php:826)
[stacktrace]
#0 /var/www/vendor/laravel/framework/src/Illuminate/Database/Connection.php(780): Illuminate\\Database\\Connection->runQueryCallback('insert into `te...', Array, Object(Closure))
#1 /var/www/vendor/laravel/framework/src/Illuminate/Database/MySqlConnection.php(42): Illuminate\\Database\\Connection->run('insert into `te...', Array, Object(Closure))
#2 /var/www/vendor/laravel/framework/src/Illuminate/Database/Query/Builder.php(3804): Illuminate\\Database\\MySqlConnection->insert('insert into `te...', Array)
#3 /var/www/vendor/laravel/telescope/src/Storage/DatabaseEntriesRepository.php(145): Illuminate\\Database\\Query\\Builder->insert(Array)
#4 /var/www/vendor/laravel/framework/src/Illuminate/Collections/Traits/EnumeratesValues.php(271): Laravel\\Telescope\\Storage\\DatabaseEntriesRepository->Laravel\\Telescope\\Storage\\{closure}(Object(Illuminate\\Support\\Collection), 0)
#5 /var/www/vendor/laravel/telescope/src/Storage/DatabaseEntriesRepository.php(144): Illuminate\\Support\\Collection->each(Object(Closure))
#6 /var/www/vendor/laravel/telescope/src/Telescope.php(664): Laravel\\Telescope\\Storage\\DatabaseEntriesRepository->store(Object(Illuminate\\Support\\Collection))
#7 [internal function]: Laravel\\Telescope\\Telescope::Laravel\\Telescope\\{closure}()
#8 /var/www/vendor/laravel/telescope/src/Telescope.php(289): call_user_func(Object(Closure))
#9 /var/www/vendor/laravel/telescope/src/Telescope.php(656): Laravel\\Telescope\\Telescope::withoutRecording(Object(Closure))
#10 /var/www/vendor/laravel/telescope/src/ListensForStorageOpportunities.php(65): Laravel\\Telescope\\Telescope::store(Object(Laravel\\Telescope\\Storage\\DatabaseEntriesRepository))
#11 /var/www/vendor/laravel/framework/src/Illuminate/Container/BoundMethod.php(36): Laravel\\Telescope\\Telescope::Laravel\\Telescope\\{closure}()
#12 /var/www/vendor/laravel/framework/src/Illuminate/Container/Util.php(43): Illuminate\\Container\\BoundMethod::Illuminate\\Container\\{closure}()
#13 /var/www/vendor/laravel/framework/src/Illuminate/Container/BoundMethod.php(84): Illuminate\\Container\\Util::unwrapIfClosure(Object(Closure))
#14 /var/www/vendor/laravel/framework/src/Illuminate/Container/BoundMethod.php(35): Illuminate\\Container\\BoundMethod::callBoundMethod(Object(Illuminate\\Foundation\\Application), Object(Closure), Object(Closure))
#15 /var/www/vendor/laravel/framework/src/Illuminate/Container/Container.php(807): Illuminate\\Container\\BoundMethod::call(Object(Illuminate\\Foundation\\Application), Object(Closure), Array, NULL)
#16 /var/www/vendor/laravel/framework/src/Illuminate/Foundation/Application.php(1466): Illuminate\\Container\\Container->call(Object(Closure))
#17 /var/www/vendor/laravel/framework/src/Illuminate/Foundation/Http/Kernel.php(217): Illuminate\\Foundation\\Application->terminate()
#18 /var/www/vendor/laravel/framework/src/Illuminate/Foundation/Application.php(1222): Illuminate\\Foundation\\Http\\Kernel->terminate(Object(Illuminate\\Http\\Request), Object(Illuminate\\Http\\JsonResponse))
#19 /var/www/public/index.php(14): Illuminate\\Foundation\\Application->handleRequest(Object(Illuminate\\Http\\Request))
#20 {main}

[previous exception] [object] (PDOException(code: 42S02): SQLSTATE[42S02]: Base table or view not found: 1146 Table 'laravel.telescope_entries' doesn't exist at /var/www/vendor/laravel/framework/src/Illuminate/Database/MySqlConnection.php:47)
[stacktrace]
#0 /var/www/vendor/laravel/framework/src/Illuminate/Database/MySqlConnection.php(47): PDO->prepare('insert into `te...')
#1 /var/www/vendor/laravel/framework/src/Illuminate/Database/Connection.php(813): Illuminate\\Database\\MySqlConnection->Illuminate\\Database\\{closure}('insert into `te...', Array)
#2 /var/www/vendor/laravel/framework/src/Illuminate/Database/Connection.php(780): Illuminate\\Database\\Connection->runQueryCallback('insert into `te...', Array, Object(Closure))
#3 /var/www/vendor/laravel/framework/src/Illuminate/Database/MySqlConnection.php(42): Illuminate\\Database\\Connection->run('insert into `te...', Array, Object(Closure))
#4 /var/www/vendor/laravel/framework/src/Illuminate/Database/Query/Builder.php(3804): Illuminate\\Database\\MySqlConnection->insert('insert into `te...', Array)
#5 /var/www/vendor/laravel/telescope/src/Storage/DatabaseEntriesRepository.php(145): Illuminate\\Database\\Query\\Builder->insert(Array)
#6 /var/www/vendor/laravel/framework/src/Illuminate/Collections/Traits/EnumeratesValues.php(271): Laravel\\Telescope\\Storage\\DatabaseEntriesRepository->Laravel\\Telescope\\Storage\\{closure}(Object(Illuminate\\Support\\Collection), 0)
#7 /var/www/vendor/laravel/telescope/src/Storage/DatabaseEntriesRepository.php(144): Illuminate\\Support\\Collection->each(Object(Closure))
#8 /var/www/vendor/laravel/telescope/src/Telescope.php(664): Laravel\\Telescope\\Storage\\DatabaseEntriesRepository->store(Object(Illuminate\\Support\\Collection))
#9 [internal function]: Laravel\\Telescope\\Telescope::Laravel\\Telescope\\{closure}()
#10 /var/www/vendor/laravel/telescope/src/Telescope.php(289): call_user_func(Object(Closure))
#11 /var/www/vendor/laravel/telescope/src/Telescope.php(656): Laravel\\Telescope\\Telescope::withoutRecording(Object(Closure))
#12 /var/www/vendor/laravel/telescope/src/ListensForStorageOpportunities.php(65): Laravel\\Telescope\\Telescope::store(Object(Laravel\\Telescope\\Storage\\DatabaseEntriesRepository))
#13 /var/www/vendor/laravel/framework/src/Illuminate/Container/BoundMethod.php(36): Laravel\\Telescope\\Telescope::Laravel\\Telescope\\{closure}()
#14 /var/www/vendor/laravel/framework/src/Illuminate/Container/Util.php(43): Illuminate\\Container\\BoundMethod::Illuminate\\Container\\{closure}()
#15 /var/www/vendor/laravel/framework/src/Illuminate/Container/BoundMethod.php(84): Illuminate\\Container\\Util::unwrapIfClosure(Object(Closure))
#16 /var/www/vendor/laravel/framework/src/Illuminate/Container/BoundMethod.php(35): Illuminate\\Container\\BoundMethod::callBoundMethod(Object(Illuminate\\Foundation\\Application), Object(Closure), Object(Closure))
#17 /var/www/vendor/laravel/framework/src/Illuminate/Container/Container.php(807): Illuminate\\Container\\BoundMethod::call(Object(Illuminate\\Foundation\\Application), Object(Closure), Array, NULL)
#18 /var/www/vendor/laravel/framework/src/Illuminate/Foundation/Application.php(1466): Illuminate\\Container\\Container->call(Object(Closure))
#19 /var/www/vendor/laravel/framework/src/Illuminate/Foundation/Http/Kernel.php(217): Illuminate\\Foundation\\Application->terminate()
#20 /var/www/vendor/laravel/framework/src/Illuminate/Foundation/Application.php(1222): Illuminate\\Foundation\\Http\\Kernel->terminate(Object(Illuminate\\Http\\Request), Object(Illuminate\\Http\\JsonResponse))
#21 /var/www/public/index.php(14): Illuminate\\Foundation\\Application->handleRequest(Object(Illuminate\\Http\\Request))
#22 {main}
"} 
[2025-12-06 13:54:19] local.ERROR: No application encryption key has been specified. {"exception":"[object] (Illuminate\\Encryption\\MissingAppKeyException(code: 0): No application encryption key has been specified. at /var/www/vendor/laravel/framework/src/Illuminate/Encryption/EncryptionServiceProvider.php:83)
[stacktrace]
#0 /var/www/vendor/laravel/framework/src/Illuminate/Support/helpers.php(485): Illuminate\\Encryption\\EncryptionServiceProvider->Illuminate\\Encryption\\{closure}('')
#1 /var/www/vendor/laravel/framework/src/Illuminate/Encryption/EncryptionServiceProvider.php(81): tap('', Object(Closure))
#2 /var/www/vendor/laravel/framework/src/Illuminate/Encryption/EncryptionServiceProvider.php(64): Illuminate\\Encryption\\EncryptionServiceProvider->key(Array)
#3 /var/www/vendor/laravel/framework/src/Illuminate/Encryption/EncryptionServiceProvider.php(32): Illuminate\\Encryption\\EncryptionServiceProvider->parseKey(Array)
#4 /var/www/vendor/laravel/framework/src/Illuminate/Container/Container.php(1125): Illuminate\\Encryption\\EncryptionServiceProvider->Illuminate\\Encryption\\{closure}(Object(Illuminate\\Foundation\\Application), Array)
#5 /var/www/vendor/laravel/framework/src/Illuminate/Container/Container.php(943): Illuminate\\Container\\Container->build(Object(Closure))
#6 /var/www/vendor/laravel/framework/src/Illuminate/Foundation/Application.php(1078): Illuminate\\Container\\Container->resolve('encrypter', Array, true)
#7 /var/www/vendor/laravel/framework/src/Illuminate/Container/Container.php(874): Illuminate\\Foundation\\Application->resolve('encrypter', Array)
#8 /var/www/vendor/laravel/framework/src/Illuminate/Foundation/Application.php(1058): Illuminate\\Container\\Container->make('encrypter', Array)
#9 /var/www/vendor/laravel/framework/src/Illuminate/Container/Container.php(1350): Illuminate\\Foundation\\Application->make('encrypter')
#10 /var/www/vendor/laravel/framework/src/Illuminate/Container/Container.php(1249): Illuminate\\Container\\Container->resolveClass(Object(ReflectionParameter))
#11 /var/www/vendor/laravel/framework/src/Illuminate/Container/Container.php(1172): Illuminate\\Container\\Container->resolveDependencies(Array)
#12 /var/www/vendor/laravel/framework/src/Illuminate/Container/Container.php(943): Illuminate\\Container\\Container->build('Illuminate\\\\Cook...')
#13 /var/www/vendor/laravel/framework/src/Illuminate/Foundation/Application.php(1078): Illuminate\\Container\\Container->resolve('Illuminate\\\\Cook...', Array, true)
#14 /var/www/vendor/laravel/framework/src/Illuminate/Container/Container.php(874): Illuminate\\Foundation\\Application->resolve('Illuminate\\\\Cook...', Array)
#15 /var/www/vendor/laravel/framework/src/Illuminate/Foundation/Application.php(1058): Illuminate\\Container\\Container->make('Illuminate\\\\Cook...', Array)
#16 /var/www/vendor/laravel/framework/src/Illuminate/Pipeline/Pipeline.php(208): Illuminate\\Foundation\\Application->make('Illuminate\\\\Cook...')
#17 /var/www/vendor/laravel/framework/src/Illuminate/Pipeline/Pipeline.php(137): Illuminate\\Pipeline\\Pipeline->Illuminate\\Pipeline\\{closure}(Object(Illuminate\\Http\\Request))
#18 /var/www/vendor/laravel/framework/src/Illuminate/Routing/Router.php(821): Illuminate\\Pipeline\\Pipeline->then(Object(Closure))
#19 /var/www/vendor/laravel/framework/src/Illuminate/Routing/Router.php(800): Illuminate\\Routing\\Router->runRouteWithinStack(Object(Illuminate\\Routing\\Route), Object(Illuminate\\Http\\Request))
#20 /var/www/vendor/laravel/framework/src/Illuminate/Routing/Router.php(764): Illuminate\\Routing\\Router->runRoute(Object(Illuminate\\Http\\Request), Object(Illuminate\\Routing\\Route))
#21 /var/www/vendor/laravel/framework/src/Illuminate/Routing/Router.php(753): Illuminate\\Routing\\Router->dispatchToRoute(Object(Illuminate\\Http\\Request))
#22 /var/www/vendor/laravel/framework/src/Illuminate/Foundation/Http/Kernel.php(200): Illuminate\\Routing\\Router->dispatch(Object(Illuminate\\Http\\Request))
#23 /var/www/vendor/laravel/framework/src/Illuminate/Pipeline/Pipeline.php(180): Illuminate\\Foundation\\Http\\Kernel->Illuminate\\Foundation\\Http\\{closure}(Object(Illuminate\\Http\\Request))
#24 /var/www/vendor/laravel/framework/src/Illuminate/Foundation/Http/Middleware/TransformsRequest.php(21): Illuminate\\Pipeline\\Pipeline->Illuminate\\Pipeline\\{closure}(Object(Illuminate\\Http\\Request))
#25 /var/www/vendor/laravel/framework/src/Illuminate/Foundation/Http/Middleware/ConvertEmptyStringsToNull.php(31): Illuminate\\Foundation\\Http\\Middleware\\TransformsRequest->handle(Object(Illuminate\\Http\\Request), Object(Closure))
#26 /var/www/vendor/laravel/framework/src/Illuminate/Pipeline/Pipeline.php(219): Illuminate\\Foundation\\Http\\Middleware\\ConvertEmptyStringsToNull->handle(Object(Illuminate\\Http\\Request), Object(Closure))
#27 /var/www/vendor/laravel/framework/src/Illuminate/Foundation/Http/Middleware/TransformsRequest.php(21): Illuminate\\Pipeline\\Pipeline->Illuminate\\Pipeline\\{closure}(Object(Illuminate\\Http\\Request))
#28 /var/www/vendor/laravel/framework/src/Illuminate/Foundation/Http/Middleware/TrimStrings.php(51): Illuminate\\Foundation\\Http\\Middleware\\TransformsRequest->handle(Object(Illuminate\\Http\\Request), Object(Closure))
#29 /var/www/vendor/laravel/framework/src/Illuminate/Pipeline/Pipeline.php(219): Illuminate\\Foundation\\Http\\Middleware\\TrimStrings->handle(Object(Illuminate\\Http\\Request), Object(Closure))
#30 /var/www/vendor/laravel/framework/src/Illuminate/Http/Middleware/ValidatePostSize.php(27): Illuminate\\Pipeline\\Pipeline->Illuminate\\Pipeline\\{closure}(Object(Illuminate\\Http\\Request))
#31 /var/www/vendor/laravel/framework/src/Illuminate/Pipeline/Pipeline.php(219): Illuminate\\Http\\Middleware\\ValidatePostSize->handle(Object(Illuminate\\Http\\Request), Object(Closure))
#32 /var/www/vendor/laravel/framework/src/Illuminate/Foundation/Http/Middleware/PreventRequestsDuringMaintenance.php(109): Illuminate\\Pipeline\\Pipeline->Illuminate\\Pipeline\\{closure}(Object(Illuminate\\Http\\Request))
#33 /var/www/vendor/laravel/framework/src/Illuminate/Pipeline/Pipeline.php(219): Illuminate\\Foundation\\Http\\Middleware\\PreventRequestsDuringMaintenance->handle(Object(Illuminate\\Http\\Request), Object(Closure))
#34 /var/www/vendor/laravel/framework/src/Illuminate/Http/Middleware/HandleCors.php(48): Illuminate\\Pipeline\\Pipeline->Illuminate\\Pipeline\\{closure}(Object(Illuminate\\Http\\Request))
#35 /var/www/vendor/laravel/framework/src/Illuminate/Pipeline/Pipeline.php(219): Illuminate\\Http\\Middleware\\HandleCors->handle(Object(Illuminate\\Http\\Request), Object(Closure))
#36 /var/www/vendor/laravel/framework/src/Illuminate/Http/Middleware/TrustProxies.php(58): Illuminate\\Pipeline\\Pipeline->Illuminate\\Pipeline\\{closure}(Object(Illuminate\\Http\\Request))
#37 /var/www/vendor/laravel/framework/src/Illuminate/Pipeline/Pipeline.php(219): Illuminate\\Http\\Middleware\\TrustProxies->handle(Object(Illuminate\\Http\\Request), Object(Closure))
#38 /var/www/vendor/laravel/framework/src/Illuminate/Foundation/Http/Middleware/InvokeDeferredCallbacks.php(22): Illuminate\\Pipeline\\Pipeline->Illuminate\\Pipeline\\{closure}(Object(Illuminate\\Http\\Request))
#39 /var/www/vendor/laravel/framework/src/Illuminate/Pipeline/Pipeline.php(219): Illuminate\\Foundation\\Http\\Middleware\\InvokeDeferredCallbacks->handle(Object(Illuminate\\Http\\Request), Object(Closure))
#40 /var/www/vendor/laravel/framework/src/Illuminate/Http/Middleware/ValidatePathEncoding.php(26): Illuminate\\Pipeline\\Pipeline->Illuminate\\Pipeline\\{closure}(Object(Illuminate\\Http\\Request))
#41 /var/www/vendor/laravel/framework/src/Illuminate/Pipeline/Pipeline.php(219): Illuminate\\Http\\Middleware\\ValidatePathEncoding->handle(Object(Illuminate\\Http\\Request), Object(Closure))
#42 /var/www/vendor/laravel/framework/src/Illuminate/Pipeline/Pipeline.php(137): Illuminate\\Pipeline\\Pipeline->Illuminate\\Pipeline\\{closure}(Object(Illuminate\\Http\\Request))
#43 /var/www/vendor/laravel/framework/src/Illuminate/Foundation/Http/Kernel.php(175): Illuminate\\Pipeline\\Pipeline->then(Object(Closure))
#44 /var/www/vendor/laravel/framework/src/Illuminate/Foundation/Http/Kernel.php(144): Illuminate\\Foundation\\Http\\Kernel->sendRequestThroughRouter(Object(Illuminate\\Http\\Request))
#45 /var/www/vendor/laravel/framework/src/Illuminate/Foundation/Application.php(1220): Illuminate\\Foundation\\Http\\Kernel->handle(Object(Illuminate\\Http\\Request))
#46 /var/www/public/index.php(14): Illuminate\\Foundation\\Application->handleRequest(Object(Illuminate\\Http\\Request))
#47 {main}
"} 
[2025-12-06 13:54:22] local.ERROR: No application encryption key has been specified. {"exception":"[object] (Illuminate\\Encryption\\MissingAppKeyException(code: 0): No application encryption key has been specified. at /var/www/vendor/laravel/framework/src/Illuminate/Encryption/EncryptionServiceProvider.php:83)
[stacktrace]
#0 /var/www/vendor/laravel/framework/src/Illuminate/Support/helpers.php(485): Illuminate\\Encryption\\EncryptionServiceProvider->Illuminate\\Encryption\\{closure}('')
#1 /var/www/vendor/laravel/framework/src/Illuminate/Encryption/EncryptionServiceProvider.php(81): tap('', Object(Closure))
#2 /var/www/vendor/laravel/framework/src/Illuminate/Encryption/EncryptionServiceProvider.php(64): Illuminate\\Encryption\\EncryptionServiceProvider->key(Array)
#3 /var/www/vendor/laravel/framework/src/Illuminate/Encryption/EncryptionServiceProvider.php(32): Illuminate\\Encryption\\EncryptionServiceProvider->parseKey(Array)
#4 /var/www/vendor/laravel/framework/src/Illuminate/Container/Container.php(1125): Illuminate\\Encryption\\EncryptionServiceProvider->Illuminate\\Encryption\\{closure}(Object(Illuminate\\Foundation\\Application), Array)
#5 /var/www/vendor/laravel/framework/src/Illuminate/Container/Container.php(943): Illuminate\\Container\\Container->build(Object(Closure))
#6 /var/www/vendor/laravel/framework/src/Illuminate/Foundation/Application.php(1078): Illuminate\\Container\\Container->resolve('encrypter', Array, true)
#7 /var/www/vendor/laravel/framework/src/Illuminate/Container/Container.php(874): Illuminate\\Foundation\\Application->resolve('encrypter', Array)
#8 /var/www/vendor/laravel/framework/src/Illuminate/Foundation/Application.php(1058): Illuminate\\Container\\Container->make('encrypter', Array)
#9 /var/www/vendor/laravel/framework/src/Illuminate/Container/Container.php(1350): Illuminate\\Foundation\\Application->make('encrypter')
#10 /var/www/vendor/laravel/framework/src/Illuminate/Container/Container.php(1249): Illuminate\\Container\\Container->resolveClass(Object(ReflectionParameter))
#11 /var/www/vendor/laravel/framework/src/Illuminate/Container/Container.php(1172): Illuminate\\Container\\Container->resolveDependencies(Array)
#12 /var/www/vendor/laravel/framework/src/Illuminate/Container/Container.php(943): Illuminate\\Container\\Container->build('Illuminate\\\\Cook...')
#13 /var/www/vendor/laravel/framework/src/Illuminate/Foundation/Application.php(1078): Illuminate\\Container\\Container->resolve('Illuminate\\\\Cook...', Array, true)
#14 /var/www/vendor/laravel/framework/src/Illuminate/Container/Container.php(874): Illuminate\\Foundation\\Application->resolve('Illuminate\\\\Cook...', Array)
#15 /var/www/vendor/laravel/framework/src/Illuminate/Foundation/Application.php(1058): Illuminate\\Container\\Container->make('Illuminate\\\\Cook...', Array)
#16 /var/www/vendor/laravel/framework/src/Illuminate/Foundation/Http/Kernel.php(257): Illuminate\\Foundation\\Application->make('Illuminate\\\\Cook...')
#17 /var/www/vendor/laravel/framework/src/Illuminate/Foundation/Http/Kernel.php(215): Illuminate\\Foundation\\Http\\Kernel->terminateMiddleware(Object(Illuminate\\Http\\Request), Object(Illuminate\\Http\\Response))
#18 /var/www/vendor/laravel/framework/src/Illuminate/Foundation/Application.php(1222): Illuminate\\Foundation\\Http\\Kernel->terminate(Object(Illuminate\\Http\\Request), Object(Illuminate\\Http\\Response))
#19 /var/www/public/index.php(14): Illuminate\\Foundation\\Application->handleRequest(Object(Illuminate\\Http\\Request))
#20 {main}
"} 
[2025-12-06 13:54:29] local.ERROR: SQLSTATE[42S02]: Base table or view not found: 1146 Table 'laravel.telescope_entries' doesn't exist (Connection: mysql, SQL: insert into `telescope_entries` (`batch_id`, `content`, `created_at`, `family_hash`, `type`, `uuid`) values (a0874a41-51bc-4ba1-b4e6-91ffd8178483, {"command":"key:generate","exit_code":0,"arguments":{"command":"key:generate"},"options":{"show":false,"force":false,"help":false,"silent":false,"quiet":false,"verbose":false,"version":false,"ansi":null,"no-interaction":false,"env":null},"hostname":"49d393383261"}, 2025-12-06 13:54:28, ?, command, a0874a40-7049-40d7-a2b7-35bf57641e4f)) {"exception":"[object] (Illuminate\\Database\\QueryException(code: 42S02): SQLSTATE[42S02]: Base table or view not found: 1146 Table 'laravel.telescope_entries' doesn't exist (Connection: mysql, SQL: insert into `telescope_entries` (`batch_id`, `content`, `created_at`, `family_hash`, `type`, `uuid`) values (a0874a41-51bc-4ba1-b4e6-91ffd8178483, {\"command\":\"key:generate\",\"exit_code\":0,\"arguments\":{\"command\":\"key:generate\"},\"options\":{\"show\":false,\"force\":false,\"help\":false,\"silent\":false,\"quiet\":false,\"verbose\":false,\"version\":false,\"ansi\":null,\"no-interaction\":false,\"env\":null},\"hostname\":\"49d393383261\"}, 2025-12-06 13:54:28, ?, command, a0874a40-7049-40d7-a2b7-35bf57641e4f)) at /var/www/vendor/laravel/framework/src/Illuminate/Database/Connection.php:826)
[stacktrace]
#0 /var/www/vendor/laravel/framework/src/Illuminate/Database/Connection.php(780): Illuminate\\Database\\Connection->runQueryCallback('insert into `te...', Array, Object(Closure))
#1 /var/www/vendor/laravel/framework/src/Illuminate/Database/MySqlConnection.php(42): Illuminate\\Database\\Connection->run('insert into `te...', Array, Object(Closure))
#2 /var/www/vendor/laravel/framework/src/Illuminate/Database/Query/Builder.php(3804): Illuminate\\Database\\MySqlConnection->insert('insert into `te...', Array)
#3 /var/www/vendor/laravel/telescope/src/Storage/DatabaseEntriesRepository.php(145): Illuminate\\Database\\Query\\Builder->insert(Array)
#4 /var/www/vendor/laravel/framework/src/Illuminate/Collections/Traits/EnumeratesValues.php(271): Laravel\\Telescope\\Storage\\DatabaseEntriesRepository->Laravel\\Telescope\\Storage\\{closure}(Object(Illuminate\\Support\\Collection), 0)
#5 /var/www/vendor/laravel/telescope/src/Storage/DatabaseEntriesRepository.php(144): Illuminate\\Support\\Collection->each(Object(Closure))
#6 /var/www/vendor/laravel/telescope/src/Telescope.php(664): Laravel\\Telescope\\Storage\\DatabaseEntriesRepository->store(Object(Illuminate\\Support\\Collection))
#7 [internal function]: Laravel\\Telescope\\Telescope::Laravel\\Telescope\\{closure}()
#8 /var/www/vendor/laravel/telescope/src/Telescope.php(289): call_user_func(Object(Closure))
#9 /var/www/vendor/laravel/telescope/src/Telescope.php(656): Laravel\\Telescope\\Telescope::withoutRecording(Object(Closure))
#10 /var/www/vendor/laravel/telescope/src/ListensForStorageOpportunities.php(65): Laravel\\Telescope\\Telescope::store(Object(Laravel\\Telescope\\Storage\\DatabaseEntriesRepository))
#11 /var/www/vendor/laravel/framework/src/Illuminate/Container/BoundMethod.php(36): Laravel\\Telescope\\Telescope::Laravel\\Telescope\\{closure}()
#12 /var/www/vendor/laravel/framework/src/Illuminate/Container/Util.php(43): Illuminate\\Container\\BoundMethod::Illuminate\\Container\\{closure}()
#13 /var/www/vendor/laravel/framework/src/Illuminate/Container/BoundMethod.php(84): Illuminate\\Container\\Util::unwrapIfClosure(Object(Closure))
#14 /var/www/vendor/laravel/framework/src/Illuminate/Container/BoundMethod.php(35): Illuminate\\Container\\BoundMethod::callBoundMethod(Object(Illuminate\\Foundation\\Application), Object(Closure), Object(Closure))
#15 /var/www/vendor/laravel/framework/src/Illuminate/Container/Container.php(807): Illuminate\\Container\\BoundMethod::call(Object(Illuminate\\Foundation\\Application), Object(Closure), Array, NULL)
#16 /var/www/vendor/laravel/framework/src/Illuminate/Foundation/Application.php(1466): Illuminate\\Container\\Container->call(Object(Closure))
#17 /var/www/vendor/laravel/framework/src/Illuminate/Foundation/Console/Kernel.php(218): Illuminate\\Foundation\\Application->terminate()
#18 /var/www/artisan(17): Illuminate\\Foundation\\Console\\Kernel->terminate(Object(Symfony\\Component\\Console\\Input\\ArgvInput), 0)
#19 {main}

[previous exception] [object] (PDOException(code: 42S02): SQLSTATE[42S02]: Base table or view not found: 1146 Table 'laravel.telescope_entries' doesn't exist at /var/www/vendor/laravel/framework/src/Illuminate/Database/MySqlConnection.php:47)
[stacktrace]
#0 /var/www/vendor/laravel/framework/src/Illuminate/Database/MySqlConnection.php(47): PDO->prepare('insert into `te...')
#1 /var/www/vendor/laravel/framework/src/Illuminate/Database/Connection.php(813): Illuminate\\Database\\MySqlConnection->Illuminate\\Database\\{closure}('insert into `te...', Array)
#2 /var/www/vendor/laravel/framework/src/Illuminate/Database/Connection.php(780): Illuminate\\Database\\Connection->runQueryCallback('insert into `te...', Array, Object(Closure))
#3 /var/www/vendor/laravel/framework/src/Illuminate/Database/MySqlConnection.php(42): Illuminate\\Database\\Connection->run('insert into `te...', Array, Object(Closure))
#4 /var/www/vendor/laravel/framework/src/Illuminate/Database/Query/Builder.php(3804): Illuminate\\Database\\MySqlConnection->insert('insert into `te...', Array)
#5 /var/www/vendor/laravel/telescope/src/Storage/DatabaseEntriesRepository.php(145): Illuminate\\Database\\Query\\Builder->insert(Array)
#6 /var/www/vendor/laravel/framework/src/Illuminate/Collections/Traits/EnumeratesValues.php(271): Laravel\\Telescope\\Storage\\DatabaseEntriesRepository->Laravel\\Telescope\\Storage\\{closure}(Object(Illuminate\\Support\\Collection), 0)
#7 /var/www/vendor/laravel/telescope/src/Storage/DatabaseEntriesRepository.php(144): Illuminate\\Support\\Collection->each(Object(Closure))
#8 /var/www/vendor/laravel/telescope/src/Telescope.php(664): Laravel\\Telescope\\Storage\\DatabaseEntriesRepository->store(Object(Illuminate\\Support\\Collection))
#9 [internal function]: Laravel\\Telescope\\Telescope::Laravel\\Telescope\\{closure}()
#10 /var/www/vendor/laravel/telescope/src/Telescope.php(289): call_user_func(Object(Closure))
#11 /var/www/vendor/laravel/telescope/src/Telescope.php(656): Laravel\\Telescope\\Telescope::withoutRecording(Object(Closure))
#12 /var/www/vendor/laravel/telescope/src/ListensForStorageOpportunities.php(65): Laravel\\Telescope\\Telescope::store(Object(Laravel\\Telescope\\Storage\\DatabaseEntriesRepository))
#13 /var/www/vendor/laravel/framework/src/Illuminate/Container/BoundMethod.php(36): Laravel\\Telescope\\Telescope::Laravel\\Telescope\\{closure}()
#14 /var/www/vendor/laravel/framework/src/Illuminate/Container/Util.php(43): Illuminate\\Container\\BoundMethod::Illuminate\\Container\\{closure}()
#15 /var/www/vendor/laravel/framework/src/Illuminate/Container/BoundMethod.php(84): Illuminate\\Container\\Util::unwrapIfClosure(Object(Closure))
#16 /var/www/vendor/laravel/framework/src/Illuminate/Container/BoundMethod.php(35): Illuminate\\Container\\BoundMethod::callBoundMethod(Object(Illuminate\\Foundation\\Application), Object(Closure), Object(Closure))
#17 /var/www/vendor/laravel/framework/src/Illuminate/Container/Container.php(807): Illuminate\\Container\\BoundMethod::call(Object(Illuminate\\Foundation\\Application), Object(Closure), Array, NULL)
#18 /var/www/vendor/laravel/framework/src/Illuminate/Foundation/Application.php(1466): Illuminate\\Container\\Container->call(Object(Closure))
#19 /var/www/vendor/laravel/framework/src/Illuminate/Foundation/Console/Kernel.php(218): Illuminate\\Foundation\\Application->terminate()
#20 /var/www/artisan(17): Illuminate\\Foundation\\Console\\Kernel->terminate(Object(Symfony\\Component\\Console\\Input\\ArgvInput), 0)
#21 {main}
"} 
[2025-12-06 13:54:31] local.ERROR: SQLSTATE[42S02]: Base table or view not found: 1146 Table 'laravel.telescope_entries' doesn't exist (Connection: mysql, SQL: insert into `telescope_entries` (`batch_id`, `content`, `created_at`, `family_hash`, `type`, `uuid`) values (a0874a45-8017-4303-a7bf-575dca5006ae, {"ip_address":"172.21.0.1","uri":"\/_ignition\/health-check","method":"GET","controller_action":"Spatie\\LaravelIgnition\\Http\\Controllers\\HealthCheckController","middleware":["Spatie\\LaravelIgnition\\Http\\Middleware\\RunnableSolutionsEnabled"],"headers":{"cookie":"poptin_user_id=0.st60folkka8; _fbp=fb.0.1761826469481.74429153274069935; poptin_last_visit=2025-10-30; _ga=GA1.1.1902870840.1761826601; rl_anonymous_id=RudderEncrypt%3AU2FsdGVkX1%2FME%2BJPPMmc8AFMSDSacZ%2BL1BuE19fbMZbEVmqFIsCrmi926kXEtXomeEWTuFGEz6UOZ1ZXNacJGg%3D%3D; rl_page_init_referrer=RudderEncrypt%3AU2FsdGVkX19IdXNxk8v4OBkGYA%2FsvR6s5TPdPYZZrU0%3D; rl_page_init_referring_domain=RudderEncrypt%3AU2FsdGVkX18%2BsUiiR4QbJLRO0TMdH8J0x%2FjSVsjUDxE%3D; rl_session=RudderEncrypt%3AU2FsdGVkX19cr6R8p0bDyt%2F%2F%2FYjH4wXENdOQ6%2FTkSjAT1iJTgFSoHhQZdAI8GlNp2iwg2SUcH2uUU8Jr6u32Q5KCHR34lamBmD16uKh22hziLmq7fWyu2lOTyQ0rB1dHOriYlwqRgosQEQp6%2By4inA%3D%3D; XSRF-TOKEN=eyJpdiI6Im85RTd1RDVLditTbDdzRmwvanF2NkE9PSIsInZhbHVlIjoiUVI5V3p4N0RIQll1clVvQkE5VThXc1A5UktuM2IwOXYvbEJPYkZlU245WFl6Z2paTVRFRDQxb3BqRUZhRGZieHNhWjBwQ3UvOGE3Ri9Xb0lFVndRbnQwTmUwR2RMRDVwNHlhVEZ1cUNvTXFzOU1CSlRxNkU0OEpFRGQzOU5MdUUiLCJtYWMiOiJkZjhkZmI5YjBmMzEwODI5OTgzZjM5NTFmODFkYTg2NTczNDM1MTE0MDkzNzljOWRiMTJjNGNmMTUzMjE0N2E1IiwidGFnIjoiIn0%3D; laravel_session=eyJpdiI6Img5aCtwUUEwZUthaHNxZUxmTkxBdEE9PSIsInZhbHVlIjoiRXg3Z1dSL2lpMGwxT2ZCSmRUZFdPNHllaEl6dG9QSmNCdFA4a2NnZEM4WjB4cWlmd3VlakNNNnoybnJDczhPaGdsS0oxVWRGcllEWkVGOGtDbkN0ajJla0NuM29oVUtySjUxN1hGck5XaFNtYzFmZ0xPYXhLOUpOKzVYenFnZTciLCJtYWMiOiI4YzU2ZWJjZWFiMzEyZWUxMjE2ZjY5ZjhjYjk4ZWZkNTZmY2ViMTYyYWJjMGViZDI1YjFmNThhNGE4YjY0NzIzIiwidGFnIjoiIn0%3D","accept-language":"en-US,en;q=0.9","accept-encoding":"gzip, deflate, br, zstd","referer":"http:\/\/localhost\/","sec-fetch-dest":"empty","sec-fetch-mode":"cors","sec-fetch-site":"same-origin","accept":"*\/*","sec-ch-ua-mobile":"?0","sec-ch-ua":"\"Chromium\";v=\"142\", \"Google Chrome\";v=\"142\", \"Not_A Brand\";v=\"99\"","user-agent":"Mozilla\/5.0 (Windows NT 10.0; Win64; x64) AppleWebKit\/537.36 (KHTML, like Gecko) Chrome\/142.0.0.0 Safari\/537.36","sec-ch-ua-platform":"\"Windows\"","connection":"keep-alive","host":"localhost"},"payload":[],"session":[],"response_headers":{"cache-control":"no-cache, private","date":"Sat, 06 Dec 2025 13:54:30 GMT","content-type":"application\/json"},"response_status":200,"response":{"can_execute_commands":true},"duration":7585,"memory":2,"hostname":"49d393383261"}, 2025-12-06 13:54:30, ?, request, a0874a45-4c7c-4180-815c-d5a894ecc897)) {"exception":"[object] (Illuminate\\Database\\QueryException(code: 42S02): SQLSTATE[42S02]: Base table or view not found: 1146 Table 'laravel.telescope_entries' doesn't exist (Connection: mysql, SQL: insert into `telescope_entries` (`batch_id`, `content`, `created_at`, `family_hash`, `type`, `uuid`) values (a0874a45-8017-4303-a7bf-575dca5006ae, {\"ip_address\":\"172.21.0.1\",\"uri\":\"\\/_ignition\\/health-check\",\"method\":\"GET\",\"controller_action\":\"Spatie\\\\LaravelIgnition\\\\Http\\\\Controllers\\\\HealthCheckController\",\"middleware\":[\"Spatie\\\\LaravelIgnition\\\\Http\\\\Middleware\\\\RunnableSolutionsEnabled\"],\"headers\":{\"cookie\":\"poptin_user_id=0.st60folkka8; _fbp=fb.0.1761826469481.74429153274069935; poptin_last_visit=2025-10-30; _ga=GA1.1.1902870840.1761826601; rl_anonymous_id=RudderEncrypt%3AU2FsdGVkX1%2FME%2BJPPMmc8AFMSDSacZ%2BL1BuE19fbMZbEVmqFIsCrmi926kXEtXomeEWTuFGEz6UOZ1ZXNacJGg%3D%3D; rl_page_init_referrer=RudderEncrypt%3AU2FsdGVkX19IdXNxk8v4OBkGYA%2FsvR6s5TPdPYZZrU0%3D; rl_page_init_referring_domain=RudderEncrypt%3AU2FsdGVkX18%2BsUiiR4QbJLRO0TMdH8J0x%2FjSVsjUDxE%3D; rl_session=RudderEncrypt%3AU2FsdGVkX19cr6R8p0bDyt%2F%2F%2FYjH4wXENdOQ6%2FTkSjAT1iJTgFSoHhQZdAI8GlNp2iwg2SUcH2uUU8Jr6u32Q5KCHR34lamBmD16uKh22hziLmq7fWyu2lOTyQ0rB1dHOriYlwqRgosQEQp6%2By4inA%3D%3D; XSRF-TOKEN=eyJpdiI6Im85RTd1RDVLditTbDdzRmwvanF2NkE9PSIsInZhbHVlIjoiUVI5V3p4N0RIQll1clVvQkE5VThXc1A5UktuM2IwOXYvbEJPYkZlU245WFl6Z2paTVRFRDQxb3BqRUZhRGZieHNhWjBwQ3UvOGE3Ri9Xb0lFVndRbnQwTmUwR2RMRDVwNHlhVEZ1cUNvTXFzOU1CSlRxNkU0OEpFRGQzOU5MdUUiLCJtYWMiOiJkZjhkZmI5YjBmMzEwODI5OTgzZjM5NTFmODFkYTg2NTczNDM1MTE0MDkzNzljOWRiMTJjNGNmMTUzMjE0N2E1IiwidGFnIjoiIn0%3D; laravel_session=eyJpdiI6Img5aCtwUUEwZUthaHNxZUxmTkxBdEE9PSIsInZhbHVlIjoiRXg3Z1dSL2lpMGwxT2ZCSmRUZFdPNHllaEl6dG9QSmNCdFA4a2NnZEM4WjB4cWlmd3VlakNNNnoybnJDczhPaGdsS0oxVWRGcllEWkVGOGtDbkN0ajJla0NuM29oVUtySjUxN1hGck5XaFNtYzFmZ0xPYXhLOUpOKzVYenFnZTciLCJtYWMiOiI4YzU2ZWJjZWFiMzEyZWUxMjE2ZjY5ZjhjYjk4ZWZkNTZmY2ViMTYyYWJjMGViZDI1YjFmNThhNGE4YjY0NzIzIiwidGFnIjoiIn0%3D\",\"accept-language\":\"en-US,en;q=0.9\",\"accept-encoding\":\"gzip, deflate, br, zstd\",\"referer\":\"http:\\/\\/localhost\\/\",\"sec-fetch-dest\":\"empty\",\"sec-fetch-mode\":\"cors\",\"sec-fetch-site\":\"same-origin\",\"accept\":\"*\\/*\",\"sec-ch-ua-mobile\":\"?0\",\"sec-ch-ua\":\"\\\"Chromium\\\";v=\\\"142\\\", \\\"Google Chrome\\\";v=\\\"142\\\", \\\"Not_A Brand\\\";v=\\\"99\\\"\",\"user-agent\":\"Mozilla\\/5.0 (Windows NT 10.0; Win64; x64) AppleWebKit\\/537.36 (KHTML, like Gecko) Chrome\\/142.0.0.0 Safari\\/537.36\",\"sec-ch-ua-platform\":\"\\\"Windows\\\"\",\"connection\":\"keep-alive\",\"host\":\"localhost\"},\"payload\":[],\"session\":[],\"response_headers\":{\"cache-control\":\"no-cache, private\",\"date\":\"Sat, 06 Dec 2025 13:54:30 GMT\",\"content-type\":\"application\\/json\"},\"response_status\":200,\"response\":{\"can_execute_commands\":true},\"duration\":7585,\"memory\":2,\"hostname\":\"49d393383261\"}, 2025-12-06 13:54:30, ?, request, a0874a45-4c7c-4180-815c-d5a894ecc897)) at /var/www/vendor/laravel/framework/src/Illuminate/Database/Connection.php:826)
[stacktrace]
#0 /var/www/vendor/laravel/framework/src/Illuminate/Database/Connection.php(780): Illuminate\\Database\\Connection->runQueryCallback('insert into `te...', Array, Object(Closure))
#1 /var/www/vendor/laravel/framework/src/Illuminate/Database/MySqlConnection.php(42): Illuminate\\Database\\Connection->run('insert into `te...', Array, Object(Closure))
#2 /var/www/vendor/laravel/framework/src/Illuminate/Database/Query/Builder.php(3804): Illuminate\\Database\\MySqlConnection->insert('insert into `te...', Array)
#3 /var/www/vendor/laravel/telescope/src/Storage/DatabaseEntriesRepository.php(145): Illuminate\\Database\\Query\\Builder->insert(Array)
#4 /var/www/vendor/laravel/framework/src/Illuminate/Collections/Traits/EnumeratesValues.php(271): Laravel\\Telescope\\Storage\\DatabaseEntriesRepository->Laravel\\Telescope\\Storage\\{closure}(Object(Illuminate\\Support\\Collection), 0)
#5 /var/www/vendor/laravel/telescope/src/Storage/DatabaseEntriesRepository.php(144): Illuminate\\Support\\Collection->each(Object(Closure))
#6 /var/www/vendor/laravel/telescope/src/Telescope.php(664): Laravel\\Telescope\\Storage\\DatabaseEntriesRepository->store(Object(Illuminate\\Support\\Collection))
#7 [internal function]: Laravel\\Telescope\\Telescope::Laravel\\Telescope\\{closure}()
#8 /var/www/vendor/laravel/telescope/src/Telescope.php(289): call_user_func(Object(Closure))
#9 /var/www/vendor/laravel/telescope/src/Telescope.php(656): Laravel\\Telescope\\Telescope::withoutRecording(Object(Closure))
#10 /var/www/vendor/laravel/telescope/src/ListensForStorageOpportunities.php(65): Laravel\\Telescope\\Telescope::store(Object(Laravel\\Telescope\\Storage\\DatabaseEntriesRepository))
#11 /var/www/vendor/laravel/framework/src/Illuminate/Container/BoundMethod.php(36): Laravel\\Telescope\\Telescope::Laravel\\Telescope\\{closure}()
#12 /var/www/vendor/laravel/framework/src/Illuminate/Container/Util.php(43): Illuminate\\Container\\BoundMethod::Illuminate\\Container\\{closure}()
#13 /var/www/vendor/laravel/framework/src/Illuminate/Container/BoundMethod.php(84): Illuminate\\Container\\Util::unwrapIfClosure(Object(Closure))
#14 /var/www/vendor/laravel/framework/src/Illuminate/Container/BoundMethod.php(35): Illuminate\\Container\\BoundMethod::callBoundMethod(Object(Illuminate\\Foundation\\Application), Object(Closure), Object(Closure))
#15 /var/www/vendor/laravel/framework/src/Illuminate/Container/Container.php(807): Illuminate\\Container\\BoundMethod::call(Object(Illuminate\\Foundation\\Application), Object(Closure), Array, NULL)
#16 /var/www/vendor/laravel/framework/src/Illuminate/Foundation/Application.php(1466): Illuminate\\Container\\Container->call(Object(Closure))
#17 /var/www/vendor/laravel/framework/src/Illuminate/Foundation/Http/Kernel.php(217): Illuminate\\Foundation\\Application->terminate()
#18 /var/www/vendor/laravel/framework/src/Illuminate/Foundation/Application.php(1222): Illuminate\\Foundation\\Http\\Kernel->terminate(Object(Illuminate\\Http\\Request), Object(Illuminate\\Http\\JsonResponse))
#19 /var/www/public/index.php(14): Illuminate\\Foundation\\Application->handleRequest(Object(Illuminate\\Http\\Request))
#20 {main}

[previous exception] [object] (PDOException(code: 42S02): SQLSTATE[42S02]: Base table or view not found: 1146 Table 'laravel.telescope_entries' doesn't exist at /var/www/vendor/laravel/framework/src/Illuminate/Database/MySqlConnection.php:47)
[stacktrace]
#0 /var/www/vendor/laravel/framework/src/Illuminate/Database/MySqlConnection.php(47): PDO->prepare('insert into `te...')
#1 /var/www/vendor/laravel/framework/src/Illuminate/Database/Connection.php(813): Illuminate\\Database\\MySqlConnection->Illuminate\\Database\\{closure}('insert into `te...', Array)
#2 /var/www/vendor/laravel/framework/src/Illuminate/Database/Connection.php(780): Illuminate\\Database\\Connection->runQueryCallback('insert into `te...', Array, Object(Closure))
#3 /var/www/vendor/laravel/framework/src/Illuminate/Database/MySqlConnection.php(42): Illuminate\\Database\\Connection->run('insert into `te...', Array, Object(Closure))
#4 /var/www/vendor/laravel/framework/src/Illuminate/Database/Query/Builder.php(3804): Illuminate\\Database\\MySqlConnection->insert('insert into `te...', Array)
#5 /var/www/vendor/laravel/telescope/src/Storage/DatabaseEntriesRepository.php(145): Illuminate\\Database\\Query\\Builder->insert(Array)
#6 /var/www/vendor/laravel/framework/src/Illuminate/Collections/Traits/EnumeratesValues.php(271): Laravel\\Telescope\\Storage\\DatabaseEntriesRepository->Laravel\\Telescope\\Storage\\{closure}(Object(Illuminate\\Support\\Collection), 0)
#7 /var/www/vendor/laravel/telescope/src/Storage/DatabaseEntriesRepository.php(144): Illuminate\\Support\\Collection->each(Object(Closure))
#8 /var/www/vendor/laravel/telescope/src/Telescope.php(664): Laravel\\Telescope\\Storage\\DatabaseEntriesRepository->store(Object(Illuminate\\Support\\Collection))
#9 [internal function]: Laravel\\Telescope\\Telescope::Laravel\\Telescope\\{closure}()
#10 /var/www/vendor/laravel/telescope/src/Telescope.php(289): call_user_func(Object(Closure))
#11 /var/www/vendor/laravel/telescope/src/Telescope.php(656): Laravel\\Telescope\\Telescope::withoutRecording(Object(Closure))
#12 /var/www/vendor/laravel/telescope/src/ListensForStorageOpportunities.php(65): Laravel\\Telescope\\Telescope::store(Object(Laravel\\Telescope\\Storage\\DatabaseEntriesRepository))
#13 /var/www/vendor/laravel/framework/src/Illuminate/Container/BoundMethod.php(36): Laravel\\Telescope\\Telescope::Laravel\\Telescope\\{closure}()
#14 /var/www/vendor/laravel/framework/src/Illuminate/Container/Util.php(43): Illuminate\\Container\\BoundMethod::Illuminate\\Container\\{closure}()
#15 /var/www/vendor/laravel/framework/src/Illuminate/Container/BoundMethod.php(84): Illuminate\\Container\\Util::unwrapIfClosure(Object(Closure))
#16 /var/www/vendor/laravel/framework/src/Illuminate/Container/BoundMethod.php(35): Illuminate\\Container\\BoundMethod::callBoundMethod(Object(Illuminate\\Foundation\\Application), Object(Closure), Object(Closure))
#17 /var/www/vendor/laravel/framework/src/Illuminate/Container/Container.php(807): Illuminate\\Container\\BoundMethod::call(Object(Illuminate\\Foundation\\Application), Object(Closure), Array, NULL)
#18 /var/www/vendor/laravel/framework/src/Illuminate/Foundation/Application.php(1466): Illuminate\\Container\\Container->call(Object(Closure))
#19 /var/www/vendor/laravel/framework/src/Illuminate/Foundation/Http/Kernel.php(217): Illuminate\\Foundation\\Application->terminate()
#20 /var/www/vendor/laravel/framework/src/Illuminate/Foundation/Application.php(1222): Illuminate\\Foundation\\Http\\Kernel->terminate(Object(Illuminate\\Http\\Request), Object(Illuminate\\Http\\JsonResponse))
#21 /var/www/public/index.php(14): Illuminate\\Foundation\\Application->handleRequest(Object(Illuminate\\Http\\Request))
#22 {main}
"} 
[2025-12-06 13:54:42] local.ERROR: SQLSTATE[42S02]: Base table or view not found: 1146 Table 'laravel.telescope_entries' doesn't exist (Connection: mysql, SQL: insert into `telescope_entries` (`batch_id`, `content`, `created_at`, `family_hash`, `type`, `uuid`) values (a0874a56-ea79-4ffc-a190-73e00f0fdece, {"connection":"default","command":"get laravel_cache_fj3KhluAXAnxLxqWBHO41VwylvnMM00CD3uua5ux","time":"0.17","hostname":"49d393383261"}, 2025-12-06 13:54:40, ?, redis, a0874a53-313a-4e80-8e2f-246194a0d8e3), (a0874a56-ea79-4ffc-a190-73e00f0fdece, {"type":"missed","key":"fj3KhluAXAnxLxqWBHO41VwylvnMM00CD3uua5ux","hostname":"49d393383261"}, 2025-12-06 13:54:40, ?, cache, a0874a53-5cd2-411d-afcc-9d27af27237f), (a0874a56-ea79-4ffc-a190-73e00f0fdece, {"name":"app","path":"\/resources\/views\/app.blade.php","data":["page"],"hostname":"49d393383261"}, 2025-12-06 13:54:40, ?, view, a0874a54-c310-4fa9-919a-f45f10c8ca1d), (a0874a56-ea79-4ffc-a190-73e00f0fdece, {"connection":"default","command":"setex laravel_cache_fj3KhluAXAnxLxqWBHO41VwylvnMM00CD3uua5ux 7200 s:188:\"a:3:{s:6:\"_token\";s:40:\"6wR7qUVSv9elEu63t5FY2ZNv1Iu8XC3t3T2iiaA2\";s:9:\"_previous\";a:2:{s:3:\"url\";s:16:\"http:\/\/localhost\";s:5:\"route\";N;}s:6:\"_flash\";a:2:{s:3:\"old\";a:0:{}s:3:\"new\";a:0:{}}}\";","time":"0.40","hostname":"49d393383261"}, 2025-12-06 13:54:42, ?, redis, a0874a56-9705-447b-8a7b-e16c46bf949f), (a0874a56-ea79-4ffc-a190-73e00f0fdece, {"type":"set","key":"fj3KhluAXAnxLxqWBHO41VwylvnMM00CD3uua5ux","value":"a:3:{s:6:\"_token\";s:40:\"6wR7qUVSv9elEu63t5FY2ZNv1Iu8XC3t3T2iiaA2\";s:9:\"_previous\";a:2:{s:3:\"url\";s:16:\"http:\/\/localhost\";s:5:\"route\";N;}s:6:\"_flash\";a:2:{s:3:\"old\";a:0:{}s:3:\"new\";a:0:{}}}","expiration":7200,"hostname":"49d393383261"}, 2025-12-06 13:54:42, ?, cache, a0874a56-9c97-4eaa-9841-d6b32fa275fb), (a0874a56-ea79-4ffc-a190-73e00f0fdece, {"ip_address":"172.21.0.1","uri":"\/","method":"GET","controller_action":"Closure","middleware":["web"],"headers":{"cookie":"poptin_user_id=0.st60folkka8; _fbp=fb.0.1761826469481.74429153274069935; poptin_last_visit=2025-10-30; _ga=GA1.1.1902870840.1761826601; rl_anonymous_id=RudderEncrypt%3AU2FsdGVkX1%2FME%2BJPPMmc8AFMSDSacZ%2BL1BuE19fbMZbEVmqFIsCrmi926kXEtXomeEWTuFGEz6UOZ1ZXNacJGg%3D%3D; rl_page_init_referrer=RudderEncrypt%3AU2FsdGVkX19IdXNxk8v4OBkGYA%2FsvR6s5TPdPYZZrU0%3D; rl_page_init_referring_domain=RudderEncrypt%3AU2FsdGVkX18%2BsUiiR4QbJLRO0TMdH8J0x%2FjSVsjUDxE%3D; rl_session=RudderEncrypt%3AU2FsdGVkX19cr6R8p0bDyt%2F%2F%2FYjH4wXENdOQ6%2FTkSjAT1iJTgFSoHhQZdAI8GlNp2iwg2SUcH2uUU8Jr6u32Q5KCHR34lamBmD16uKh22hziLmq7fWyu2lOTyQ0rB1dHOriYlwqRgosQEQp6%2By4inA%3D%3D; XSRF-TOKEN=eyJpdiI6Im85RTd1RDVLditTbDdzRmwvanF2NkE9PSIsInZhbHVlIjoiUVI5V3p4N0RIQll1clVvQkE5VThXc1A5UktuM2IwOXYvbEJPYkZlU245WFl6Z2paTVRFRDQxb3BqRUZhRGZieHNhWjBwQ3UvOGE3Ri9Xb0lFVndRbnQwTmUwR2RMRDVwNHlhVEZ1cUNvTXFzOU1CSlRxNkU0OEpFRGQzOU5MdUUiLCJtYWMiOiJkZjhkZmI5YjBmMzEwODI5OTgzZjM5NTFmODFkYTg2NTczNDM1MTE0MDkzNzljOWRiMTJjNGNmMTUzMjE0N2E1IiwidGFnIjoiIn0%3D; laravel_session=eyJpdiI6Img5aCtwUUEwZUthaHNxZUxmTkxBdEE9PSIsInZhbHVlIjoiRXg3Z1dSL2lpMGwxT2ZCSmRUZFdPNHllaEl6dG9QSmNCdFA4a2NnZEM4WjB4cWlmd3VlakNNNnoybnJDczhPaGdsS0oxVWRGcllEWkVGOGtDbkN0ajJla0NuM29oVUtySjUxN1hGck5XaFNtYzFmZ0xPYXhLOUpOKzVYenFnZTciLCJtYWMiOiI4YzU2ZWJjZWFiMzEyZWUxMjE2ZjY5ZjhjYjk4ZWZkNTZmY2ViMTYyYWJjMGViZDI1YjFmNThhNGE4YjY0NzIzIiwidGFnIjoiIn0%3D","accept-language":"en-US,en;q=0.9","accept-encoding":"gzip, deflate, br, zstd","sec-fetch-dest":"document","sec-fetch-user":"?1","sec-fetch-mode":"navigate","sec-fetch-site":"none","accept":"text\/html,application\/xhtml+xml,application\/xml;q=0.9,image\/avif,image\/webp,image\/apng,*\/*;q=0.8,application\/signed-exchange;v=b3;q=0.7","user-agent":"Mozilla\/5.0 (Windows NT 10.0; Win64; x64) AppleWebKit\/537.36 (KHTML, like Gecko) Chrome\/142.0.0.0 Safari\/537.36","upgrade-insecure-requests":"1","sec-ch-ua-platform":"\"Windows\"","sec-ch-ua-mobile":"?0","sec-ch-ua":"\"Chromium\";v=\"142\", \"Google Chrome\";v=\"142\", \"Not_A Brand\";v=\"99\"","cache-control":"max-age=0","connection":"keep-alive","host":"localhost"},"payload":[],"session":{"_token":"6wR7qUVSv9elEu63t5FY2ZNv1Iu8XC3t3T2iiaA2","_previous":{"url":"http:\/\/localhost","route":null},"_flash":{"old":[],"new":[]}},"response_headers":{"cache-control":"no-cache, private","date":"Sat, 06 Dec 2025 13:54:40 GMT","content-type":"text\/html; charset=utf-8","vary":"X-Inertia","set-cookie":"XSRF-TOKEN=eyJpdiI6IlRoQWkrSTdjdXhlemJ1MjN1cENQekE9PSIsInZhbHVlIjoiT1lVVGlrU3JjQnVvZ2JuRTlva1RlN084aVFhQlJKb1VCK296NUxvOXpBYThxQVZ4U0crTnk1OWx5R3BISUxRV2tuZGJNNUEvL29tQzMyRnZpYmJPOWNxVzZlSG92VjNGOGNERUp4VzBFemVQZHdqb3BuNjBJRFFYRzBLRXJKbVgiLCJtYWMiOiJhMGVkYzkwOTVkNjBhZGIyMmExZDZiYTJjNTdkZDgwZmE3ZmZiMDAwNDNlZTE3ZTNjN2VjNjE1ZmVmNWMzOTU1IiwidGFnIjoiIn0%3D; expires=Sat, 06 Dec 2025 15:54:42 GMT; Max-Age=7200; path=\/; samesite=lax, laravel_session=eyJpdiI6IlRDZU53bEpHUmwzZmVpV2VjQWpuTGc9PSIsInZhbHVlIjoiSGorT2liU0NBZ3JYa2NpdmQvemI4OTVYWitjM2ZuNlROSk8zWjF3SlFwcjFDbGp0blIxazNiNTQ1YUtyaGZLVk9RbEVlRkZRak1Fc3gzTWpJRFBhUERzelo2SER4czdMWVVBbWJ1b0gzNkZXRkY0c25ydUVUODRGMklqMi9oVXciLCJtYWMiOiIxYTJiNTZhODUyOTVlMGYxYzBkMTZjMDg1YzExOWVmNTJjMWNmZmY0OWVlODU5ZGI3ZTQ2NmE0NDMxYjA5ZjYwIiwidGFnIjoiIn0%3D; expires=Sat, 06 Dec 2025 15:54:42 GMT; Max-Age=7200; path=\/; httponly; samesite=lax"},"response_status":200,"response":{"view":"\/var\/www\/resources\/views\/app.blade.php","data":{"page":{"component":"Welcome","props":{"errors":[],"jetstream":{"canCreateTeams":false,"canManageTwoFactorAuthentication":true,"canUpdatePassword":true,"canUpdateProfileInformation":true,"hasEmailVerification":true,"flash":[],"hasAccountDeletionFeatures":true,"hasApiFeatures":false,"hasTeamFeatures":false,"hasTermsAndPrivacyPolicyFeature":false,"managesProfilePhotos":false},"auth":{"user":null},"errorBags":[],"flash":{"message":null,"error":null},"canLogin":true,"canRegister":true,"laravelVersion":"12.41.1","phpVersion":"8.2.29"},"url":"\/","version":"","clearHistory":false,"encryptHistory":false}}},"duration":6629,"memory":12,"hostname":"49d393383261"}, 2025-12-06 13:54:42, ?, request, a0874a56-a821-43f8-be98-0a07145ac8e4)) {"exception":"[object] (Illuminate\\Database\\QueryException(code: 42S02): SQLSTATE[42S02]: Base table or view not found: 1146 Table 'laravel.telescope_entries' doesn't exist (Connection: mysql, SQL: insert into `telescope_entries` (`batch_id`, `content`, `created_at`, `family_hash`, `type`, `uuid`) values (a0874a56-ea79-4ffc-a190-73e00f0fdece, {\"connection\":\"default\",\"command\":\"get laravel_cache_fj3KhluAXAnxLxqWBHO41VwylvnMM00CD3uua5ux\",\"time\":\"0.17\",\"hostname\":\"49d393383261\"}, 2025-12-06 13:54:40, ?, redis, a0874a53-313a-4e80-8e2f-246194a0d8e3), (a0874a56-ea79-4ffc-a190-73e00f0fdece, {\"type\":\"missed\",\"key\":\"fj3KhluAXAnxLxqWBHO41VwylvnMM00CD3uua5ux\",\"hostname\":\"49d393383261\"}, 2025-12-06 13:54:40, ?, cache, a0874a53-5cd2-411d-afcc-9d27af27237f), (a0874a56-ea79-4ffc-a190-73e00f0fdece, {\"name\":\"app\",\"path\":\"\\/resources\\/views\\/app.blade.php\",\"data\":[\"page\"],\"hostname\":\"49d393383261\"}, 2025-12-06 13:54:40, ?, view, a0874a54-c310-4fa9-919a-f45f10c8ca1d), (a0874a56-ea79-4ffc-a190-73e00f0fdece, {\"connection\":\"default\",\"command\":\"setex laravel_cache_fj3KhluAXAnxLxqWBHO41VwylvnMM00CD3uua5ux 7200 s:188:\\\"a:3:{s:6:\\\"_token\\\";s:40:\\\"6wR7qUVSv9elEu63t5FY2ZNv1Iu8XC3t3T2iiaA2\\\";s:9:\\\"_previous\\\";a:2:{s:3:\\\"url\\\";s:16:\\\"http:\\/\\/localhost\\\";s:5:\\\"route\\\";N;}s:6:\\\"_flash\\\";a:2:{s:3:\\\"old\\\";a:0:{}s:3:\\\"new\\\";a:0:{}}}\\\";\",\"time\":\"0.40\",\"hostname\":\"49d393383261\"}, 2025-12-06 13:54:42, ?, redis, a0874a56-9705-447b-8a7b-e16c46bf949f), (a0874a56-ea79-4ffc-a190-73e00f0fdece, {\"type\":\"set\",\"key\":\"fj3KhluAXAnxLxqWBHO41VwylvnMM00CD3uua5ux\",\"value\":\"a:3:{s:6:\\\"_token\\\";s:40:\\\"6wR7qUVSv9elEu63t5FY2ZNv1Iu8XC3t3T2iiaA2\\\";s:9:\\\"_previous\\\";a:2:{s:3:\\\"url\\\";s:16:\\\"http:\\/\\/localhost\\\";s:5:\\\"route\\\";N;}s:6:\\\"_flash\\\";a:2:{s:3:\\\"old\\\";a:0:{}s:3:\\\"new\\\";a:0:{}}}\",\"expiration\":7200,\"hostname\":\"49d393383261\"}, 2025-12-06 13:54:42, ?, cache, a0874a56-9c97-4eaa-9841-d6b32fa275fb), (a0874a56-ea79-4ffc-a190-73e00f0fdece, {\"ip_address\":\"172.21.0.1\",\"uri\":\"\\/\",\"method\":\"GET\",\"controller_action\":\"Closure\",\"middleware\":[\"web\"],\"headers\":{\"cookie\":\"poptin_user_id=0.st60folkka8; _fbp=fb.0.1761826469481.74429153274069935; poptin_last_visit=2025-10-30; _ga=GA1.1.1902870840.1761826601; rl_anonymous_id=RudderEncrypt%3AU2FsdGVkX1%2FME%2BJPPMmc8AFMSDSacZ%2BL1BuE19fbMZbEVmqFIsCrmi926kXEtXomeEWTuFGEz6UOZ1ZXNacJGg%3D%3D; rl_page_init_referrer=RudderEncrypt%3AU2FsdGVkX19IdXNxk8v4OBkGYA%2FsvR6s5TPdPYZZrU0%3D; rl_page_init_referring_domain=RudderEncrypt%3AU2FsdGVkX18%2BsUiiR4QbJLRO0TMdH8J0x%2FjSVsjUDxE%3D; rl_session=RudderEncrypt%3AU2FsdGVkX19cr6R8p0bDyt%2F%2F%2FYjH4wXENdOQ6%2FTkSjAT1iJTgFSoHhQZdAI8GlNp2iwg2SUcH2uUU8Jr6u32Q5KCHR34lamBmD16uKh22hziLmq7fWyu2lOTyQ0rB1dHOriYlwqRgosQEQp6%2By4inA%3D%3D; XSRF-TOKEN=eyJpdiI6Im85RTd1RDVLditTbDdzRmwvanF2NkE9PSIsInZhbHVlIjoiUVI5V3p4N0RIQll1clVvQkE5VThXc1A5UktuM2IwOXYvbEJPYkZlU245WFl6Z2paTVRFRDQxb3BqRUZhRGZieHNhWjBwQ3UvOGE3Ri9Xb0lFVndRbnQwTmUwR2RMRDVwNHlhVEZ1cUNvTXFzOU1CSlRxNkU0OEpFRGQzOU5MdUUiLCJtYWMiOiJkZjhkZmI5YjBmMzEwODI5OTgzZjM5NTFmODFkYTg2NTczNDM1MTE0MDkzNzljOWRiMTJjNGNmMTUzMjE0N2E1IiwidGFnIjoiIn0%3D; laravel_session=eyJpdiI6Img5aCtwUUEwZUthaHNxZUxmTkxBdEE9PSIsInZhbHVlIjoiRXg3Z1dSL2lpMGwxT2ZCSmRUZFdPNHllaEl6dG9QSmNCdFA4a2NnZEM4WjB4cWlmd3VlakNNNnoybnJDczhPaGdsS0oxVWRGcllEWkVGOGtDbkN0ajJla0NuM29oVUtySjUxN1hGck5XaFNtYzFmZ0xPYXhLOUpOKzVYenFnZTciLCJtYWMiOiI4YzU2ZWJjZWFiMzEyZWUxMjE2ZjY5ZjhjYjk4ZWZkNTZmY2ViMTYyYWJjMGViZDI1YjFmNThhNGE4YjY0NzIzIiwidGFnIjoiIn0%3D\",\"accept-language\":\"en-US,en;q=0.9\",\"accept-encoding\":\"gzip, deflate, br, zstd\",\"sec-fetch-dest\":\"document\",\"sec-fetch-user\":\"?1\",\"sec-fetch-mode\":\"navigate\",\"sec-fetch-site\":\"none\",\"accept\":\"text\\/html,application\\/xhtml+xml,application\\/xml;q=0.9,image\\/avif,image\\/webp,image\\/apng,*\\/*;q=0.8,application\\/signed-exchange;v=b3;q=0.7\",\"user-agent\":\"Mozilla\\/5.0 (Windows NT 10.0; Win64; x64) AppleWebKit\\/537.36 (KHTML, like Gecko) Chrome\\/142.0.0.0 Safari\\/537.36\",\"upgrade-insecure-requests\":\"1\",\"sec-ch-ua-platform\":\"\\\"Windows\\\"\",\"sec-ch-ua-mobile\":\"?0\",\"sec-ch-ua\":\"\\\"Chromium\\\";v=\\\"142\\\", \\\"Google Chrome\\\";v=\\\"142\\\", \\\"Not_A Brand\\\";v=\\\"99\\\"\",\"cache-control\":\"max-age=0\",\"connection\":\"keep-alive\",\"host\":\"localhost\"},\"payload\":[],\"session\":{\"_token\":\"6wR7qUVSv9elEu63t5FY2ZNv1Iu8XC3t3T2iiaA2\",\"_previous\":{\"url\":\"http:\\/\\/localhost\",\"route\":null},\"_flash\":{\"old\":[],\"new\":[]}},\"response_headers\":{\"cache-control\":\"no-cache, private\",\"date\":\"Sat, 06 Dec 2025 13:54:40 GMT\",\"content-type\":\"text\\/html; charset=utf-8\",\"vary\":\"X-Inertia\",\"set-cookie\":\"XSRF-TOKEN=eyJpdiI6IlRoQWkrSTdjdXhlemJ1MjN1cENQekE9PSIsInZhbHVlIjoiT1lVVGlrU3JjQnVvZ2JuRTlva1RlN084aVFhQlJKb1VCK296NUxvOXpBYThxQVZ4U0crTnk1OWx5R3BISUxRV2tuZGJNNUEvL29tQzMyRnZpYmJPOWNxVzZlSG92VjNGOGNERUp4VzBFemVQZHdqb3BuNjBJRFFYRzBLRXJKbVgiLCJtYWMiOiJhMGVkYzkwOTVkNjBhZGIyMmExZDZiYTJjNTdkZDgwZmE3ZmZiMDAwNDNlZTE3ZTNjN2VjNjE1ZmVmNWMzOTU1IiwidGFnIjoiIn0%3D; expires=Sat, 06 Dec 2025 15:54:42 GMT; Max-Age=7200; path=\\/; samesite=lax, laravel_session=eyJpdiI6IlRDZU53bEpHUmwzZmVpV2VjQWpuTGc9PSIsInZhbHVlIjoiSGorT2liU0NBZ3JYa2NpdmQvemI4OTVYWitjM2ZuNlROSk8zWjF3SlFwcjFDbGp0blIxazNiNTQ1YUtyaGZLVk9RbEVlRkZRak1Fc3gzTWpJRFBhUERzelo2SER4czdMWVVBbWJ1b0gzNkZXRkY0c25ydUVUODRGMklqMi9oVXciLCJtYWMiOiIxYTJiNTZhODUyOTVlMGYxYzBkMTZjMDg1YzExOWVmNTJjMWNmZmY0OWVlODU5ZGI3ZTQ2NmE0NDMxYjA5ZjYwIiwidGFnIjoiIn0%3D; expires=Sat, 06 Dec 2025 15:54:42 GMT; Max-Age=7200; path=\\/; httponly; samesite=lax\"},\"response_status\":200,\"response\":{\"view\":\"\\/var\\/www\\/resources\\/views\\/app.blade.php\",\"data\":{\"page\":{\"component\":\"Welcome\",\"props\":{\"errors\":[],\"jetstream\":{\"canCreateTeams\":false,\"canManageTwoFactorAuthentication\":true,\"canUpdatePassword\":true,\"canUpdateProfileInformation\":true,\"hasEmailVerification\":true,\"flash\":[],\"hasAccountDeletionFeatures\":true,\"hasApiFeatures\":false,\"hasTeamFeatures\":false,\"hasTermsAndPrivacyPolicyFeature\":false,\"managesProfilePhotos\":false},\"auth\":{\"user\":null},\"errorBags\":[],\"flash\":{\"message\":null,\"error\":null},\"canLogin\":true,\"canRegister\":true,\"laravelVersion\":\"12.41.1\",\"phpVersion\":\"8.2.29\"},\"url\":\"\\/\",\"version\":\"\",\"clearHistory\":false,\"encryptHistory\":false}}},\"duration\":6629,\"memory\":12,\"hostname\":\"49d393383261\"}, 2025-12-06 13:54:42, ?, request, a0874a56-a821-43f8-be98-0a07145ac8e4)) at /var/www/vendor/laravel/framework/src/Illuminate/Database/Connection.php:826)
[stacktrace]
#0 /var/www/vendor/laravel/framework/src/Illuminate/Database/Connection.php(780): Illuminate\\Database\\Connection->runQueryCallback('insert into `te...', Array, Object(Closure))
#1 /var/www/vendor/laravel/framework/src/Illuminate/Database/MySqlConnection.php(42): Illuminate\\Database\\Connection->run('insert into `te...', Array, Object(Closure))
#2 /var/www/vendor/laravel/framework/src/Illuminate/Database/Query/Builder.php(3804): Illuminate\\Database\\MySqlConnection->insert('insert into `te...', Array)
#3 /var/www/vendor/laravel/telescope/src/Storage/DatabaseEntriesRepository.php(145): Illuminate\\Database\\Query\\Builder->insert(Array)
#4 /var/www/vendor/laravel/framework/src/Illuminate/Collections/Traits/EnumeratesValues.php(271): Laravel\\Telescope\\Storage\\DatabaseEntriesRepository->Laravel\\Telescope\\Storage\\{closure}(Object(Illuminate\\Support\\Collection), 0)
#5 /var/www/vendor/laravel/telescope/src/Storage/DatabaseEntriesRepository.php(144): Illuminate\\Support\\Collection->each(Object(Closure))
#6 /var/www/vendor/laravel/telescope/src/Telescope.php(664): Laravel\\Telescope\\Storage\\DatabaseEntriesRepository->store(Object(Illuminate\\Support\\Collection))
#7 [internal function]: Laravel\\Telescope\\Telescope::Laravel\\Telescope\\{closure}()
#8 /var/www/vendor/laravel/telescope/src/Telescope.php(289): call_user_func(Object(Closure))
#9 /var/www/vendor/laravel/telescope/src/Telescope.php(656): Laravel\\Telescope\\Telescope::withoutRecording(Object(Closure))
#10 /var/www/vendor/laravel/telescope/src/ListensForStorageOpportunities.php(65): Laravel\\Telescope\\Telescope::store(Object(Laravel\\Telescope\\Storage\\DatabaseEntriesRepository))
#11 /var/www/vendor/laravel/framework/src/Illuminate/Container/BoundMethod.php(36): Laravel\\Telescope\\Telescope::Laravel\\Telescope\\{closure}()
#12 /var/www/vendor/laravel/framework/src/Illuminate/Container/Util.php(43): Illuminate\\Container\\BoundMethod::Illuminate\\Container\\{closure}()
#13 /var/www/vendor/laravel/framework/src/Illuminate/Container/BoundMethod.php(84): Illuminate\\Container\\Util::unwrapIfClosure(Object(Closure))
#14 /var/www/vendor/laravel/framework/src/Illuminate/Container/BoundMethod.php(35): Illuminate\\Container\\BoundMethod::callBoundMethod(Object(Illuminate\\Foundation\\Application), Object(Closure), Object(Closure))
#15 /var/www/vendor/laravel/framework/src/Illuminate/Container/Container.php(807): Illuminate\\Container\\BoundMethod::call(Object(Illuminate\\Foundation\\Application), Object(Closure), Array, NULL)
#16 /var/www/vendor/laravel/framework/src/Illuminate/Foundation/Application.php(1466): Illuminate\\Container\\Container->call(Object(Closure))
#17 /var/www/vendor/laravel/framework/src/Illuminate/Foundation/Http/Kernel.php(217): Illuminate\\Foundation\\Application->terminate()
#18 /var/www/vendor/laravel/framework/src/Illuminate/Foundation/Application.php(1222): Illuminate\\Foundation\\Http\\Kernel->terminate(Object(Illuminate\\Http\\Request), Object(Illuminate\\Http\\Response))
#19 /var/www/public/index.php(14): Illuminate\\Foundation\\Application->handleRequest(Object(Illuminate\\Http\\Request))
#20 {main}

[previous exception] [object] (PDOException(code: 42S02): SQLSTATE[42S02]: Base table or view not found: 1146 Table 'laravel.telescope_entries' doesn't exist at /var/www/vendor/laravel/framework/src/Illuminate/Database/MySqlConnection.php:47)
[stacktrace]
#0 /var/www/vendor/laravel/framework/src/Illuminate/Database/MySqlConnection.php(47): PDO->prepare('insert into `te...')
#1 /var/www/vendor/laravel/framework/src/Illuminate/Database/Connection.php(813): Illuminate\\Database\\MySqlConnection->Illuminate\\Database\\{closure}('insert into `te...', Array)
#2 /var/www/vendor/laravel/framework/src/Illuminate/Database/Connection.php(780): Illuminate\\Database\\Connection->runQueryCallback('insert into `te...', Array, Object(Closure))
#3 /var/www/vendor/laravel/framework/src/Illuminate/Database/MySqlConnection.php(42): Illuminate\\Database\\Connection->run('insert into `te...', Array, Object(Closure))
#4 /var/www/vendor/laravel/framework/src/Illuminate/Database/Query/Builder.php(3804): Illuminate\\Database\\MySqlConnection->insert('insert into `te...', Array)
#5 /var/www/vendor/laravel/telescope/src/Storage/DatabaseEntriesRepository.php(145): Illuminate\\Database\\Query\\Builder->insert(Array)
#6 /var/www/vendor/laravel/framework/src/Illuminate/Collections/Traits/EnumeratesValues.php(271): Laravel\\Telescope\\Storage\\DatabaseEntriesRepository->Laravel\\Telescope\\Storage\\{closure}(Object(Illuminate\\Support\\Collection), 0)
#7 /var/www/vendor/laravel/telescope/src/Storage/DatabaseEntriesRepository.php(144): Illuminate\\Support\\Collection->each(Object(Closure))
#8 /var/www/vendor/laravel/telescope/src/Telescope.php(664): Laravel\\Telescope\\Storage\\DatabaseEntriesRepository->store(Object(Illuminate\\Support\\Collection))
#9 [internal function]: Laravel\\Telescope\\Telescope::Laravel\\Telescope\\{closure}()
#10 /var/www/vendor/laravel/telescope/src/Telescope.php(289): call_user_func(Object(Closure))
#11 /var/www/vendor/laravel/telescope/src/Telescope.php(656): Laravel\\Telescope\\Telescope::withoutRecording(Object(Closure))
#12 /var/www/vendor/laravel/telescope/src/ListensForStorageOpportunities.php(65): Laravel\\Telescope\\Telescope::store(Object(Laravel\\Telescope\\Storage\\DatabaseEntriesRepository))
#13 /var/www/vendor/laravel/framework/src/Illuminate/Container/BoundMethod.php(36): Laravel\\Telescope\\Telescope::Laravel\\Telescope\\{closure}()
#14 /var/www/vendor/laravel/framework/src/Illuminate/Container/Util.php(43): Illuminate\\Container\\BoundMethod::Illuminate\\Container\\{closure}()
#15 /var/www/vendor/laravel/framework/src/Illuminate/Container/BoundMethod.php(84): Illuminate\\Container\\Util::unwrapIfClosure(Object(Closure))
#16 /var/www/vendor/laravel/framework/src/Illuminate/Container/BoundMethod.php(35): Illuminate\\Container\\BoundMethod::callBoundMethod(Object(Illuminate\\Foundation\\Application), Object(Closure), Object(Closure))
#17 /var/www/vendor/laravel/framework/src/Illuminate/Container/Container.php(807): Illuminate\\Container\\BoundMethod::call(Object(Illuminate\\Foundation\\Application), Object(Closure), Array, NULL)
#18 /var/www/vendor/laravel/framework/src/Illuminate/Foundation/Application.php(1466): Illuminate\\Container\\Container->call(Object(Closure))
#19 /var/www/vendor/laravel/framework/src/Illuminate/Foundation/Http/Kernel.php(217): Illuminate\\Foundation\\Application->terminate()
#20 /var/www/vendor/laravel/framework/src/Illuminate/Foundation/Application.php(1222): Illuminate\\Foundation\\Http\\Kernel->terminate(Object(Illuminate\\Http\\Request), Object(Illuminate\\Http\\Response))
#21 /var/www/public/index.php(14): Illuminate\\Foundation\\Application->handleRequest(Object(Illuminate\\Http\\Request))
#22 {main}
"} 
[2025-12-06 13:54:56] local.ERROR: SQLSTATE[42S02]: Base table or view not found: 1146 Table 'laravel.telescope_entries' doesn't exist (Connection: mysql, SQL: insert into `telescope_entries` (`batch_id`, `content`, `created_at`, `family_hash`, `type`, `uuid`) values (a0874a6b-8d81-4c34-a222-bd96b5705e1c, {"name":"errors::404","path":"\/vendor\/laravel\/framework\/src\/Illuminate\/Foundation\/Exceptions\/views\/404.blade.php","data":["exception"],"hostname":"49d393383261"}, 2025-12-06 13:54:55, ?, view, a0874a6a-bd3f-4741-9375-a7488fa7e80e), (a0874a6b-8d81-4c34-a222-bd96b5705e1c, {"name":"errors::minimal","path":"\/vendor\/laravel\/framework\/src\/Illuminate\/Foundation\/Exceptions\/views\/minimal.blade.php","data":["exception"],"hostname":"49d393383261"}, 2025-12-06 13:54:55, ?, view, a0874a6b-62c4-4c5e-ac94-9d4ed7423d57), (a0874a6b-8d81-4c34-a222-bd96b5705e1c, {"ip_address":"172.21.0.1","uri":"\/.well-known\/appspecific\/com.chrome.devtools.json","method":"GET","controller_action":null,"middleware":[],"headers":{"cookie":"poptin_user_id=0.st60folkka8; _fbp=fb.0.1761826469481.74429153274069935; poptin_last_visit=2025-10-30; _ga=GA1.1.1902870840.1761826601; rl_anonymous_id=RudderEncrypt%3AU2FsdGVkX1%2FME%2BJPPMmc8AFMSDSacZ%2BL1BuE19fbMZbEVmqFIsCrmi926kXEtXomeEWTuFGEz6UOZ1ZXNacJGg%3D%3D; rl_page_init_referrer=RudderEncrypt%3AU2FsdGVkX19IdXNxk8v4OBkGYA%2FsvR6s5TPdPYZZrU0%3D; rl_page_init_referring_domain=RudderEncrypt%3AU2FsdGVkX18%2BsUiiR4QbJLRO0TMdH8J0x%2FjSVsjUDxE%3D; rl_session=RudderEncrypt%3AU2FsdGVkX19cr6R8p0bDyt%2F%2F%2FYjH4wXENdOQ6%2FTkSjAT1iJTgFSoHhQZdAI8GlNp2iwg2SUcH2uUU8Jr6u32Q5KCHR34lamBmD16uKh22hziLmq7fWyu2lOTyQ0rB1dHOriYlwqRgosQEQp6%2By4inA%3D%3D; XSRF-TOKEN=eyJpdiI6IlRoQWkrSTdjdXhlemJ1MjN1cENQekE9PSIsInZhbHVlIjoiT1lVVGlrU3JjQnVvZ2JuRTlva1RlN084aVFhQlJKb1VCK296NUxvOXpBYThxQVZ4U0crTnk1OWx5R3BISUxRV2tuZGJNNUEvL29tQzMyRnZpYmJPOWNxVzZlSG92VjNGOGNERUp4VzBFemVQZHdqb3BuNjBJRFFYRzBLRXJKbVgiLCJtYWMiOiJhMGVkYzkwOTVkNjBhZGIyMmExZDZiYTJjNTdkZDgwZmE3ZmZiMDAwNDNlZTE3ZTNjN2VjNjE1ZmVmNWMzOTU1IiwidGFnIjoiIn0%3D; laravel_session=eyJpdiI6IlRDZU53bEpHUmwzZmVpV2VjQWpuTGc9PSIsInZhbHVlIjoiSGorT2liU0NBZ3JYa2NpdmQvemI4OTVYWitjM2ZuNlROSk8zWjF3SlFwcjFDbGp0blIxazNiNTQ1YUtyaGZLVk9RbEVlRkZRak1Fc3gzTWpJRFBhUERzelo2SER4czdMWVVBbWJ1b0gzNkZXRkY0c25ydUVUODRGMklqMi9oVXciLCJtYWMiOiIxYTJiNTZhODUyOTVlMGYxYzBkMTZjMDg1YzExOWVmNTJjMWNmZmY0OWVlODU5ZGI3ZTQ2NmE0NDMxYjA5ZjYwIiwidGFnIjoiIn0%3D","accept-language":"en-US,en;q=0.9","accept-encoding":"gzip, deflate, br, zstd","user-agent":"Mozilla\/5.0 (Windows NT 10.0; Win64; x64) AppleWebKit\/537.36 (KHTML, like Gecko) Chrome\/142.0.0.0 Safari\/537.36","sec-fetch-dest":"empty","sec-fetch-mode":"no-cors","sec-fetch-site":"same-origin","connection":"keep-alive","host":"localhost"},"payload":[],"session":[],"response_headers":{"cache-control":"no-cache, private","date":"Sat, 06 Dec 2025 13:54:55 GMT","content-type":"text\/html; charset=utf-8"},"response_status":404,"response":"HTML Response","duration":5999,"memory":2,"hostname":"49d393383261"}, 2025-12-06 13:54:55, ?, request, a0874a6b-74c7-4810-93ed-033380a0d8c5)) {"exception":"[object] (Illuminate\\Database\\QueryException(code: 42S02): SQLSTATE[42S02]: Base table or view not found: 1146 Table 'laravel.telescope_entries' doesn't exist (Connection: mysql, SQL: insert into `telescope_entries` (`batch_id`, `content`, `created_at`, `family_hash`, `type`, `uuid`) values (a0874a6b-8d81-4c34-a222-bd96b5705e1c, {\"name\":\"errors::404\",\"path\":\"\\/vendor\\/laravel\\/framework\\/src\\/Illuminate\\/Foundation\\/Exceptions\\/views\\/404.blade.php\",\"data\":[\"exception\"],\"hostname\":\"49d393383261\"}, 2025-12-06 13:54:55, ?, view, a0874a6a-bd3f-4741-9375-a7488fa7e80e), (a0874a6b-8d81-4c34-a222-bd96b5705e1c, {\"name\":\"errors::minimal\",\"path\":\"\\/vendor\\/laravel\\/framework\\/src\\/Illuminate\\/Foundation\\/Exceptions\\/views\\/minimal.blade.php\",\"data\":[\"exception\"],\"hostname\":\"49d393383261\"}, 2025-12-06 13:54:55, ?, view, a0874a6b-62c4-4c5e-ac94-9d4ed7423d57), (a0874a6b-8d81-4c34-a222-bd96b5705e1c, {\"ip_address\":\"172.21.0.1\",\"uri\":\"\\/.well-known\\/appspecific\\/com.chrome.devtools.json\",\"method\":\"GET\",\"controller_action\":null,\"middleware\":[],\"headers\":{\"cookie\":\"poptin_user_id=0.st60folkka8; _fbp=fb.0.1761826469481.74429153274069935; poptin_last_visit=2025-10-30; _ga=GA1.1.1902870840.1761826601; rl_anonymous_id=RudderEncrypt%3AU2FsdGVkX1%2FME%2BJPPMmc8AFMSDSacZ%2BL1BuE19fbMZbEVmqFIsCrmi926kXEtXomeEWTuFGEz6UOZ1ZXNacJGg%3D%3D; rl_page_init_referrer=RudderEncrypt%3AU2FsdGVkX19IdXNxk8v4OBkGYA%2FsvR6s5TPdPYZZrU0%3D; rl_page_init_referring_domain=RudderEncrypt%3AU2FsdGVkX18%2BsUiiR4QbJLRO0TMdH8J0x%2FjSVsjUDxE%3D; rl_session=RudderEncrypt%3AU2FsdGVkX19cr6R8p0bDyt%2F%2F%2FYjH4wXENdOQ6%2FTkSjAT1iJTgFSoHhQZdAI8GlNp2iwg2SUcH2uUU8Jr6u32Q5KCHR34lamBmD16uKh22hziLmq7fWyu2lOTyQ0rB1dHOriYlwqRgosQEQp6%2By4inA%3D%3D; XSRF-TOKEN=eyJpdiI6IlRoQWkrSTdjdXhlemJ1MjN1cENQekE9PSIsInZhbHVlIjoiT1lVVGlrU3JjQnVvZ2JuRTlva1RlN084aVFhQlJKb1VCK296NUxvOXpBYThxQVZ4U0crTnk1OWx5R3BISUxRV2tuZGJNNUEvL29tQzMyRnZpYmJPOWNxVzZlSG92VjNGOGNERUp4VzBFemVQZHdqb3BuNjBJRFFYRzBLRXJKbVgiLCJtYWMiOiJhMGVkYzkwOTVkNjBhZGIyMmExZDZiYTJjNTdkZDgwZmE3ZmZiMDAwNDNlZTE3ZTNjN2VjNjE1ZmVmNWMzOTU1IiwidGFnIjoiIn0%3D; laravel_session=eyJpdiI6IlRDZU53bEpHUmwzZmVpV2VjQWpuTGc9PSIsInZhbHVlIjoiSGorT2liU0NBZ3JYa2NpdmQvemI4OTVYWitjM2ZuNlROSk8zWjF3SlFwcjFDbGp0blIxazNiNTQ1YUtyaGZLVk9RbEVlRkZRak1Fc3gzTWpJRFBhUERzelo2SER4czdMWVVBbWJ1b0gzNkZXRkY0c25ydUVUODRGMklqMi9oVXciLCJtYWMiOiIxYTJiNTZhODUyOTVlMGYxYzBkMTZjMDg1YzExOWVmNTJjMWNmZmY0OWVlODU5ZGI3ZTQ2NmE0NDMxYjA5ZjYwIiwidGFnIjoiIn0%3D\",\"accept-language\":\"en-US,en;q=0.9\",\"accept-encoding\":\"gzip, deflate, br, zstd\",\"user-agent\":\"Mozilla\\/5.0 (Windows NT 10.0; Win64; x64) AppleWebKit\\/537.36 (KHTML, like Gecko) Chrome\\/142.0.0.0 Safari\\/537.36\",\"sec-fetch-dest\":\"empty\",\"sec-fetch-mode\":\"no-cors\",\"sec-fetch-site\":\"same-origin\",\"connection\":\"keep-alive\",\"host\":\"localhost\"},\"payload\":[],\"session\":[],\"response_headers\":{\"cache-control\":\"no-cache, private\",\"date\":\"Sat, 06 Dec 2025 13:54:55 GMT\",\"content-type\":\"text\\/html; charset=utf-8\"},\"response_status\":404,\"response\":\"HTML Response\",\"duration\":5999,\"memory\":2,\"hostname\":\"49d393383261\"}, 2025-12-06 13:54:55, ?, request, a0874a6b-74c7-4810-93ed-033380a0d8c5)) at /var/www/vendor/laravel/framework/src/Illuminate/Database/Connection.php:826)
[stacktrace]
#0 /var/www/vendor/laravel/framework/src/Illuminate/Database/Connection.php(780): Illuminate\\Database\\Connection->runQueryCallback('insert into `te...', Array, Object(Closure))
#1 /var/www/vendor/laravel/framework/src/Illuminate/Database/MySqlConnection.php(42): Illuminate\\Database\\Connection->run('insert into `te...', Array, Object(Closure))
#2 /var/www/vendor/laravel/framework/src/Illuminate/Database/Query/Builder.php(3804): Illuminate\\Database\\MySqlConnection->insert('insert into `te...', Array)
#3 /var/www/vendor/laravel/telescope/src/Storage/DatabaseEntriesRepository.php(145): Illuminate\\Database\\Query\\Builder->insert(Array)
#4 /var/www/vendor/laravel/framework/src/Illuminate/Collections/Traits/EnumeratesValues.php(271): Laravel\\Telescope\\Storage\\DatabaseEntriesRepository->Laravel\\Telescope\\Storage\\{closure}(Object(Illuminate\\Support\\Collection), 0)
#5 /var/www/vendor/laravel/telescope/src/Storage/DatabaseEntriesRepository.php(144): Illuminate\\Support\\Collection->each(Object(Closure))
#6 /var/www/vendor/laravel/telescope/src/Telescope.php(664): Laravel\\Telescope\\Storage\\DatabaseEntriesRepository->store(Object(Illuminate\\Support\\Collection))
#7 [internal function]: Laravel\\Telescope\\Telescope::Laravel\\Telescope\\{closure}()
#8 /var/www/vendor/laravel/telescope/src/Telescope.php(289): call_user_func(Object(Closure))
#9 /var/www/vendor/laravel/telescope/src/Telescope.php(656): Laravel\\Telescope\\Telescope::withoutRecording(Object(Closure))
#10 /var/www/vendor/laravel/telescope/src/ListensForStorageOpportunities.php(65): Laravel\\Telescope\\Telescope::store(Object(Laravel\\Telescope\\Storage\\DatabaseEntriesRepository))
#11 /var/www/vendor/laravel/framework/src/Illuminate/Container/BoundMethod.php(36): Laravel\\Telescope\\Telescope::Laravel\\Telescope\\{closure}()
#12 /var/www/vendor/laravel/framework/src/Illuminate/Container/Util.php(43): Illuminate\\Container\\BoundMethod::Illuminate\\Container\\{closure}()
#13 /var/www/vendor/laravel/framework/src/Illuminate/Container/BoundMethod.php(84): Illuminate\\Container\\Util::unwrapIfClosure(Object(Closure))
#14 /var/www/vendor/laravel/framework/src/Illuminate/Container/BoundMethod.php(35): Illuminate\\Container\\BoundMethod::callBoundMethod(Object(Illuminate\\Foundation\\Application), Object(Closure), Object(Closure))
#15 /var/www/vendor/laravel/framework/src/Illuminate/Container/Container.php(807): Illuminate\\Container\\BoundMethod::call(Object(Illuminate\\Foundation\\Application), Object(Closure), Array, NULL)
#16 /var/www/vendor/laravel/framework/src/Illuminate/Foundation/Application.php(1466): Illuminate\\Container\\Container->call(Object(Closure))
#17 /var/www/vendor/laravel/framework/src/Illuminate/Foundation/Http/Kernel.php(217): Illuminate\\Foundation\\Application->terminate()
#18 /var/www/vendor/laravel/framework/src/Illuminate/Foundation/Application.php(1222): Illuminate\\Foundation\\Http\\Kernel->terminate(Object(Illuminate\\Http\\Request), Object(Illuminate\\Http\\Response))
#19 /var/www/public/index.php(14): Illuminate\\Foundation\\Application->handleRequest(Object(Illuminate\\Http\\Request))
#20 {main}

[previous exception] [object] (PDOException(code: 42S02): SQLSTATE[42S02]: Base table or view not found: 1146 Table 'laravel.telescope_entries' doesn't exist at /var/www/vendor/laravel/framework/src/Illuminate/Database/MySqlConnection.php:47)
[stacktrace]
#0 /var/www/vendor/laravel/framework/src/Illuminate/Database/MySqlConnection.php(47): PDO->prepare('insert into `te...')
#1 /var/www/vendor/laravel/framework/src/Illuminate/Database/Connection.php(813): Illuminate\\Database\\MySqlConnection->Illuminate\\Database\\{closure}('insert into `te...', Array)
#2 /var/www/vendor/laravel/framework/src/Illuminate/Database/Connection.php(780): Illuminate\\Database\\Connection->runQueryCallback('insert into `te...', Array, Object(Closure))
#3 /var/www/vendor/laravel/framework/src/Illuminate/Database/MySqlConnection.php(42): Illuminate\\Database\\Connection->run('insert into `te...', Array, Object(Closure))
#4 /var/www/vendor/laravel/framework/src/Illuminate/Database/Query/Builder.php(3804): Illuminate\\Database\\MySqlConnection->insert('insert into `te...', Array)
#5 /var/www/vendor/laravel/telescope/src/Storage/DatabaseEntriesRepository.php(145): Illuminate\\Database\\Query\\Builder->insert(Array)
#6 /var/www/vendor/laravel/framework/src/Illuminate/Collections/Traits/EnumeratesValues.php(271): Laravel\\Telescope\\Storage\\DatabaseEntriesRepository->Laravel\\Telescope\\Storage\\{closure}(Object(Illuminate\\Support\\Collection), 0)
#7 /var/www/vendor/laravel/telescope/src/Storage/DatabaseEntriesRepository.php(144): Illuminate\\Support\\Collection->each(Object(Closure))
#8 /var/www/vendor/laravel/telescope/src/Telescope.php(664): Laravel\\Telescope\\Storage\\DatabaseEntriesRepository->store(Object(Illuminate\\Support\\Collection))
#9 [internal function]: Laravel\\Telescope\\Telescope::Laravel\\Telescope\\{closure}()
#10 /var/www/vendor/laravel/telescope/src/Telescope.php(289): call_user_func(Object(Closure))
#11 /var/www/vendor/laravel/telescope/src/Telescope.php(656): Laravel\\Telescope\\Telescope::withoutRecording(Object(Closure))
#12 /var/www/vendor/laravel/telescope/src/ListensForStorageOpportunities.php(65): Laravel\\Telescope\\Telescope::store(Object(Laravel\\Telescope\\Storage\\DatabaseEntriesRepository))
#13 /var/www/vendor/laravel/framework/src/Illuminate/Container/BoundMethod.php(36): Laravel\\Telescope\\Telescope::Laravel\\Telescope\\{closure}()
#14 /var/www/vendor/laravel/framework/src/Illuminate/Container/Util.php(43): Illuminate\\Container\\BoundMethod::Illuminate\\Container\\{closure}()
#15 /var/www/vendor/laravel/framework/src/Illuminate/Container/BoundMethod.php(84): Illuminate\\Container\\Util::unwrapIfClosure(Object(Closure))
#16 /var/www/vendor/laravel/framework/src/Illuminate/Container/BoundMethod.php(35): Illuminate\\Container\\BoundMethod::callBoundMethod(Object(Illuminate\\Foundation\\Application), Object(Closure), Object(Closure))
#17 /var/www/vendor/laravel/framework/src/Illuminate/Container/Container.php(807): Illuminate\\Container\\BoundMethod::call(Object(Illuminate\\Foundation\\Application), Object(Closure), Array, NULL)
#18 /var/www/vendor/laravel/framework/src/Illuminate/Foundation/Application.php(1466): Illuminate\\Container\\Container->call(Object(Closure))
#19 /var/www/vendor/laravel/framework/src/Illuminate/Foundation/Http/Kernel.php(217): Illuminate\\Foundation\\Application->terminate()
#20 /var/www/vendor/laravel/framework/src/Illuminate/Foundation/Application.php(1222): Illuminate\\Foundation\\Http\\Kernel->terminate(Object(Illuminate\\Http\\Request), Object(Illuminate\\Http\\Response))
#21 /var/www/public/index.php(14): Illuminate\\Foundation\\Application->handleRequest(Object(Illuminate\\Http\\Request))
#22 {main}
"} 
[2025-12-06 13:56:10] local.ERROR: Command "horizon" is not defined. {"exception":"[object] (Symfony\\Component\\Console\\Exception\\CommandNotFoundException(code: 0): Command \"horizon\" is not defined. at /var/www/vendor/symfony/console/Application.php:760)
[stacktrace]
#0 /var/www/vendor/symfony/console/Application.php(298): Symfony\\Component\\Console\\Application->find('horizon')
#1 /var/www/vendor/symfony/console/Application.php(195): Symfony\\Component\\Console\\Application->doRun(Object(Symfony\\Component\\Console\\Input\\ArgvInput), Object(Symfony\\Component\\Console\\Output\\ConsoleOutput))
#2 /var/www/vendor/laravel/framework/src/Illuminate/Foundation/Console/Kernel.php(197): Symfony\\Component\\Console\\Application->run(Object(Symfony\\Component\\Console\\Input\\ArgvInput), Object(Symfony\\Component\\Console\\Output\\ConsoleOutput))
#3 /var/www/artisan(12): Illuminate\\Foundation\\Console\\Kernel->handle(Object(Symfony\\Component\\Console\\Input\\ArgvInput), Object(Symfony\\Component\\Console\\Output\\ConsoleOutput))
#4 {main}
"} 
[2025-12-06 15:03:04] local.ERROR: SQLSTATE[42S02]: Base table or view not found: 1146 Table 'laravel.telescope_entries' doesn't exist (Connection: mysql, SQL: insert into `telescope_entries` (`batch_id`, `content`, `created_at`, `family_hash`, `type`, `uuid`) values (a08762c9-7d5d-40f9-9cae-59055ec79d9d, {"connection":"default","command":"get laravel_cache_fj3KhluAXAnxLxqWBHO41VwylvnMM00CD3uua5ux","time":"0.08","hostname":"55e70d176bb3"}, 2025-12-06 15:03:02, ?, redis, a08762c6-f9cd-45c2-897e-771090d14067), (a08762c9-7d5d-40f9-9cae-59055ec79d9d, {"type":"hit","key":"fj3KhluAXAnxLxqWBHO41VwylvnMM00CD3uua5ux","value":"a:3:{s:6:\"_token\";s:40:\"6wR7qUVSv9elEu63t5FY2ZNv1Iu8XC3t3T2iiaA2\";s:9:\"_previous\";a:2:{s:3:\"url\";s:16:\"http:\/\/localhost\";s:5:\"route\";N;}s:6:\"_flash\";a:2:{s:3:\"old\";a:0:{}s:3:\"new\";a:0:{}}}","hostname":"55e70d176bb3"}, 2025-12-06 15:03:02, ?, cache, a08762c7-8572-4730-9165-4ed753f7da2a), (a08762c9-7d5d-40f9-9cae-59055ec79d9d, {"name":"app","path":"\/resources\/views\/app.blade.php","data":["page"],"hostname":"55e70d176bb3"}, 2025-12-06 15:03:03, ?, view, a08762c8-c4af-4b7c-a956-cd1de148c098), (a08762c9-7d5d-40f9-9cae-59055ec79d9d, {"connection":"default","command":"setex laravel_cache_fj3KhluAXAnxLxqWBHO41VwylvnMM00CD3uua5ux 7200 s:188:\"a:3:{s:6:\"_token\";s:40:\"6wR7qUVSv9elEu63t5FY2ZNv1Iu8XC3t3T2iiaA2\";s:9:\"_previous\";a:2:{s:3:\"url\";s:16:\"http:\/\/localhost\";s:5:\"route\";N;}s:6:\"_flash\";a:2:{s:3:\"old\";a:0:{}s:3:\"new\";a:0:{}}}\";","time":"0.18","hostname":"55e70d176bb3"}, 2025-12-06 15:03:03, ?, redis, a08762c9-4deb-4c09-8e0a-bbc5dbbbbc79), (a08762c9-7d5d-40f9-9cae-59055ec79d9d, {"type":"set","key":"fj3KhluAXAnxLxqWBHO41VwylvnMM00CD3uua5ux","value":"a:3:{s:6:\"_token\";s:40:\"6wR7qUVSv9elEu63t5FY2ZNv1Iu8XC3t3T2iiaA2\";s:9:\"_previous\";a:2:{s:3:\"url\";s:16:\"http:\/\/localhost\";s:5:\"route\";N;}s:6:\"_flash\";a:2:{s:3:\"old\";a:0:{}s:3:\"new\";a:0:{}}}","expiration":7200,"hostname":"55e70d176bb3"}, 2025-12-06 15:03:03, ?, cache, a08762c9-4f48-44f4-aed6-e51014f06cad), (a08762c9-7d5d-40f9-9cae-59055ec79d9d, {"ip_address":"172.21.0.1","uri":"\/","method":"GET","controller_action":"Closure","middleware":["web"],"headers":{"cookie":"poptin_user_id=0.st60folkka8; _fbp=fb.0.1761826469481.74429153274069935; poptin_last_visit=2025-10-30; _ga=GA1.1.1902870840.1761826601; rl_anonymous_id=RudderEncrypt%3AU2FsdGVkX1%2FME%2BJPPMmc8AFMSDSacZ%2BL1BuE19fbMZbEVmqFIsCrmi926kXEtXomeEWTuFGEz6UOZ1ZXNacJGg%3D%3D; rl_page_init_referrer=RudderEncrypt%3AU2FsdGVkX19IdXNxk8v4OBkGYA%2FsvR6s5TPdPYZZrU0%3D; rl_page_init_referring_domain=RudderEncrypt%3AU2FsdGVkX18%2BsUiiR4QbJLRO0TMdH8J0x%2FjSVsjUDxE%3D; rl_session=RudderEncrypt%3AU2FsdGVkX19cr6R8p0bDyt%2F%2F%2FYjH4wXENdOQ6%2FTkSjAT1iJTgFSoHhQZdAI8GlNp2iwg2SUcH2uUU8Jr6u32Q5KCHR34lamBmD16uKh22hziLmq7fWyu2lOTyQ0rB1dHOriYlwqRgosQEQp6%2By4inA%3D%3D; XSRF-TOKEN=eyJpdiI6IlRoQWkrSTdjdXhlemJ1MjN1cENQekE9PSIsInZhbHVlIjoiT1lVVGlrU3JjQnVvZ2JuRTlva1RlN084aVFhQlJKb1VCK296NUxvOXpBYThxQVZ4U0crTnk1OWx5R3BISUxRV2tuZGJNNUEvL29tQzMyRnZpYmJPOWNxVzZlSG92VjNGOGNERUp4VzBFemVQZHdqb3BuNjBJRFFYRzBLRXJKbVgiLCJtYWMiOiJhMGVkYzkwOTVkNjBhZGIyMmExZDZiYTJjNTdkZDgwZmE3ZmZiMDAwNDNlZTE3ZTNjN2VjNjE1ZmVmNWMzOTU1IiwidGFnIjoiIn0%3D; laravel_session=eyJpdiI6IlRDZU53bEpHUmwzZmVpV2VjQWpuTGc9PSIsInZhbHVlIjoiSGorT2liU0NBZ3JYa2NpdmQvemI4OTVYWitjM2ZuNlROSk8zWjF3SlFwcjFDbGp0blIxazNiNTQ1YUtyaGZLVk9RbEVlRkZRak1Fc3gzTWpJRFBhUERzelo2SER4czdMWVVBbWJ1b0gzNkZXRkY0c25ydUVUODRGMklqMi9oVXciLCJtYWMiOiIxYTJiNTZhODUyOTVlMGYxYzBkMTZjMDg1YzExOWVmNTJjMWNmZmY0OWVlODU5ZGI3ZTQ2NmE0NDMxYjA5ZjYwIiwidGFnIjoiIn0%3D","accept-language":"en-US,en;q=0.9","accept-encoding":"gzip, deflate, br, zstd","sec-fetch-dest":"document","sec-fetch-user":"?1","sec-fetch-mode":"navigate","sec-fetch-site":"none","accept":"text\/html,application\/xhtml+xml,application\/xml;q=0.9,image\/avif,image\/webp,image\/apng,*\/*;q=0.8,application\/signed-exchange;v=b3;q=0.7","user-agent":"Mozilla\/5.0 (Windows NT 10.0; Win64; x64) AppleWebKit\/537.36 (KHTML, like Gecko) Chrome\/142.0.0.0 Safari\/537.36","upgrade-insecure-requests":"1","sec-ch-ua-platform":"\"Windows\"","sec-ch-ua-mobile":"?0","sec-ch-ua":"\"Chromium\";v=\"142\", \"Google Chrome\";v=\"142\", \"Not_A Brand\";v=\"99\"","cache-control":"max-age=0","connection":"keep-alive","host":"localhost"},"payload":[],"session":{"_token":"6wR7qUVSv9elEu63t5FY2ZNv1Iu8XC3t3T2iiaA2","_previous":{"url":"http:\/\/localhost","route":null},"_flash":{"old":[],"new":[]}},"response_headers":{"cache-control":"no-cache, private","date":"Sat, 06 Dec 2025 15:03:03 GMT","content-type":"text\/html; charset=utf-8","vary":"X-Inertia","set-cookie":"XSRF-TOKEN=eyJpdiI6IlJNWlorbmREKzh3NnBoZzhIUGdCbHc9PSIsInZhbHVlIjoiZ3psMnJRZTVnbENTZ2g0YzlwNGNqODIxbEpQUDNwQkIyc0RpS0tCOW1nV0V0UmxjZDRpRG5IeU9NL3VGcHZKMWlQOE1vQTIxMFdWSGpOeTJqYWk0SUpsR0VGLzVUMlhMaFc4eUd1OHgvUjJiMXZKN1lCcXZLNkFoaC9HREtmSHkiLCJtYWMiOiIyYzg4OThhMDUxYmNlZjAxMjVmMWVjZWIxYmJlMDJkMjZkNDk5ZTdmN2VmYzc4ZWY2NGJjYzYxZjU0MDg2MWMyIiwidGFnIjoiIn0%3D; expires=Sat, 06 Dec 2025 17:03:03 GMT; Max-Age=7200; path=\/; samesite=lax, laravel_session=eyJpdiI6ImdYVUJOZ3ZkN21zdXNlc1R5Y2RvUmc9PSIsInZhbHVlIjoiV283cjJkQm1LSkc2UmdEc0JtV3JTKzgwR3o1NGN4YkhtNlNTQWtuQmlJNG9xRVFuQmNuQ3piY2IyNkFnNUFZWEFlRFExK2J3R29pSmEwVnRTcUN0NldIS2xXQm5kY21ETkF3Nk9uMGtqZUUzampPY0RpYkNCcGZYd0hkb3Bmc2ciLCJtYWMiOiI3NmRmYjM1MDJmMWYwNDRmMWIzYmJjZjJmNjgzZGE0YjEzZWNlNGYwZGIyNGY1YmM0ZTkxMmJhN2NjNGZjNjhjIiwidGFnIjoiIn0%3D; expires=Sat, 06 Dec 2025 17:03:03 GMT; Max-Age=7200; path=\/; httponly; samesite=lax"},"response_status":200,"response":{"view":"\/var\/www\/resources\/views\/app.blade.php","data":{"page":{"component":"Welcome","props":{"errors":[],"jetstream":{"canCreateTeams":false,"canManageTwoFactorAuthentication":true,"canUpdatePassword":true,"canUpdateProfileInformation":true,"hasEmailVerification":true,"flash":[],"hasAccountDeletionFeatures":true,"hasApiFeatures":false,"hasTeamFeatures":false,"hasTermsAndPrivacyPolicyFeature":false,"managesProfilePhotos":false},"auth":{"user":null},"errorBags":[],"flash":{"message":null,"error":null},"canLogin":true,"canRegister":true,"laravelVersion":"12.41.1","phpVersion":"8.2.29"},"url":"\/","version":"","clearHistory":false,"encryptHistory":false}}},"duration":9517,"memory":2,"hostname":"55e70d176bb3"}, 2025-12-06 15:03:03, ?, request, a08762c9-5167-418e-bd78-d766f4581dd8)) {"exception":"[object] (Illuminate\\Database\\QueryException(code: 42S02): SQLSTATE[42S02]: Base table or view not found: 1146 Table 'laravel.telescope_entries' doesn't exist (Connection: mysql, SQL: insert into `telescope_entries` (`batch_id`, `content`, `created_at`, `family_hash`, `type`, `uuid`) values (a08762c9-7d5d-40f9-9cae-59055ec79d9d, {\"connection\":\"default\",\"command\":\"get laravel_cache_fj3KhluAXAnxLxqWBHO41VwylvnMM00CD3uua5ux\",\"time\":\"0.08\",\"hostname\":\"55e70d176bb3\"}, 2025-12-06 15:03:02, ?, redis, a08762c6-f9cd-45c2-897e-771090d14067), (a08762c9-7d5d-40f9-9cae-59055ec79d9d, {\"type\":\"hit\",\"key\":\"fj3KhluAXAnxLxqWBHO41VwylvnMM00CD3uua5ux\",\"value\":\"a:3:{s:6:\\\"_token\\\";s:40:\\\"6wR7qUVSv9elEu63t5FY2ZNv1Iu8XC3t3T2iiaA2\\\";s:9:\\\"_previous\\\";a:2:{s:3:\\\"url\\\";s:16:\\\"http:\\/\\/localhost\\\";s:5:\\\"route\\\";N;}s:6:\\\"_flash\\\";a:2:{s:3:\\\"old\\\";a:0:{}s:3:\\\"new\\\";a:0:{}}}\",\"hostname\":\"55e70d176bb3\"}, 2025-12-06 15:03:02, ?, cache, a08762c7-8572-4730-9165-4ed753f7da2a), (a08762c9-7d5d-40f9-9cae-59055ec79d9d, {\"name\":\"app\",\"path\":\"\\/resources\\/views\\/app.blade.php\",\"data\":[\"page\"],\"hostname\":\"55e70d176bb3\"}, 2025-12-06 15:03:03, ?, view, a08762c8-c4af-4b7c-a956-cd1de148c098), (a08762c9-7d5d-40f9-9cae-59055ec79d9d, {\"connection\":\"default\",\"command\":\"setex laravel_cache_fj3KhluAXAnxLxqWBHO41VwylvnMM00CD3uua5ux 7200 s:188:\\\"a:3:{s:6:\\\"_token\\\";s:40:\\\"6wR7qUVSv9elEu63t5FY2ZNv1Iu8XC3t3T2iiaA2\\\";s:9:\\\"_previous\\\";a:2:{s:3:\\\"url\\\";s:16:\\\"http:\\/\\/localhost\\\";s:5:\\\"route\\\";N;}s:6:\\\"_flash\\\";a:2:{s:3:\\\"old\\\";a:0:{}s:3:\\\"new\\\";a:0:{}}}\\\";\",\"time\":\"0.18\",\"hostname\":\"55e70d176bb3\"}, 2025-12-06 15:03:03, ?, redis, a08762c9-4deb-4c09-8e0a-bbc5dbbbbc79), (a08762c9-7d5d-40f9-9cae-59055ec79d9d, {\"type\":\"set\",\"key\":\"fj3KhluAXAnxLxqWBHO41VwylvnMM00CD3uua5ux\",\"value\":\"a:3:{s:6:\\\"_token\\\";s:40:\\\"6wR7qUVSv9elEu63t5FY2ZNv1Iu8XC3t3T2iiaA2\\\";s:9:\\\"_previous\\\";a:2:{s:3:\\\"url\\\";s:16:\\\"http:\\/\\/localhost\\\";s:5:\\\"route\\\";N;}s:6:\\\"_flash\\\";a:2:{s:3:\\\"old\\\";a:0:{}s:3:\\\"new\\\";a:0:{}}}\",\"expiration\":7200,\"hostname\":\"55e70d176bb3\"}, 2025-12-06 15:03:03, ?, cache, a08762c9-4f48-44f4-aed6-e51014f06cad), (a08762c9-7d5d-40f9-9cae-59055ec79d9d, {\"ip_address\":\"172.21.0.1\",\"uri\":\"\\/\",\"method\":\"GET\",\"controller_action\":\"Closure\",\"middleware\":[\"web\"],\"headers\":{\"cookie\":\"poptin_user_id=0.st60folkka8; _fbp=fb.0.1761826469481.74429153274069935; poptin_last_visit=2025-10-30; _ga=GA1.1.1902870840.1761826601; rl_anonymous_id=RudderEncrypt%3AU2FsdGVkX1%2FME%2BJPPMmc8AFMSDSacZ%2BL1BuE19fbMZbEVmqFIsCrmi926kXEtXomeEWTuFGEz6UOZ1ZXNacJGg%3D%3D; rl_page_init_referrer=RudderEncrypt%3AU2FsdGVkX19IdXNxk8v4OBkGYA%2FsvR6s5TPdPYZZrU0%3D; rl_page_init_referring_domain=RudderEncrypt%3AU2FsdGVkX18%2BsUiiR4QbJLRO0TMdH8J0x%2FjSVsjUDxE%3D; rl_session=RudderEncrypt%3AU2FsdGVkX19cr6R8p0bDyt%2F%2F%2FYjH4wXENdOQ6%2FTkSjAT1iJTgFSoHhQZdAI8GlNp2iwg2SUcH2uUU8Jr6u32Q5KCHR34lamBmD16uKh22hziLmq7fWyu2lOTyQ0rB1dHOriYlwqRgosQEQp6%2By4inA%3D%3D; XSRF-TOKEN=eyJpdiI6IlRoQWkrSTdjdXhlemJ1MjN1cENQekE9PSIsInZhbHVlIjoiT1lVVGlrU3JjQnVvZ2JuRTlva1RlN084aVFhQlJKb1VCK296NUxvOXpBYThxQVZ4U0crTnk1OWx5R3BISUxRV2tuZGJNNUEvL29tQzMyRnZpYmJPOWNxVzZlSG92VjNGOGNERUp4VzBFemVQZHdqb3BuNjBJRFFYRzBLRXJKbVgiLCJtYWMiOiJhMGVkYzkwOTVkNjBhZGIyMmExZDZiYTJjNTdkZDgwZmE3ZmZiMDAwNDNlZTE3ZTNjN2VjNjE1ZmVmNWMzOTU1IiwidGFnIjoiIn0%3D; laravel_session=eyJpdiI6IlRDZU53bEpHUmwzZmVpV2VjQWpuTGc9PSIsInZhbHVlIjoiSGorT2liU0NBZ3JYa2NpdmQvemI4OTVYWitjM2ZuNlROSk8zWjF3SlFwcjFDbGp0blIxazNiNTQ1YUtyaGZLVk9RbEVlRkZRak1Fc3gzTWpJRFBhUERzelo2SER4czdMWVVBbWJ1b0gzNkZXRkY0c25ydUVUODRGMklqMi9oVXciLCJtYWMiOiIxYTJiNTZhODUyOTVlMGYxYzBkMTZjMDg1YzExOWVmNTJjMWNmZmY0OWVlODU5ZGI3ZTQ2NmE0NDMxYjA5ZjYwIiwidGFnIjoiIn0%3D\",\"accept-language\":\"en-US,en;q=0.9\",\"accept-encoding\":\"gzip, deflate, br, zstd\",\"sec-fetch-dest\":\"document\",\"sec-fetch-user\":\"?1\",\"sec-fetch-mode\":\"navigate\",\"sec-fetch-site\":\"none\",\"accept\":\"text\\/html,application\\/xhtml+xml,application\\/xml;q=0.9,image\\/avif,image\\/webp,image\\/apng,*\\/*;q=0.8,application\\/signed-exchange;v=b3;q=0.7\",\"user-agent\":\"Mozilla\\/5.0 (Windows NT 10.0; Win64; x64) AppleWebKit\\/537.36 (KHTML, like Gecko) Chrome\\/142.0.0.0 Safari\\/537.36\",\"upgrade-insecure-requests\":\"1\",\"sec-ch-ua-platform\":\"\\\"Windows\\\"\",\"sec-ch-ua-mobile\":\"?0\",\"sec-ch-ua\":\"\\\"Chromium\\\";v=\\\"142\\\", \\\"Google Chrome\\\";v=\\\"142\\\", \\\"Not_A Brand\\\";v=\\\"99\\\"\",\"cache-control\":\"max-age=0\",\"connection\":\"keep-alive\",\"host\":\"localhost\"},\"payload\":[],\"session\":{\"_token\":\"6wR7qUVSv9elEu63t5FY2ZNv1Iu8XC3t3T2iiaA2\",\"_previous\":{\"url\":\"http:\\/\\/localhost\",\"route\":null},\"_flash\":{\"old\":[],\"new\":[]}},\"response_headers\":{\"cache-control\":\"no-cache, private\",\"date\":\"Sat, 06 Dec 2025 15:03:03 GMT\",\"content-type\":\"text\\/html; charset=utf-8\",\"vary\":\"X-Inertia\",\"set-cookie\":\"XSRF-TOKEN=eyJpdiI6IlJNWlorbmREKzh3NnBoZzhIUGdCbHc9PSIsInZhbHVlIjoiZ3psMnJRZTVnbENTZ2g0YzlwNGNqODIxbEpQUDNwQkIyc0RpS0tCOW1nV0V0UmxjZDRpRG5IeU9NL3VGcHZKMWlQOE1vQTIxMFdWSGpOeTJqYWk0SUpsR0VGLzVUMlhMaFc4eUd1OHgvUjJiMXZKN1lCcXZLNkFoaC9HREtmSHkiLCJtYWMiOiIyYzg4OThhMDUxYmNlZjAxMjVmMWVjZWIxYmJlMDJkMjZkNDk5ZTdmN2VmYzc4ZWY2NGJjYzYxZjU0MDg2MWMyIiwidGFnIjoiIn0%3D; expires=Sat, 06 Dec 2025 17:03:03 GMT; Max-Age=7200; path=\\/; samesite=lax, laravel_session=eyJpdiI6ImdYVUJOZ3ZkN21zdXNlc1R5Y2RvUmc9PSIsInZhbHVlIjoiV283cjJkQm1LSkc2UmdEc0JtV3JTKzgwR3o1NGN4YkhtNlNTQWtuQmlJNG9xRVFuQmNuQ3piY2IyNkFnNUFZWEFlRFExK2J3R29pSmEwVnRTcUN0NldIS2xXQm5kY21ETkF3Nk9uMGtqZUUzampPY0RpYkNCcGZYd0hkb3Bmc2ciLCJtYWMiOiI3NmRmYjM1MDJmMWYwNDRmMWIzYmJjZjJmNjgzZGE0YjEzZWNlNGYwZGIyNGY1YmM0ZTkxMmJhN2NjNGZjNjhjIiwidGFnIjoiIn0%3D; expires=Sat, 06 Dec 2025 17:03:03 GMT; Max-Age=7200; path=\\/; httponly; samesite=lax\"},\"response_status\":200,\"response\":{\"view\":\"\\/var\\/www\\/resources\\/views\\/app.blade.php\",\"data\":{\"page\":{\"component\":\"Welcome\",\"props\":{\"errors\":[],\"jetstream\":{\"canCreateTeams\":false,\"canManageTwoFactorAuthentication\":true,\"canUpdatePassword\":true,\"canUpdateProfileInformation\":true,\"hasEmailVerification\":true,\"flash\":[],\"hasAccountDeletionFeatures\":true,\"hasApiFeatures\":false,\"hasTeamFeatures\":false,\"hasTermsAndPrivacyPolicyFeature\":false,\"managesProfilePhotos\":false},\"auth\":{\"user\":null},\"errorBags\":[],\"flash\":{\"message\":null,\"error\":null},\"canLogin\":true,\"canRegister\":true,\"laravelVersion\":\"12.41.1\",\"phpVersion\":\"8.2.29\"},\"url\":\"\\/\",\"version\":\"\",\"clearHistory\":false,\"encryptHistory\":false}}},\"duration\":9517,\"memory\":2,\"hostname\":\"55e70d176bb3\"}, 2025-12-06 15:03:03, ?, request, a08762c9-5167-418e-bd78-d766f4581dd8)) at /var/www/vendor/laravel/framework/src/Illuminate/Database/Connection.php:826)
[stacktrace]
#0 /var/www/vendor/laravel/framework/src/Illuminate/Database/Connection.php(780): Illuminate\\Database\\Connection->runQueryCallback('insert into `te...', Array, Object(Closure))
#1 /var/www/vendor/laravel/framework/src/Illuminate/Database/MySqlConnection.php(42): Illuminate\\Database\\Connection->run('insert into `te...', Array, Object(Closure))
#2 /var/www/vendor/laravel/framework/src/Illuminate/Database/Query/Builder.php(3804): Illuminate\\Database\\MySqlConnection->insert('insert into `te...', Array)
#3 /var/www/vendor/laravel/telescope/src/Storage/DatabaseEntriesRepository.php(145): Illuminate\\Database\\Query\\Builder->insert(Array)
#4 /var/www/vendor/laravel/framework/src/Illuminate/Collections/Traits/EnumeratesValues.php(271): Laravel\\Telescope\\Storage\\DatabaseEntriesRepository->Laravel\\Telescope\\Storage\\{closure}(Object(Illuminate\\Support\\Collection), 0)
#5 /var/www/vendor/laravel/telescope/src/Storage/DatabaseEntriesRepository.php(144): Illuminate\\Support\\Collection->each(Object(Closure))
#6 /var/www/vendor/laravel/telescope/src/Telescope.php(664): Laravel\\Telescope\\Storage\\DatabaseEntriesRepository->store(Object(Illuminate\\Support\\Collection))
#7 [internal function]: Laravel\\Telescope\\Telescope::Laravel\\Telescope\\{closure}()
#8 /var/www/vendor/laravel/telescope/src/Telescope.php(289): call_user_func(Object(Closure))
#9 /var/www/vendor/laravel/telescope/src/Telescope.php(656): Laravel\\Telescope\\Telescope::withoutRecording(Object(Closure))
#10 /var/www/vendor/laravel/telescope/src/ListensForStorageOpportunities.php(65): Laravel\\Telescope\\Telescope::store(Object(Laravel\\Telescope\\Storage\\DatabaseEntriesRepository))
#11 /var/www/vendor/laravel/framework/src/Illuminate/Container/BoundMethod.php(36): Laravel\\Telescope\\Telescope::Laravel\\Telescope\\{closure}()
#12 /var/www/vendor/laravel/framework/src/Illuminate/Container/Util.php(43): Illuminate\\Container\\BoundMethod::Illuminate\\Container\\{closure}()
#13 /var/www/vendor/laravel/framework/src/Illuminate/Container/BoundMethod.php(84): Illuminate\\Container\\Util::unwrapIfClosure(Object(Closure))
#14 /var/www/vendor/laravel/framework/src/Illuminate/Container/BoundMethod.php(35): Illuminate\\Container\\BoundMethod::callBoundMethod(Object(Illuminate\\Foundation\\Application), Object(Closure), Object(Closure))
#15 /var/www/vendor/laravel/framework/src/Illuminate/Container/Container.php(807): Illuminate\\Container\\BoundMethod::call(Object(Illuminate\\Foundation\\Application), Object(Closure), Array, NULL)
#16 /var/www/vendor/laravel/framework/src/Illuminate/Foundation/Application.php(1466): Illuminate\\Container\\Container->call(Object(Closure))
#17 /var/www/vendor/laravel/framework/src/Illuminate/Foundation/Http/Kernel.php(217): Illuminate\\Foundation\\Application->terminate()
#18 /var/www/vendor/laravel/framework/src/Illuminate/Foundation/Application.php(1222): Illuminate\\Foundation\\Http\\Kernel->terminate(Object(Illuminate\\Http\\Request), Object(Illuminate\\Http\\Response))
#19 /var/www/public/index.php(14): Illuminate\\Foundation\\Application->handleRequest(Object(Illuminate\\Http\\Request))
#20 {main}

[previous exception] [object] (PDOException(code: 42S02): SQLSTATE[42S02]: Base table or view not found: 1146 Table 'laravel.telescope_entries' doesn't exist at /var/www/vendor/laravel/framework/src/Illuminate/Database/MySqlConnection.php:47)
[stacktrace]
#0 /var/www/vendor/laravel/framework/src/Illuminate/Database/MySqlConnection.php(47): PDO->prepare('insert into `te...')
#1 /var/www/vendor/laravel/framework/src/Illuminate/Database/Connection.php(813): Illuminate\\Database\\MySqlConnection->Illuminate\\Database\\{closure}('insert into `te...', Array)
#2 /var/www/vendor/laravel/framework/src/Illuminate/Database/Connection.php(780): Illuminate\\Database\\Connection->runQueryCallback('insert into `te...', Array, Object(Closure))
#3 /var/www/vendor/laravel/framework/src/Illuminate/Database/MySqlConnection.php(42): Illuminate\\Database\\Connection->run('insert into `te...', Array, Object(Closure))
#4 /var/www/vendor/laravel/framework/src/Illuminate/Database/Query/Builder.php(3804): Illuminate\\Database\\MySqlConnection->insert('insert into `te...', Array)
#5 /var/www/vendor/laravel/telescope/src/Storage/DatabaseEntriesRepository.php(145): Illuminate\\Database\\Query\\Builder->insert(Array)
#6 /var/www/vendor/laravel/framework/src/Illuminate/Collections/Traits/EnumeratesValues.php(271): Laravel\\Telescope\\Storage\\DatabaseEntriesRepository->Laravel\\Telescope\\Storage\\{closure}(Object(Illuminate\\Support\\Collection), 0)
#7 /var/www/vendor/laravel/telescope/src/Storage/DatabaseEntriesRepository.php(144): Illuminate\\Support\\Collection->each(Object(Closure))
#8 /var/www/vendor/laravel/telescope/src/Telescope.php(664): Laravel\\Telescope\\Storage\\DatabaseEntriesRepository->store(Object(Illuminate\\Support\\Collection))
#9 [internal function]: Laravel\\Telescope\\Telescope::Laravel\\Telescope\\{closure}()
#10 /var/www/vendor/laravel/telescope/src/Telescope.php(289): call_user_func(Object(Closure))
#11 /var/www/vendor/laravel/telescope/src/Telescope.php(656): Laravel\\Telescope\\Telescope::withoutRecording(Object(Closure))
#12 /var/www/vendor/laravel/telescope/src/ListensForStorageOpportunities.php(65): Laravel\\Telescope\\Telescope::store(Object(Laravel\\Telescope\\Storage\\DatabaseEntriesRepository))
#13 /var/www/vendor/laravel/framework/src/Illuminate/Container/BoundMethod.php(36): Laravel\\Telescope\\Telescope::Laravel\\Telescope\\{closure}()
#14 /var/www/vendor/laravel/framework/src/Illuminate/Container/Util.php(43): Illuminate\\Container\\BoundMethod::Illuminate\\Container\\{closure}()
#15 /var/www/vendor/laravel/framework/src/Illuminate/Container/BoundMethod.php(84): Illuminate\\Container\\Util::unwrapIfClosure(Object(Closure))
#16 /var/www/vendor/laravel/framework/src/Illuminate/Container/BoundMethod.php(35): Illuminate\\Container\\BoundMethod::callBoundMethod(Object(Illuminate\\Foundation\\Application), Object(Closure), Object(Closure))
#17 /var/www/vendor/laravel/framework/src/Illuminate/Container/Container.php(807): Illuminate\\Container\\BoundMethod::call(Object(Illuminate\\Foundation\\Application), Object(Closure), Array, NULL)
#18 /var/www/vendor/laravel/framework/src/Illuminate/Foundation/Application.php(1466): Illuminate\\Container\\Container->call(Object(Closure))
#19 /var/www/vendor/laravel/framework/src/Illuminate/Foundation/Http/Kernel.php(217): Illuminate\\Foundation\\Application->terminate()
#20 /var/www/vendor/laravel/framework/src/Illuminate/Foundation/Application.php(1222): Illuminate\\Foundation\\Http\\Kernel->terminate(Object(Illuminate\\Http\\Request), Object(Illuminate\\Http\\Response))
#21 /var/www/public/index.php(14): Illuminate\\Foundation\\Application->handleRequest(Object(Illuminate\\Http\\Request))
#22 {main}
"} 
[2025-12-06 15:03:07] local.ERROR: SQLSTATE[42S02]: Base table or view not found: 1146 Table 'laravel.telescope_entries' doesn't exist (Connection: mysql, SQL: insert into `telescope_entries` (`batch_id`, `content`, `created_at`, `family_hash`, `type`, `uuid`) values (a08762cd-c065-4b67-a522-d1810d29f3f5, {"name":"errors::404","path":"\/vendor\/laravel\/framework\/src\/Illuminate\/Foundation\/Exceptions\/views\/404.blade.php","data":["exception"],"hostname":"55e70d176bb3"}, 2025-12-06 15:03:06, ?, view, a08762cd-7053-49ae-bc30-1951aafe0b10), (a08762cd-c065-4b67-a522-d1810d29f3f5, {"name":"errors::minimal","path":"\/vendor\/laravel\/framework\/src\/Illuminate\/Foundation\/Exceptions\/views\/minimal.blade.php","data":["exception"],"hostname":"55e70d176bb3"}, 2025-12-06 15:03:06, ?, view, a08762cd-a07e-4dac-8dc6-90c5f1029e46), (a08762cd-c065-4b67-a522-d1810d29f3f5, {"ip_address":"172.21.0.1","uri":"\/.well-known\/appspecific\/com.chrome.devtools.json","method":"GET","controller_action":null,"middleware":[],"headers":{"cookie":"poptin_user_id=0.st60folkka8; _fbp=fb.0.1761826469481.74429153274069935; poptin_last_visit=2025-10-30; _ga=GA1.1.1902870840.1761826601; rl_anonymous_id=RudderEncrypt%3AU2FsdGVkX1%2FME%2BJPPMmc8AFMSDSacZ%2BL1BuE19fbMZbEVmqFIsCrmi926kXEtXomeEWTuFGEz6UOZ1ZXNacJGg%3D%3D; rl_page_init_referrer=RudderEncrypt%3AU2FsdGVkX19IdXNxk8v4OBkGYA%2FsvR6s5TPdPYZZrU0%3D; rl_page_init_referring_domain=RudderEncrypt%3AU2FsdGVkX18%2BsUiiR4QbJLRO0TMdH8J0x%2FjSVsjUDxE%3D; rl_session=RudderEncrypt%3AU2FsdGVkX19cr6R8p0bDyt%2F%2F%2FYjH4wXENdOQ6%2FTkSjAT1iJTgFSoHhQZdAI8GlNp2iwg2SUcH2uUU8Jr6u32Q5KCHR34lamBmD16uKh22hziLmq7fWyu2lOTyQ0rB1dHOriYlwqRgosQEQp6%2By4inA%3D%3D; XSRF-TOKEN=eyJpdiI6IlJNWlorbmREKzh3NnBoZzhIUGdCbHc9PSIsInZhbHVlIjoiZ3psMnJRZTVnbENTZ2g0YzlwNGNqODIxbEpQUDNwQkIyc0RpS0tCOW1nV0V0UmxjZDRpRG5IeU9NL3VGcHZKMWlQOE1vQTIxMFdWSGpOeTJqYWk0SUpsR0VGLzVUMlhMaFc4eUd1OHgvUjJiMXZKN1lCcXZLNkFoaC9HREtmSHkiLCJtYWMiOiIyYzg4OThhMDUxYmNlZjAxMjVmMWVjZWIxYmJlMDJkMjZkNDk5ZTdmN2VmYzc4ZWY2NGJjYzYxZjU0MDg2MWMyIiwidGFnIjoiIn0%3D; laravel_session=eyJpdiI6ImdYVUJOZ3ZkN21zdXNlc1R5Y2RvUmc9PSIsInZhbHVlIjoiV283cjJkQm1LSkc2UmdEc0JtV3JTKzgwR3o1NGN4YkhtNlNTQWtuQmlJNG9xRVFuQmNuQ3piY2IyNkFnNUFZWEFlRFExK2J3R29pSmEwVnRTcUN0NldIS2xXQm5kY21ETkF3Nk9uMGtqZUUzampPY0RpYkNCcGZYd0hkb3Bmc2ciLCJtYWMiOiI3NmRmYjM1MDJmMWYwNDRmMWIzYmJjZjJmNjgzZGE0YjEzZWNlNGYwZGIyNGY1YmM0ZTkxMmJhN2NjNGZjNjhjIiwidGFnIjoiIn0%3D","accept-language":"en-US,en;q=0.9","accept-encoding":"gzip, deflate, br, zstd","user-agent":"Mozilla\/5.0 (Windows NT 10.0; Win64; x64) AppleWebKit\/537.36 (KHTML, like Gecko) Chrome\/142.0.0.0 Safari\/537.36","sec-fetch-dest":"empty","sec-fetch-mode":"no-cors","sec-fetch-site":"same-origin","connection":"keep-alive","host":"localhost"},"payload":[],"session":[],"response_headers":{"cache-control":"no-cache, private","date":"Sat, 06 Dec 2025 15:03:06 GMT","content-type":"text\/html; charset=utf-8"},"response_status":404,"response":"HTML Response","duration":2818,"memory":2,"hostname":"55e70d176bb3"}, 2025-12-06 15:03:06, ?, request, a08762cd-a8a5-4a92-a213-2d75a970554d)) {"exception":"[object] (Illuminate\\Database\\QueryException(code: 42S02): SQLSTATE[42S02]: Base table or view not found: 1146 Table 'laravel.telescope_entries' doesn't exist (Connection: mysql, SQL: insert into `telescope_entries` (`batch_id`, `content`, `created_at`, `family_hash`, `type`, `uuid`) values (a08762cd-c065-4b67-a522-d1810d29f3f5, {\"name\":\"errors::404\",\"path\":\"\\/vendor\\/laravel\\/framework\\/src\\/Illuminate\\/Foundation\\/Exceptions\\/views\\/404.blade.php\",\"data\":[\"exception\"],\"hostname\":\"55e70d176bb3\"}, 2025-12-06 15:03:06, ?, view, a08762cd-7053-49ae-bc30-1951aafe0b10), (a08762cd-c065-4b67-a522-d1810d29f3f5, {\"name\":\"errors::minimal\",\"path\":\"\\/vendor\\/laravel\\/framework\\/src\\/Illuminate\\/Foundation\\/Exceptions\\/views\\/minimal.blade.php\",\"data\":[\"exception\"],\"hostname\":\"55e70d176bb3\"}, 2025-12-06 15:03:06, ?, view, a08762cd-a07e-4dac-8dc6-90c5f1029e46), (a08762cd-c065-4b67-a522-d1810d29f3f5, {\"ip_address\":\"172.21.0.1\",\"uri\":\"\\/.well-known\\/appspecific\\/com.chrome.devtools.json\",\"method\":\"GET\",\"controller_action\":null,\"middleware\":[],\"headers\":{\"cookie\":\"poptin_user_id=0.st60folkka8; _fbp=fb.0.1761826469481.74429153274069935; poptin_last_visit=2025-10-30; _ga=GA1.1.1902870840.1761826601; rl_anonymous_id=RudderEncrypt%3AU2FsdGVkX1%2FME%2BJPPMmc8AFMSDSacZ%2BL1BuE19fbMZbEVmqFIsCrmi926kXEtXomeEWTuFGEz6UOZ1ZXNacJGg%3D%3D; rl_page_init_referrer=RudderEncrypt%3AU2FsdGVkX19IdXNxk8v4OBkGYA%2FsvR6s5TPdPYZZrU0%3D; rl_page_init_referring_domain=RudderEncrypt%3AU2FsdGVkX18%2BsUiiR4QbJLRO0TMdH8J0x%2FjSVsjUDxE%3D; rl_session=RudderEncrypt%3AU2FsdGVkX19cr6R8p0bDyt%2F%2F%2FYjH4wXENdOQ6%2FTkSjAT1iJTgFSoHhQZdAI8GlNp2iwg2SUcH2uUU8Jr6u32Q5KCHR34lamBmD16uKh22hziLmq7fWyu2lOTyQ0rB1dHOriYlwqRgosQEQp6%2By4inA%3D%3D; XSRF-TOKEN=eyJpdiI6IlJNWlorbmREKzh3NnBoZzhIUGdCbHc9PSIsInZhbHVlIjoiZ3psMnJRZTVnbENTZ2g0YzlwNGNqODIxbEpQUDNwQkIyc0RpS0tCOW1nV0V0UmxjZDRpRG5IeU9NL3VGcHZKMWlQOE1vQTIxMFdWSGpOeTJqYWk0SUpsR0VGLzVUMlhMaFc4eUd1OHgvUjJiMXZKN1lCcXZLNkFoaC9HREtmSHkiLCJtYWMiOiIyYzg4OThhMDUxYmNlZjAxMjVmMWVjZWIxYmJlMDJkMjZkNDk5ZTdmN2VmYzc4ZWY2NGJjYzYxZjU0MDg2MWMyIiwidGFnIjoiIn0%3D; laravel_session=eyJpdiI6ImdYVUJOZ3ZkN21zdXNlc1R5Y2RvUmc9PSIsInZhbHVlIjoiV283cjJkQm1LSkc2UmdEc0JtV3JTKzgwR3o1NGN4YkhtNlNTQWtuQmlJNG9xRVFuQmNuQ3piY2IyNkFnNUFZWEFlRFExK2J3R29pSmEwVnRTcUN0NldIS2xXQm5kY21ETkF3Nk9uMGtqZUUzampPY0RpYkNCcGZYd0hkb3Bmc2ciLCJtYWMiOiI3NmRmYjM1MDJmMWYwNDRmMWIzYmJjZjJmNjgzZGE0YjEzZWNlNGYwZGIyNGY1YmM0ZTkxMmJhN2NjNGZjNjhjIiwidGFnIjoiIn0%3D\",\"accept-language\":\"en-US,en;q=0.9\",\"accept-encoding\":\"gzip, deflate, br, zstd\",\"user-agent\":\"Mozilla\\/5.0 (Windows NT 10.0; Win64; x64) AppleWebKit\\/537.36 (KHTML, like Gecko) Chrome\\/142.0.0.0 Safari\\/537.36\",\"sec-fetch-dest\":\"empty\",\"sec-fetch-mode\":\"no-cors\",\"sec-fetch-site\":\"same-origin\",\"connection\":\"keep-alive\",\"host\":\"localhost\"},\"payload\":[],\"session\":[],\"response_headers\":{\"cache-control\":\"no-cache, private\",\"date\":\"Sat, 06 Dec 2025 15:03:06 GMT\",\"content-type\":\"text\\/html; charset=utf-8\"},\"response_status\":404,\"response\":\"HTML Response\",\"duration\":2818,\"memory\":2,\"hostname\":\"55e70d176bb3\"}, 2025-12-06 15:03:06, ?, request, a08762cd-a8a5-4a92-a213-2d75a970554d)) at /var/www/vendor/laravel/framework/src/Illuminate/Database/Connection.php:826)
[stacktrace]
#0 /var/www/vendor/laravel/framework/src/Illuminate/Database/Connection.php(780): Illuminate\\Database\\Connection->runQueryCallback('insert into `te...', Array, Object(Closure))
#1 /var/www/vendor/laravel/framework/src/Illuminate/Database/MySqlConnection.php(42): Illuminate\\Database\\Connection->run('insert into `te...', Array, Object(Closure))
#2 /var/www/vendor/laravel/framework/src/Illuminate/Database/Query/Builder.php(3804): Illuminate\\Database\\MySqlConnection->insert('insert into `te...', Array)
#3 /var/www/vendor/laravel/telescope/src/Storage/DatabaseEntriesRepository.php(145): Illuminate\\Database\\Query\\Builder->insert(Array)
#4 /var/www/vendor/laravel/framework/src/Illuminate/Collections/Traits/EnumeratesValues.php(271): Laravel\\Telescope\\Storage\\DatabaseEntriesRepository->Laravel\\Telescope\\Storage\\{closure}(Object(Illuminate\\Support\\Collection), 0)
#5 /var/www/vendor/laravel/telescope/src/Storage/DatabaseEntriesRepository.php(144): Illuminate\\Support\\Collection->each(Object(Closure))
#6 /var/www/vendor/laravel/telescope/src/Telescope.php(664): Laravel\\Telescope\\Storage\\DatabaseEntriesRepository->store(Object(Illuminate\\Support\\Collection))
#7 [internal function]: Laravel\\Telescope\\Telescope::Laravel\\Telescope\\{closure}()
#8 /var/www/vendor/laravel/telescope/src/Telescope.php(289): call_user_func(Object(Closure))
#9 /var/www/vendor/laravel/telescope/src/Telescope.php(656): Laravel\\Telescope\\Telescope::withoutRecording(Object(Closure))
#10 /var/www/vendor/laravel/telescope/src/ListensForStorageOpportunities.php(65): Laravel\\Telescope\\Telescope::store(Object(Laravel\\Telescope\\Storage\\DatabaseEntriesRepository))
#11 /var/www/vendor/laravel/framework/src/Illuminate/Container/BoundMethod.php(36): Laravel\\Telescope\\Telescope::Laravel\\Telescope\\{closure}()
#12 /var/www/vendor/laravel/framework/src/Illuminate/Container/Util.php(43): Illuminate\\Container\\BoundMethod::Illuminate\\Container\\{closure}()
#13 /var/www/vendor/laravel/framework/src/Illuminate/Container/BoundMethod.php(84): Illuminate\\Container\\Util::unwrapIfClosure(Object(Closure))
#14 /var/www/vendor/laravel/framework/src/Illuminate/Container/BoundMethod.php(35): Illuminate\\Container\\BoundMethod::callBoundMethod(Object(Illuminate\\Foundation\\Application), Object(Closure), Object(Closure))
#15 /var/www/vendor/laravel/framework/src/Illuminate/Container/Container.php(807): Illuminate\\Container\\BoundMethod::call(Object(Illuminate\\Foundation\\Application), Object(Closure), Array, NULL)
#16 /var/www/vendor/laravel/framework/src/Illuminate/Foundation/Application.php(1466): Illuminate\\Container\\Container->call(Object(Closure))
#17 /var/www/vendor/laravel/framework/src/Illuminate/Foundation/Http/Kernel.php(217): Illuminate\\Foundation\\Application->terminate()
#18 /var/www/vendor/laravel/framework/src/Illuminate/Foundation/Application.php(1222): Illuminate\\Foundation\\Http\\Kernel->terminate(Object(Illuminate\\Http\\Request), Object(Illuminate\\Http\\Response))
#19 /var/www/public/index.php(14): Illuminate\\Foundation\\Application->handleRequest(Object(Illuminate\\Http\\Request))
#20 {main}

[previous exception] [object] (PDOException(code: 42S02): SQLSTATE[42S02]: Base table or view not found: 1146 Table 'laravel.telescope_entries' doesn't exist at /var/www/vendor/laravel/framework/src/Illuminate/Database/MySqlConnection.php:47)
[stacktrace]
#0 /var/www/vendor/laravel/framework/src/Illuminate/Database/MySqlConnection.php(47): PDO->prepare('insert into `te...')
#1 /var/www/vendor/laravel/framework/src/Illuminate/Database/Connection.php(813): Illuminate\\Database\\MySqlConnection->Illuminate\\Database\\{closure}('insert into `te...', Array)
#2 /var/www/vendor/laravel/framework/src/Illuminate/Database/Connection.php(780): Illuminate\\Database\\Connection->runQueryCallback('insert into `te...', Array, Object(Closure))
#3 /var/www/vendor/laravel/framework/src/Illuminate/Database/MySqlConnection.php(42): Illuminate\\Database\\Connection->run('insert into `te...', Array, Object(Closure))
#4 /var/www/vendor/laravel/framework/src/Illuminate/Database/Query/Builder.php(3804): Illuminate\\Database\\MySqlConnection->insert('insert into `te...', Array)
#5 /var/www/vendor/laravel/telescope/src/Storage/DatabaseEntriesRepository.php(145): Illuminate\\Database\\Query\\Builder->insert(Array)
#6 /var/www/vendor/laravel/framework/src/Illuminate/Collections/Traits/EnumeratesValues.php(271): Laravel\\Telescope\\Storage\\DatabaseEntriesRepository->Laravel\\Telescope\\Storage\\{closure}(Object(Illuminate\\Support\\Collection), 0)
#7 /var/www/vendor/laravel/telescope/src/Storage/DatabaseEntriesRepository.php(144): Illuminate\\Support\\Collection->each(Object(Closure))
#8 /var/www/vendor/laravel/telescope/src/Telescope.php(664): Laravel\\Telescope\\Storage\\DatabaseEntriesRepository->store(Object(Illuminate\\Support\\Collection))
#9 [internal function]: Laravel\\Telescope\\Telescope::Laravel\\Telescope\\{closure}()
#10 /var/www/vendor/laravel/telescope/src/Telescope.php(289): call_user_func(Object(Closure))
#11 /var/www/vendor/laravel/telescope/src/Telescope.php(656): Laravel\\Telescope\\Telescope::withoutRecording(Object(Closure))
#12 /var/www/vendor/laravel/telescope/src/ListensForStorageOpportunities.php(65): Laravel\\Telescope\\Telescope::store(Object(Laravel\\Telescope\\Storage\\DatabaseEntriesRepository))
#13 /var/www/vendor/laravel/framework/src/Illuminate/Container/BoundMethod.php(36): Laravel\\Telescope\\Telescope::Laravel\\Telescope\\{closure}()
#14 /var/www/vendor/laravel/framework/src/Illuminate/Container/Util.php(43): Illuminate\\Container\\BoundMethod::Illuminate\\Container\\{closure}()
#15 /var/www/vendor/laravel/framework/src/Illuminate/Container/BoundMethod.php(84): Illuminate\\Container\\Util::unwrapIfClosure(Object(Closure))
#16 /var/www/vendor/laravel/framework/src/Illuminate/Container/BoundMethod.php(35): Illuminate\\Container\\BoundMethod::callBoundMethod(Object(Illuminate\\Foundation\\Application), Object(Closure), Object(Closure))
#17 /var/www/vendor/laravel/framework/src/Illuminate/Container/Container.php(807): Illuminate\\Container\\BoundMethod::call(Object(Illuminate\\Foundation\\Application), Object(Closure), Array, NULL)
#18 /var/www/vendor/laravel/framework/src/Illuminate/Foundation/Application.php(1466): Illuminate\\Container\\Container->call(Object(Closure))
#19 /var/www/vendor/laravel/framework/src/Illuminate/Foundation/Http/Kernel.php(217): Illuminate\\Foundation\\Application->terminate()
#20 /var/www/vendor/laravel/framework/src/Illuminate/Foundation/Application.php(1222): Illuminate\\Foundation\\Http\\Kernel->terminate(Object(Illuminate\\Http\\Request), Object(Illuminate\\Http\\Response))
#21 /var/www/public/index.php(14): Illuminate\\Foundation\\Application->handleRequest(Object(Illuminate\\Http\\Request))
#22 {main}
"} 
